MONTH_YEAR / STATION;1043001.00;1043003;1043004;1043006;1043007;1043009;1043010;1043012;1044001;1044003;1044004;1044005;1044006;1044007;1044008;1044009;1045000;1045001;1045002;1045005;1045006;1045007;1045008;1045012;1045013;1045014;1046001;1046002;1046003;1046004;1046005;1046006;1046008;1046009;1046010;1142008;1143000;1143001;1143002;1143003;1143004;1143005;1143006;1143007;1143008;1143009;1143010;1143011;1143012;1143013;1143014;1143016;1143017;1143020;1143021;1143022;1143023;1143024;1143025;1143026;1143027;1143028;1144000;1144002;1144003;1144004;1144005;1144006;1144007;1144008;1144009;1144010;1144011;1144012;1144013;1144014;1144015;1144016;1144017;1144018;1144019;1144020;1144021;1144022;1144023;1144024;1144025;1144026;1144027;1145000;1145001;1145002;1145003;1145004;1145005;1145006;1145007;1145008;1145009;1145010;1145011;1145012;1145013;1145014;1145015;1145016;1145017;1145018;1145019;1145020;1145021;1145022;1145023;1145024;1145025;1145026;1145027;1145028;1145029;1145030;1145031;1145032;1145033;1146000;1146001;1146002;1146003;1146004;1146005;1146006;1146007;1146008;1146009;1146010;1146011;1146012;1146013;1146014;1146015;1146016;1146017;1146018;1146020;1146021;1146022;1146025;1146026;1146027;1146028;1146029;1243000;1243001;1243002;1243008;1243010;1243012;1243013;1243018;1243019;1243020;1244000;1244001;1244002;1244003;1244004;1244005;1244006;1244007;1244008;1244009;1244010;1244011;1244012;1244013;1244014;1244015;1244016;1244017;1244018;1244019;1244020;1244021;1244022;1244023;1244024;1244025;1244026;1244027;1245000;1245001;1245002;1245003;1245004;1245005;1245006;1245007;1245009;1245010;1245011;1245012;1245014;1245015;1245016;1245017;1245018;1245019;1245020;1245021;1245022;1245023;1245024;1245025;1245026;1245027;1245028;1245029;1245030;1245031;1245032;1245033;1245034;1245035;1245036;1245037;1245038;1245039;1245040;1245041;1245042;1245043;1245044;1245045;1245046;1245047;1245048;1245049;1245050;1245051;1245052;1245053;1245054;1245055;1245056;1245057;1245058;1245059;1245060;1245061;1245062;1245063;1246000;1246001;1246002;1246003;1246004;1246005;1246006;1246007;1246008;1246009;1246010;1246011;1246012;1246013;1246014;1246015;1246016;1246017;1246018;1246019;1246020;1246021;1246022;1246023;1343002;1343012;1343017;1344003;1344005;1344008;1344025;1344030;1345002;1345005;1345012;1345016;1345017;1345018;1345019;1346004;1346007;1346010;1346014;1346017;1346018;;;;;
1_1980;100.00;100;0;100;100;100;0;0;100;100;100;0;100;100;0;0;100;100;100;100;0;0;0;0;0;0;0;0;0;0;0;0;0;0;0;100;0;100;100;0;0;100;0;0;100;100;100;0;100;100;100;0;0;0;0;0;0;0;0;0;0;0;0;100;100;0;100;0;100;100;0;100;100;100;100;100;0;0;0;0;0;0;0;0;0;0;0;0;0;0;100;100;100;100;0;100;0;0;0;0;0;100;100;100;100;0;0;0;0;0;0;0;0;0;0;0;0;0;0;0;0;0;0;100;0;0;0;0;0;0;0;0;0;0;0;0;0;0;0;0;0;0;0;0;0;0;0;0;0;0;100;0;100;100;100;100;100;0;0;0;100;100;100;100;100;0;100;100;100;100;100;100;0;100;0;0;100;0;100;100;0;0;0;0;0;0;0;0;0;100;0;0;100;100;0;100;100;0;0;0;0;0;0;0;0;0;0;0;0;0;0;0;0;0;0;0;0;0;0;0;0;0;0;0;0;0;0;0;0;0;0;0;0;0;0;0;0;0;0;0;0;0;0;0;0;0;0;0;0;0;100;100;0;100;0;0;0;0;0;0;0;0;0;0;0;0;0;0;0;0;0;0;0;0;100;0;100;100;0;100;0;0;0;0;0;0;0;0;0;100;0;0;0;0;0;;;;Media;0
2_1980;100.00;100;0;100;100;100;0;0;100;100;100;0;100;100;0;0;100;100;100;100;0;0;0;0;0;0;0;0;0;0;0;0;0;0;0;100;0;100;100;0;0;100;0;0;100;100;100;0;100;100;100;0;0;0;0;0;0;0;0;0;0;0;0;100;100;0;100;0;100;100;0;100;100;100;100;100;0;0;0;0;0;0;0;0;0;0;0;0;0;0;100;100;100;100;0;100;0;0;0;0;0;100;100;100;100;0;0;0;0;0;0;0;0;0;0;0;0;0;0;0;0;0;0;100;0;0;0;0;0;0;0;0;0;0;0;0;0;0;0;0;0;0;0;0;0;0;0;0;0;0;100;0;100;100;100;100;100;0;0;0;100;100;100;100;100;0;100;100;100;100;100;100;0;100;0;0;100;0;100;100;0;0;0;0;0;0;0;0;0;100;0;0;100;100;0;100;100;0;0;0;0;0;0;0;0;0;0;0;0;0;0;0;0;0;0;0;0;0;0;0;0;0;0;0;0;0;0;0;0;0;0;0;0;0;0;0;0;0;0;0;0;0;0;0;0;0;0;0;0;0;100;100;0;100;0;0;0;0;0;0;0;0;0;0;0;0;0;0;0;0;0;0;0;0;100;0;100;100;0;100;0;0;0;0;0;0;0;0;0;100;0;0;0;0;0;;;;;#NOME?
3_1980;100.00;100;0;100;100;100;0;0;100;100;100;0;100;100;0;0;100;100;100;100;0;0;0;0;0;0;0;0;0;0;0;0;0;0;0;100;0;100;100;0;0;100;0;0;100;100;100;0;100;100;100;0;0;0;0;0;0;0;0;0;0;0;0;100;100;0;100;0;100;100;0;100;100;100;100;100;0;0;0;0;0;0;0;0;0;0;0;0;0;0;100;100;100;100;0;100;0;0;0;0;0;100;100;100;100;0;0;0;0;0;0;0;0;0;0;0;0;0;0;0;0;0;0;100;0;0;0;0;0;0;0;0;0;0;0;0;0;0;0;0;0;0;0;0;0;0;0;0;0;0;100;0;100;100;100;100;100;0;0;0;100;100;100;100;100;0;100;100;100;100;100;100;0;100;0;0;100;0;100;100;0;0;0;0;0;0;0;0;0;100;0;0;100;100;0;100;100;0;0;0;0;0;0;0;0;0;0;0;0;0;0;0;0;0;0;0;0;0;0;0;0;0;0;0;0;0;0;0;0;0;0;0;0;0;0;0;0;0;0;0;0;0;0;0;0;0;0;0;0;0;100;100;0;100;0;0;0;0;0;0;0;0;0;0;0;0;0;0;0;0;0;0;0;0;100;0;100;100;0;100;0;0;0;0;0;0;0;0;0;100;0;0;0;0;0;;;;;
4_1980;100.00;100;0;100;100;100;0;0;100;100;100;0;100;100;0;0;100;100;100;100;0;0;0;0;0;0;0;0;0;0;0;0;0;0;0;100;0;100;100;0;0;100;0;0;100;100;100;0;100;100;100;0;0;0;0;0;0;0;0;0;0;0;0;100;100;0;100;0;100;100;0;100;100;100;100;100;0;0;0;0;0;0;0;0;0;0;0;0;0;0;100;100;100;100;0;100;0;0;0;0;0;100;100;100;100;0;0;0;0;0;0;0;0;0;0;0;0;0;0;0;0;0;0;100;0;0;0;0;0;0;0;0;0;0;0;0;0;0;0;0;0;0;0;0;0;0;0;0;0;0;100;0;100;100;100;100;100;0;0;0;100;100;100;100;100;0;100;100;100;100;100;100;0;100;0;0;100;0;100;100;0;0;0;0;0;0;0;0;0;100;0;0;100;100;0;100;100;0;0;0;0;0;0;0;0;0;0;0;0;0;0;0;0;0;0;0;0;0;0;0;0;0;0;0;0;0;0;0;0;0;0;0;0;0;0;0;0;0;0;0;0;0;0;0;0;0;0;0;0;0;100;100;0;100;0;0;0;0;0;0;0;0;0;0;0;0;0;0;0;0;0;0;0;0;100;0;100;100;0;100;0;0;0;0;0;0;0;0;0;100;0;0;0;0;0;;;;;
5_1980;100.00;100;0;100;100;100;0;0;100;100;100;0;100;100;0;0;100;100;100;100;0;0;0;0;0;0;0;0;0;0;0;0;0;0;0;100;0;100;100;0;0;100;0;0;100;100;100;0;100;100;100;0;0;0;0;0;0;0;0;0;0;0;0;100;100;0;100;0;100;100;0;100;100;100;100;100;0;0;0;0;0;0;0;0;0;0;0;0;0;0;100;100;100;100;0;100;0;0;0;0;0;100;100;100;100;0;0;0;0;0;0;0;0;0;0;0;0;0;0;0;0;0;0;100;0;0;0;0;0;0;0;0;0;0;0;0;0;0;0;0;0;0;0;0;0;0;0;0;0;0;100;0;100;100;100;100;100;0;0;0;100;100;100;100;100;0;100;100;100;100;100;100;0;100;0;0;100;0;100;100;0;0;0;0;0;0;0;0;0;100;0;0;100;100;0;100;100;0;0;0;0;0;0;0;0;0;0;0;0;0;0;0;0;0;0;0;0;0;0;0;0;0;0;0;0;0;0;0;0;0;0;0;0;0;0;0;0;0;0;0;0;0;0;0;0;0;0;0;0;0;100;100;0;100;0;0;0;0;0;0;0;0;0;0;0;0;0;0;0;0;0;0;0;0;100;0;100;100;0;100;0;0;0;0;0;0;0;0;0;100;0;0;0;0;0;;;;;
6_1980;100.00;100;0;100;100;100;0;0;100;100;100;0;100;100;0;0;100;100;100;100;0;0;0;0;0;0;0;0;0;0;0;0;0;0;0;100;0;100;100;0;0;100;0;0;100;100;100;0;100;100;100;0;0;0;0;0;0;0;0;0;0;0;0;100;100;0;100;0;100;100;0;100;100;100;100;100;0;0;0;0;0;0;0;0;0;0;0;0;0;0;100;100;100;100;0;100;0;0;0;0;0;100;100;100;100;0;0;0;0;0;0;0;0;0;0;0;0;0;0;0;0;0;0;100;0;0;0;0;0;0;0;0;0;0;0;0;0;0;0;0;0;0;0;0;0;0;0;0;0;0;100;0;100;100;100;100;100;0;0;0;100;100;100;100;100;0;100;100;100;100;100;100;0;100;0;0;100;0;100;100;0;0;0;0;0;0;0;0;0;100;0;0;100;100;0;100;100;0;0;0;0;0;0;0;0;0;0;0;0;0;0;0;0;0;0;0;0;0;0;0;0;0;0;0;0;0;0;0;0;0;0;0;0;0;0;0;0;0;0;0;0;0;0;0;0;0;0;0;0;0;100;100;0;100;0;0;0;0;0;0;0;0;0;0;0;0;0;0;0;0;0;0;0;0;100;0;100;100;0;100;0;0;0;0;0;0;0;0;0;100;0;0;0;0;0;;;;;
7_1980;100.00;100;0;100;100;100;0;0;100;100;100;0;100;100;0;0;100;100;100;100;0;0;0;0;0;0;0;0;0;0;0;0;0;0;0;100;0;100;100;0;0;100;0;0;100;100;100;0;100;100;100;0;0;0;0;0;0;0;0;0;0;0;0;100;100;0;100;0;100;100;0;100;100;100;100;100;0;0;0;0;0;0;0;0;0;0;0;0;0;0;100;100;100;100;0;100;0;0;0;0;0;100;100;100;100;0;0;0;0;0;0;0;0;0;0;0;0;0;0;0;0;0;0;100;0;0;0;0;0;0;0;0;0;0;0;0;0;0;0;0;0;0;0;0;0;0;0;0;0;0;100;0;100;100;100;100;100;0;0;0;100;100;100;100;100;0;100;100;100;100;100;100;0;100;0;0;100;0;100;100;0;0;0;0;0;0;0;0;0;100;0;0;100;100;0;100;100;0;0;0;0;0;0;0;0;0;0;0;0;0;0;0;0;0;0;0;0;0;0;0;0;0;0;0;0;0;0;0;0;0;0;0;0;0;0;0;0;0;0;0;0;0;0;0;0;0;0;0;0;0;100;100;0;100;0;0;0;0;0;0;0;0;0;0;0;0;0;0;0;0;0;0;0;0;100;0;100;100;0;100;0;0;0;0;0;0;0;0;0;100;0;0;0;0;0;;;;;
8_1980;100.00;100;0;100;100;100;0;0;100;100;100;0;100;100;0;0;100;100;100;100;0;0;0;0;0;0;0;0;0;0;0;0;0;0;0;100;0;100;100;0;0;100;0;0;100;100;100;0;100;100;100;0;0;0;0;0;0;0;0;0;0;0;0;100;100;0;100;0;100;100;0;100;100;100;100;100;0;0;0;0;0;0;0;0;0;0;0;0;0;0;100;100;100;100;0;100;0;0;0;0;0;100;100;100;100;0;0;0;0;0;0;0;0;0;0;0;0;0;0;0;0;0;0;100;0;0;0;0;0;0;0;0;0;0;0;0;0;0;0;0;0;0;0;0;0;0;0;0;0;0;100;0;100;100;100;100;100;0;0;0;100;100;100;100;100;0;100;100;100;100;100;100;0;100;0;0;100;0;100;100;0;0;0;0;0;0;0;0;0;100;0;0;100;100;0;100;100;0;0;0;0;0;0;0;0;0;0;0;0;0;0;0;0;0;0;0;0;0;0;0;0;0;0;0;0;0;0;0;0;0;0;0;0;0;0;0;0;0;0;0;0;0;0;0;0;0;0;0;0;0;100;100;0;100;0;0;0;0;0;0;0;0;0;0;0;0;0;0;0;0;0;0;0;0;100;0;100;100;0;100;0;0;0;0;0;0;0;0;0;100;0;0;0;0;0;;;;;
9_1980;100.00;100;0;100;100;100;0;0;100;100;100;0;100;100;0;0;100;100;100;100;0;0;0;0;0;0;0;0;0;0;0;0;0;0;0;100;0;100;100;0;0;100;0;0;100;100;100;0;100;100;100;0;0;0;0;0;0;0;0;0;0;0;0;100;100;0;100;0;100;100;0;100;100;100;100;100;0;0;0;0;0;0;0;0;0;0;0;0;0;0;100;100;100;100;0;100;0;0;0;0;0;100;100;100;100;0;0;0;0;0;0;0;0;0;0;0;0;0;0;0;0;0;0;100;0;0;0;0;0;0;0;0;0;0;0;0;0;0;0;0;0;0;0;0;0;0;0;0;0;0;100;0;100;100;100;100;100;0;0;0;100;100;100;100;100;0;100;100;100;100;100;100;0;100;0;0;100;0;100;100;0;0;0;0;0;0;0;0;0;100;0;0;100;100;0;100;100;0;0;0;0;0;0;0;0;0;0;0;0;0;0;0;0;0;0;0;0;0;0;0;0;0;0;0;0;0;0;0;0;0;0;0;0;0;0;0;0;0;0;0;0;0;0;0;0;0;0;0;0;0;100;100;0;100;0;0;0;0;0;0;0;0;0;0;0;0;0;0;0;0;0;0;0;0;100;0;100;100;0;100;0;0;0;0;0;0;0;0;0;100;0;0;0;0;0;;;;;
10_1980;100.00;100;0;100;100;100;0;0;100;100;100;0;100;100;0;0;100;100;100;100;0;0;0;0;0;0;0;0;0;0;0;0;0;0;0;100;0;100;100;0;0;100;0;0;100;100;100;0;100;100;100;0;0;0;0;0;0;0;0;0;0;0;0;100;100;0;100;0;100;100;0;100;100;100;100;100;0;0;0;0;0;0;0;0;0;0;0;0;0;0;100;0;100;100;0;100;0;0;0;0;0;100;100;100;100;0;0;0;0;0;0;0;0;0;0;0;0;0;0;0;0;0;0;100;0;0;0;0;0;0;0;0;0;0;0;0;0;0;0;0;0;0;0;0;0;0;0;0;0;0;100;0;100;100;100;100;100;0;0;0;100;100;100;100;100;0;100;100;100;100;100;100;0;100;0;0;100;0;100;100;0;0;0;0;0;0;0;0;0;100;0;0;100;100;0;100;100;0;0;0;0;0;0;0;0;0;0;0;0;0;0;0;0;0;0;0;0;0;0;0;0;0;0;0;0;0;0;0;0;0;0;0;0;0;0;0;0;0;0;0;0;0;0;0;0;0;0;0;0;0;100;100;0;100;0;0;0;0;0;0;0;0;0;0;0;0;0;0;0;0;0;0;0;0;100;0;100;100;0;100;0;0;0;0;0;0;0;0;0;100;0;0;0;0;0;;;;;
11_1980;100.00;100;0;100;100;100;0;0;100;100;100;0;100;100;0;0;100;100;100;100;0;0;0;0;0;0;0;0;0;0;0;0;0;0;0;100;0;100;100;0;0;100;0;0;100;100;100;0;100;100;100;0;0;0;0;0;0;0;0;0;0;0;0;100;100;0;100;0;100;100;0;100;100;100;100;100;0;0;0;0;0;0;0;0;0;0;0;0;0;0;100;100;100;100;0;100;0;0;0;0;0;100;100;100;100;0;0;0;0;0;0;0;0;0;0;0;0;0;0;0;0;0;0;100;0;0;0;0;0;0;0;0;0;0;0;0;0;0;0;0;0;0;0;0;0;0;0;0;0;0;100;0;100;100;100;100;100;0;0;0;100;100;100;100;100;0;100;100;100;100;100;100;0;100;0;0;100;0;100;100;0;0;0;0;0;0;0;0;0;100;0;0;100;100;0;100;100;0;0;0;0;0;0;0;0;0;0;0;0;0;0;0;0;0;0;0;0;0;0;0;0;0;0;0;0;0;0;0;0;0;0;0;0;0;0;0;0;0;0;0;0;0;0;0;0;0;0;0;0;0;100;100;0;100;0;0;0;0;0;0;0;0;0;0;0;0;0;0;0;0;0;0;0;0;100;0;100;100;0;100;0;0;0;0;0;0;0;0;0;100;0;0;0;0;0;;;;;
12_1980;100.00;100;0;100;100;100;0;0;100;100;100;0;100;100;0;0;100;100;100;100;0;0;0;0;0;0;0;0;0;0;0;0;0;0;0;100;0;100;100;0;0;100;0;0;100;100;100;0;100;100;100;0;0;0;0;0;0;0;0;0;0;0;0;100;100;0;100;0;100;100;0;100;100;100;100;100;0;0;0;0;0;0;0;0;0;0;0;0;0;0;100;100;100;100;0;100;0;0;0;0;0;100;100;100;100;0;0;0;0;0;0;0;0;0;0;0;0;0;0;0;0;0;0;100;0;0;0;0;0;0;0;0;0;0;0;0;0;0;0;0;0;0;0;0;0;0;0;0;0;0;100;0;100;100;100;100;100;0;0;0;100;100;100;100;100;0;100;100;100;100;100;100;0;100;0;0;100;0;100;100;0;0;0;0;0;0;0;0;0;100;0;0;100;100;0;100;100;0;0;0;0;0;0;0;0;0;0;0;0;0;0;0;0;0;0;0;0;0;0;0;0;0;0;0;0;0;0;0;0;0;0;0;0;0;0;0;0;0;0;0;0;0;0;0;0;0;0;0;0;0;100;100;0;100;0;0;0;0;0;0;0;0;0;0;0;0;0;0;0;0;0;0;0;0;100;0;100;100;0;100;0;0;0;0;0;0;0;0;0;100;0;0;0;0;0;;;;;
1_1981;100.00;100;0;100;100;100;0;0;100;100;100;0;100;100;0;0;100;100;100;100;0;0;0;0;0;0;0;0;0;0;0;0;0;0;0;100;0;100;100;0;0;0;0;0;100;100;100;0;100;100;100;0;0;0;0;0;0;0;0;0;0;0;0;100;100;0;100;0;100;0;0;100;100;100;100;100;0;0;0;0;0;0;0;0;0;0;0;0;0;0;100;100;100;100;0;0;0;0;0;0;0;100;100;100;100;0;0;0;0;0;0;0;0;0;0;0;0;0;0;0;0;0;0;100;0;0;0;0;0;0;0;0;0;0;0;0;0;0;0;0;0;0;0;0;0;0;0;0;0;0;100;0;100;100;0;100;100;0;0;0;100;100;100;100;100;0;100;100;100;100;0;100;0;100;0;0;100;0;100;100;0;0;0;0;0;0;0;0;0;100;0;0;100;100;0;100;100;0;0;0;0;0;0;0;0;0;0;0;0;0;0;0;0;0;0;0;0;0;0;0;0;0;0;0;0;0;0;0;0;0;0;0;0;0;0;0;0;0;0;0;0;0;0;0;0;0;0;0;0;0;100;100;0;100;0;0;0;0;0;0;0;0;0;0;0;0;0;0;0;0;0;0;0;0;100;0;100;100;0;100;0;0;0;0;0;0;0;0;0;100;0;0;0;0;0;;;;;
2_1981;100.00;100;0;100;100;100;0;0;100;100;100;0;100;100;0;0;100;100;100;100;0;0;0;0;0;0;0;0;0;0;0;0;0;0;0;100;0;100;100;0;0;0;0;0;100;100;100;0;100;100;100;0;0;0;0;0;0;0;0;0;0;0;0;100;100;0;100;0;100;0;0;100;100;100;100;100;0;0;0;0;0;0;0;0;0;0;0;0;0;0;100;100;100;100;0;100;0;0;0;0;0;100;100;100;100;0;0;0;0;0;0;0;0;0;0;0;0;0;0;0;0;0;0;100;0;0;0;0;0;0;0;0;0;0;0;0;0;0;0;0;0;0;0;0;0;0;0;0;0;0;100;0;100;100;0;100;100;0;0;0;100;100;100;100;100;0;100;100;100;100;0;100;0;100;0;0;0;0;100;100;0;0;0;0;0;0;0;0;0;100;0;0;100;100;0;100;100;0;0;0;0;0;0;0;0;0;0;0;0;0;0;0;0;0;0;0;0;0;0;0;0;0;0;0;0;0;0;0;0;0;0;0;0;0;0;0;0;0;0;0;0;0;0;0;0;0;0;0;0;0;100;100;0;100;0;0;0;0;0;0;0;0;0;0;0;0;0;0;0;0;0;0;0;0;100;0;100;100;0;100;0;0;0;0;0;0;0;0;0;100;0;0;0;0;0;;;;;
3_1981;100.00;0;0;100;100;100;0;0;100;100;100;0;100;100;0;0;100;100;100;100;0;0;0;0;0;0;0;0;0;0;0;0;0;0;0;100;0;100;100;0;0;0;0;0;100;100;100;0;100;100;100;0;0;0;0;0;0;0;0;0;0;0;0;100;100;0;100;0;100;0;0;100;100;100;100;100;0;0;0;0;0;0;0;0;0;0;0;0;0;0;100;100;100;100;0;100;0;0;0;0;0;100;100;100;100;0;0;0;0;0;0;0;0;0;0;0;0;0;0;0;0;0;0;100;0;0;0;0;0;0;0;0;0;0;0;0;0;0;0;0;0;0;0;0;0;0;0;0;0;0;100;0;100;100;0;100;100;0;0;0;100;100;100;100;100;0;100;100;100;100;0;100;0;100;0;0;100;0;100;100;0;0;0;0;0;0;0;0;0;100;0;0;100;100;0;100;100;0;0;0;0;0;0;0;0;0;0;0;0;0;0;0;0;0;0;0;0;0;0;0;0;0;0;0;0;0;0;0;0;0;0;0;0;0;0;0;0;0;0;0;0;0;0;0;0;0;0;0;0;0;100;100;0;100;0;0;0;0;0;0;0;0;0;0;0;0;0;0;0;0;0;0;0;0;100;0;100;100;0;100;0;0;0;0;0;0;0;0;0;100;0;0;0;0;0;;;;;
4_1981;100.00;100;0;100;100;100;0;0;0;100;100;0;100;100;0;0;100;100;100;100;0;0;0;0;0;0;0;0;0;0;0;0;0;0;0;100;0;100;100;0;0;0;0;0;100;100;100;0;100;0;100;0;0;0;0;0;0;0;0;0;0;0;0;100;0;0;100;0;100;0;0;100;100;100;100;100;0;0;0;0;0;0;0;0;0;0;0;0;0;0;100;100;100;100;0;100;0;0;0;0;0;100;100;100;0;0;0;0;0;0;0;0;0;0;0;0;0;0;0;0;0;0;0;100;0;0;0;0;0;0;0;0;0;0;0;0;0;0;0;0;0;0;0;0;0;0;0;0;0;0;100;0;100;0;100;0;100;0;0;0;100;100;100;100;100;0;100;100;100;100;0;100;0;100;0;0;100;0;100;100;0;0;0;0;0;0;0;0;0;100;0;0;100;100;0;100;100;0;0;0;0;0;0;0;0;0;0;0;0;0;0;0;0;0;0;0;0;0;0;0;0;0;0;0;0;0;0;0;0;0;0;0;0;0;0;0;0;0;0;0;0;0;0;0;0;0;0;0;0;0;100;100;0;100;0;0;0;0;0;0;0;0;0;0;0;0;0;0;0;0;0;0;0;0;100;0;100;100;0;100;0;0;0;0;0;0;0;0;0;100;0;0;0;0;0;;;;;
5_1981;100.00;100;0;100;100;100;0;0;100;100;100;0;100;100;0;0;100;100;100;100;0;0;0;0;0;0;0;0;0;0;0;0;0;0;0;100;0;100;100;0;0;0;0;0;100;100;100;0;100;100;100;0;0;0;0;0;0;0;0;0;0;0;0;100;100;0;100;0;100;0;0;100;100;100;100;100;0;0;0;0;0;0;0;0;0;0;0;0;0;0;100;100;100;100;0;100;0;0;0;0;0;100;100;100;100;0;0;0;0;0;0;0;0;0;0;0;0;0;0;0;0;0;0;100;0;0;0;0;0;0;0;0;0;0;0;0;0;0;0;0;0;0;0;0;0;0;0;0;0;0;100;0;100;100;100;0;100;0;0;0;100;100;100;100;100;0;100;100;100;100;0;100;0;100;0;0;100;0;100;100;0;0;0;0;0;0;0;0;0;100;0;0;100;100;0;100;100;0;0;0;0;0;0;0;0;0;0;0;0;0;0;0;0;0;0;0;0;0;0;0;0;0;0;0;0;0;0;0;0;0;0;0;0;0;0;0;0;0;0;0;0;0;0;0;0;0;0;0;0;0;100;100;0;100;0;0;0;0;0;0;0;0;0;0;0;0;0;0;0;0;0;0;0;0;100;0;100;100;0;100;0;0;0;0;0;0;0;0;0;100;0;0;0;0;0;;;;;
6_1981;100.00;100;0;100;100;100;0;0;100;100;100;0;100;100;0;0;100;100;100;100;0;0;0;0;0;0;0;0;0;0;0;0;0;0;0;100;0;100;100;0;0;0;0;0;100;100;100;0;100;100;100;0;0;0;0;0;0;0;0;0;0;0;0;100;0;0;100;0;100;0;0;100;100;100;100;100;0;0;0;0;0;0;0;0;0;0;0;0;0;0;100;100;100;100;0;100;0;0;0;0;0;100;100;100;100;0;0;0;0;0;0;0;0;0;0;0;0;0;0;0;0;0;0;100;0;0;0;0;0;0;0;0;0;0;0;0;0;0;0;0;0;0;0;0;0;0;0;0;0;0;100;0;100;100;100;0;100;0;0;0;100;100;100;100;100;0;100;100;100;100;0;100;0;100;0;0;100;0;100;100;0;0;0;0;0;0;0;0;0;0;0;0;100;100;0;100;100;0;0;0;0;0;0;0;0;0;0;0;0;0;0;0;0;0;0;0;0;0;0;0;0;0;0;0;0;0;0;0;0;0;0;0;0;0;0;0;0;0;0;0;0;0;0;0;0;0;0;0;0;0;100;100;0;100;0;0;0;0;0;0;0;0;0;0;0;0;0;0;0;0;0;0;0;0;100;0;100;100;0;100;0;0;0;0;0;0;0;0;0;100;30;0;0;0;0;;;;;
7_1981;100.00;100;0;100;100;100;0;0;100;100;100;0;100;100;0;0;100;100;100;100;0;0;0;0;0;0;0;0;0;0;0;0;0;0;0;100;0;100;100;0;0;0;0;0;100;100;100;0;100;100;100;0;0;0;0;0;0;0;0;0;0;0;0;100;100;0;100;0;100;0;0;100;100;100;100;100;0;0;0;0;0;0;0;0;0;0;0;0;0;0;100;100;100;100;0;100;0;0;0;0;0;100;100;100;100;0;0;0;0;0;0;0;0;0;0;0;0;0;0;0;0;0;0;100;0;0;0;0;0;0;0;0;0;0;0;0;0;0;0;0;0;0;0;0;0;0;0;0;0;0;100;0;100;100;0;100;100;0;0;0;100;100;100;100;100;0;100;100;100;100;0;100;0;100;0;0;100;0;100;100;0;0;0;0;0;0;0;0;0;100;0;0;100;100;0;100;100;0;0;0;0;0;0;0;0;0;0;0;0;0;0;0;0;0;0;0;0;0;0;0;0;0;0;0;0;0;0;0;0;0;0;0;0;0;0;0;0;0;0;0;0;0;0;0;0;0;0;0;0;0;100;100;0;100;0;0;0;0;0;0;0;0;0;0;0;0;0;0;0;0;0;0;0;0;100;0;100;100;0;100;0;0;0;0;0;0;0;0;0;100;100;0;0;0;0;;;;;
8_1981;100.00;0;0;100;100;100;0;0;0;100;100;0;100;100;0;0;100;100;100;100;0;0;0;0;0;0;0;0;0;0;0;0;0;0;0;100;0;100;100;0;0;0;0;0;100;100;100;0;100;100;100;0;0;0;0;0;0;0;0;0;0;0;0;100;100;0;100;0;100;0;0;100;100;100;100;100;0;0;0;0;0;0;0;0;0;0;0;0;0;0;100;100;100;100;0;100;0;0;0;0;0;100;100;100;100;0;0;0;0;0;0;0;0;0;0;0;0;0;0;0;0;0;0;100;0;0;0;0;0;0;0;0;0;0;0;0;0;0;0;0;0;0;0;0;0;0;0;0;0;0;100;0;100;100;0;100;100;0;0;0;100;100;100;100;100;0;100;100;100;100;0;100;0;100;0;0;100;0;100;100;0;0;0;0;0;0;0;0;0;100;0;0;100;100;0;100;100;0;0;0;0;0;0;0;0;0;0;0;0;0;0;0;0;0;0;0;0;0;0;0;0;0;0;0;0;0;0;0;0;0;0;0;0;0;0;0;0;0;0;0;0;0;0;0;0;0;0;0;0;0;100;100;0;100;0;0;0;0;0;0;0;0;0;0;0;0;0;0;0;0;0;0;0;0;100;0;100;100;0;100;0;0;0;0;0;0;0;0;0;100;100;0;0;0;0;;;;;
9_1981;100.00;100;0;100;100;100;0;0;100;100;100;0;100;100;0;0;100;100;100;100;0;0;0;0;0;0;0;0;0;0;0;0;0;0;0;100;0;100;100;0;0;0;0;0;100;100;100;0;100;100;100;0;0;0;0;0;0;0;0;0;0;0;0;100;100;0;100;0;100;0;0;100;0;100;100;100;0;0;0;0;0;0;0;0;0;0;0;0;0;0;100;100;100;100;0;100;0;0;0;0;0;100;100;100;100;0;0;0;0;0;0;0;0;0;0;0;0;0;0;0;0;0;0;100;0;0;0;0;0;0;0;0;0;0;0;0;0;0;0;0;0;0;0;0;0;0;0;0;0;0;100;0;100;100;0;100;100;0;0;0;100;100;100;100;100;0;100;100;100;100;0;100;0;100;0;0;100;0;100;100;0;0;0;0;0;0;0;0;0;0;0;0;100;100;0;100;100;0;0;0;0;0;0;0;0;0;0;0;0;0;0;0;0;0;0;0;0;0;0;0;0;0;0;0;0;0;0;0;0;0;0;0;0;0;0;0;0;0;0;0;0;0;0;0;0;0;0;0;0;0;100;100;0;100;0;0;0;0;0;0;0;0;0;0;0;0;0;0;0;0;0;0;0;0;100;0;100;100;0;100;0;0;0;0;0;0;0;0;0;100;100;0;0;0;0;;;;;
10_1981;100.00;100;0;100;100;100;0;0;0;100;100;0;100;100;0;0;100;100;100;100;0;0;0;0;0;0;0;0;0;0;0;0;0;0;0;100;0;100;100;0;0;0;0;0;100;100;100;0;100;100;100;0;0;0;0;0;0;0;0;0;0;0;0;100;100;0;100;0;100;0;0;100;100;100;100;100;0;0;0;0;0;0;0;0;0;0;0;0;0;0;100;100;100;100;0;100;0;0;0;0;0;100;100;100;100;0;0;0;0;0;0;0;0;0;0;0;0;0;0;0;0;0;0;100;0;0;0;0;0;0;0;0;0;0;0;0;0;0;0;0;0;0;0;0;0;0;0;0;0;0;100;0;100;0;100;100;100;0;0;0;100;100;100;100;100;0;100;100;100;100;0;100;0;100;0;0;100;0;100;100;0;0;0;0;0;0;0;0;0;100;0;0;100;100;0;100;100;0;0;0;0;0;0;0;0;0;0;0;0;0;0;0;0;0;0;0;0;0;0;0;0;0;0;0;0;0;0;0;0;0;0;0;0;0;0;0;0;0;0;0;0;0;0;0;0;0;0;0;0;0;100;100;0;100;0;0;0;0;0;0;0;0;0;0;0;0;0;0;0;0;0;0;0;0;100;0;100;100;0;100;0;0;0;0;0;0;0;0;0;100;100;0;0;0;0;;;;;
11_1981;100.00;100;0;100;100;100;0;0;0;100;100;0;100;100;0;0;100;100;100;100;0;0;0;0;0;0;0;0;0;0;0;0;0;0;0;0;0;100;100;0;0;0;0;0;100;100;100;0;100;100;100;0;0;0;0;0;0;0;0;0;0;0;0;100;100;0;100;0;100;0;0;100;100;100;100;100;0;0;0;0;0;0;0;0;0;0;0;0;0;0;100;100;100;96.66666667;0;100;0;0;0;0;0;100;100;100;100;0;0;0;0;0;0;0;0;0;0;0;0;0;0;0;0;0;0;100;0;0;0;0;0;0;0;0;0;0;0;0;0;0;0;0;0;0;0;0;0;0;0;0;0;0;100;0;100;100;100;100;100;0;0;0;100;100;100;100;100;0;100;100;100;100;0;100;0;100;0;0;100;0;100;100;0;0;0;0;0;0;0;0;0;100;0;0;100;100;0;100;100;0;0;0;0;0;0;0;0;0;0;0;0;0;0;0;0;0;0;0;0;0;0;0;0;0;0;0;0;0;0;0;0;0;0;0;0;0;0;0;0;0;0;0;0;0;0;0;0;0;0;0;0;0;100;100;0;100;0;0;0;0;0;0;0;0;0;0;0;0;0;0;0;0;0;0;0;0;100;0;100;100;0;100;0;0;0;0;0;0;0;0;0;100;100;0;0;0;0;;;;;
12_1981;100.00;100;0;100;100;100;0;0;0;100;100;0;100;100;0;0;100;100;100;100;0;0;0;0;0;0;0;0;0;0;0;0;0;0;0;0;0;100;100;0;0;0;0;0;100;100;100;0;100;100;100;0;0;0;0;0;0;0;0;0;0;0;0;100;100;0;100;0;100;0;0;100;100;100;100;100;0;0;0;0;0;0;0;0;0;0;0;0;0;0;100;100;100;100;0;100;0;0;0;0;0;100;100;100;100;0;0;0;0;0;0;0;0;0;0;0;0;0;0;0;0;0;0;100;0;0;0;0;0;0;0;0;0;0;0;0;0;0;0;0;0;0;0;0;0;0;0;0;0;0;100;0;100;100;0;100;100;0;0;0;100;100;100;100;100;0;100;100;100;100;0;100;0;100;0;0;100;0;100;100;0;0;0;0;0;0;0;0;0;100;0;0;100;100;0;100;100;0;0;0;0;0;0;0;0;0;0;0;0;0;0;0;0;0;0;0;0;0;0;0;0;0;0;0;0;0;0;0;0;0;0;0;0;0;0;0;0;0;0;0;0;0;0;0;0;0;0;0;0;0;100;100;0;100;0;0;0;0;0;0;0;0;0;0;0;0;0;0;0;0;0;0;0;0;100;0;100;100;0;100;0;0;0;0;0;0;0;0;0;100;3.225806452;0;0;0;0;;;;;
1_1982;100.00;100;0;100;100;100;0;0;0;100;0;0;100;100;0;0;100;100;100;100;0;0;0;0;0;0;0;0;0;0;0;0;0;0;0;100;0;100;100;0;0;0;0;0;100;100;100;0;100;100;100;0;0;0;0;0;0;0;0;0;0;0;0;100;100;0;100;0;100;0;0;100;100;100;0;100;0;0;0;0;0;0;0;0;0;0;0;0;0;0;100;100;100;100;0;100;0;0;0;0;0;100;100;100;100;0;0;0;0;0;0;0;0;0;0;0;0;0;0;0;0;0;0;100;0;0;0;0;0;0;0;0;0;0;0;0;0;0;0;0;0;0;0;0;0;0;0;0;0;0;100;0;100;100;100;100;100;0;0;0;100;100;100;100;100;0;100;100;100;100;0;100;0;100;0;0;100;0;100;100;0;0;0;0;0;0;0;0;0;100;0;0;100;100;0;100;100;0;0;0;0;0;0;0;0;0;0;0;0;0;0;0;0;0;0;0;0;0;0;0;0;0;0;0;0;0;0;0;0;0;0;0;0;0;0;0;0;0;0;0;0;0;0;0;0;0;0;0;0;0;100;100;0;100;0;0;0;0;0;0;0;0;0;0;0;0;0;0;0;0;0;0;0;0;100;0;100;100;0;100;0;0;0;0;0;0;0;0;0;100;3.225806452;0;0;0;0;;;;;
2_1982;100.00;100;0;100;100;100;0;0;0;100;0;0;100;100;0;0;100;100;100;100;0;0;0;0;0;0;0;0;0;0;0;0;0;0;0;100;0;100;100;0;0;0;0;0;100;100;100;0;100;100;100;0;0;0;0;0;0;0;0;0;0;0;0;100;100;0;100;0;100;0;0;100;100;100;100;100;0;0;0;0;0;0;0;0;0;0;0;0;0;0;100;100;100;100;0;100;0;0;0;0;0;100;100;100;100;0;0;0;0;0;0;0;0;0;0;0;0;0;0;0;0;0;0;100;0;0;0;0;0;0;0;0;0;0;0;0;0;0;0;0;0;0;0;0;0;0;0;0;0;0;100;0;100;100;0;100;100;0;0;0;100;100;100;100;100;0;100;100;100;100;0;100;0;100;0;0;100;0;100;100;0;0;0;0;0;0;0;0;0;100;0;0;100;100;0;100;100;0;0;0;0;0;0;0;0;0;0;0;0;0;0;0;0;0;0;0;0;0;0;0;0;0;0;0;0;0;0;0;0;0;0;0;0;0;0;0;0;0;0;0;0;0;0;0;0;0;0;0;0;0;100;100;0;100;0;0;0;0;0;0;0;0;0;0;0;0;0;0;0;0;0;0;0;0;100;0;100;100;0;100;0;0;0;0;0;0;0;0;0;100;42.85714286;0;0;0;0;;;;;
3_1982;100.00;100;0;100;100;100;0;0;0;100;0;0;100;100;0;0;100;100;100;100;0;0;0;0;0;0;0;0;0;0;0;0;0;0;0;100;0;100;100;0;0;0;0;0;100;100;100;0;100;100;100;0;0;0;0;0;0;0;0;0;0;0;0;100;100;0;100;0;100;0;0;100;100;100;100;100;0;0;0;0;0;0;0;0;0;0;0;0;0;0;100;100;100;100;0;100;0;0;0;0;0;100;100;100;100;0;0;0;0;0;0;0;0;0;0;0;0;0;0;0;0;0;0;100;0;0;0;0;0;0;0;0;0;0;0;0;0;0;0;0;0;0;0;0;0;0;0;0;0;0;100;0;100;100;0;100;100;0;0;0;100;100;100;100;100;0;100;100;100;100;0;100;0;100;0;0;100;0;100;100;0;0;0;0;0;0;0;0;0;100;0;0;100;100;0;100;100;0;0;0;0;0;0;0;0;0;0;0;0;0;0;0;0;0;0;0;0;0;0;0;0;0;0;0;0;0;0;0;0;0;0;0;0;0;0;0;0;0;0;0;0;0;0;0;0;0;0;0;0;0;100;100;0;100;0;0;0;0;0;0;0;0;0;0;0;0;0;0;0;0;0;0;0;0;100;0;100;100;0;100;0;0;0;0;0;0;0;0;0;100;100;0;0;0;0;;;;;
4_1982;100.00;100;0;100;100;100;0;0;100;100;0;0;100;100;0;0;100;100;100;100;0;0;0;0;0;0;0;0;0;0;0;0;0;0;0;100;0;100;100;0;0;0;0;0;100;100;100;0;100;100;100;0;0;0;0;0;0;0;0;0;0;0;0;100;100;0;100;0;100;0;0;100;100;100;100;100;0;0;0;0;0;0;0;0;0;0;0;0;0;0;100;100;100;100;0;100;0;0;0;0;0;100;100;100;100;0;0;0;0;0;0;0;0;0;0;0;0;0;0;0;0;0;0;100;0;0;0;0;0;0;0;0;0;0;0;0;0;0;0;0;0;0;0;0;0;0;0;0;0;0;100;0;100;100;0;100;100;0;0;0;100;100;100;100;100;0;100;100;100;100;0;100;0;100;0;0;100;0;100;100;0;0;0;0;0;0;0;0;0;0;0;0;100;100;0;100;100;0;0;0;0;0;0;0;0;0;0;0;0;0;0;0;0;0;0;0;0;0;0;0;0;0;0;0;0;0;0;0;0;0;0;0;0;0;0;0;0;0;0;0;0;0;0;0;0;0;0;0;0;0;100;100;0;100;0;0;0;0;0;0;0;0;0;0;0;0;0;0;0;0;0;0;0;0;100;0;100;100;0;100;0;0;0;0;0;0;0;0;0;100;0;0;0;0;0;;;;;
5_1982;100.00;100;0;100;100;100;0;0;100;100;0;0;100;100;0;0;100;100;100;100;0;0;0;0;0;0;0;0;0;0;0;0;0;0;0;100;0;100;100;0;0;0;0;0;100;100;100;0;100;100;100;0;0;0;0;0;0;0;0;0;0;0;0;100;100;0;100;0;100;0;0;100;100;100;100;100;0;0;0;0;0;0;0;0;0;0;0;0;0;0;100;100;100;100;0;100;0;0;0;0;0;100;100;100;100;0;0;0;0;0;0;0;0;0;0;0;0;0;0;0;0;0;0;100;0;0;0;0;0;0;0;0;0;0;0;0;0;0;0;0;0;0;0;0;0;0;0;0;0;0;100;0;100;100;0;100;100;0;0;0;100;100;100;100;100;0;100;100;100;100;0;100;0;100;0;0;100;0;100;100;0;0;0;0;0;0;0;0;0;100;0;0;100;100;0;100;100;0;0;0;0;0;0;0;0;0;0;0;0;0;0;0;0;0;0;0;0;0;0;0;0;0;0;0;0;0;0;0;0;0;0;0;0;0;0;0;0;0;0;0;0;0;0;0;0;0;0;0;0;0;100;100;0;100;0;0;0;0;0;0;0;0;0;0;0;0;0;0;0;0;0;0;0;0;100;0;100;100;0;100;0;0;0;0;0;0;0;0;0;100;3.225806452;0;0;0;0;;;;;
6_1982;100.00;100;0;100;100;100;0;0;100;100;0;0;100;100;0;0;100;100;100;100;0;0;0;0;0;0;0;0;0;0;0;0;0;0;0;100;0;100;100;0;0;0;0;0;100;100;100;0;100;100;100;0;0;0;0;0;0;0;0;0;0;0;0;100;100;0;100;0;100;0;0;100;100;100;100;100;0;0;0;0;0;0;0;0;0;0;0;0;0;0;100;100;100;100;0;100;0;0;0;0;0;100;100;100;100;0;0;0;0;0;0;0;0;0;0;0;0;0;0;0;0;0;0;100;0;0;0;0;0;0;0;0;0;0;0;0;0;0;0;0;0;0;0;0;0;0;0;0;0;0;100;0;100;100;0;100;100;0;0;0;100;100;100;100;100;0;100;100;100;100;0;100;0;100;0;0;100;0;100;100;0;0;0;0;0;0;0;0;0;100;0;0;100;100;0;100;100;0;0;0;0;0;0;0;0;0;0;0;0;0;0;0;0;0;0;0;0;0;0;0;0;0;0;0;0;0;0;0;0;0;0;0;0;0;0;0;0;0;0;0;0;0;0;0;0;0;0;0;0;0;100;100;0;100;0;0;0;0;0;0;0;0;0;0;0;0;0;0;0;0;0;0;0;0;100;0;100;100;0;100;0;0;0;0;0;0;0;0;0;100;53.33333333;0;0;0;0;;;;;
7_1982;0.00;100;0;100;100;100;0;0;100;100;0;0;100;100;0;0;100;100;100;100;0;0;0;0;0;0;0;0;0;0;0;0;0;0;0;100;0;100;100;0;0;0;0;0;0;100;100;0;100;100;100;0;0;0;0;0;0;0;0;0;0;0;0;100;100;0;100;0;100;0;0;100;100;100;0;100;0;0;0;0;0;0;0;0;0;0;0;0;0;0;100;100;100;100;0;100;0;0;0;0;0;100;100;100;100;0;0;0;0;0;0;0;0;0;0;0;0;0;0;0;0;0;0;100;0;0;0;0;0;0;0;0;0;0;0;0;0;0;0;0;0;0;0;0;0;0;0;0;0;0;100;0;100;100;0;100;100;0;0;0;100;100;100;100;100;0;100;100;100;100;0;100;0;100;0;0;100;0;100;100;0;0;0;0;0;0;0;0;0;100;0;0;100;100;0;100;100;0;0;0;0;0;0;0;0;0;0;0;0;0;0;0;0;0;0;0;0;0;0;0;0;0;0;0;0;0;0;0;0;0;0;0;0;0;0;0;0;0;0;0;0;0;0;0;0;0;0;0;0;0;100;100;0;100;0;0;0;0;0;0;0;0;0;0;0;0;0;0;0;0;0;0;0;0;100;0;100;100;0;100;0;0;0;0;0;0;0;0;0;100;100;0;0;0;0;;;;;
8_1982;100.00;100;0;100;100;100;0;0;100;100;0;0;100;100;0;0;100;100;100;100;0;0;0;0;0;0;0;0;0;0;0;0;0;0;0;100;0;100;100;0;0;0;0;0;100;100;100;0;100;100;100;0;0;0;0;0;0;0;0;0;0;0;0;100;100;0;100;0;100;0;0;100;100;100;100;100;0;0;0;0;0;0;0;0;0;0;0;0;0;0;100;100;100;100;0;100;0;0;0;0;0;100;100;100;100;0;0;0;0;0;0;0;0;0;0;0;0;0;0;0;0;0;0;100;0;0;0;0;0;0;0;0;0;0;0;0;0;0;0;0;0;0;0;0;0;0;0;0;0;0;100;0;100;100;0;0;100;0;0;0;0;100;100;100;100;0;100;100;100;100;0;100;0;100;0;0;100;0;100;100;0;0;0;0;0;0;0;0;0;0;0;0;100;100;0;100;100;0;0;0;0;0;0;0;0;0;0;0;0;0;0;0;0;0;0;0;0;0;0;0;0;0;0;0;0;0;0;0;0;0;0;0;0;0;0;0;0;0;0;0;0;0;0;0;0;0;0;0;0;0;100;100;0;100;0;0;0;0;0;0;0;0;0;0;0;0;0;0;0;0;0;0;0;0;100;0;100;100;0;100;0;0;0;0;0;0;0;0;0;100;100;0;0;0;0;;;;;
9_1982;100.00;100;0;100;100;100;0;0;100;100;100;0;100;100;0;0;100;100;100;100;0;0;0;0;0;0;0;0;0;0;0;0;0;0;0;100;0;100;100;0;0;0;0;0;100;100;100;0;100;100;100;0;0;0;0;0;0;0;0;0;0;0;0;100;100;0;100;0;100;0;0;100;100;100;100;100;0;0;0;0;0;0;0;0;0;0;0;0;0;0;100;100;100;100;0;100;0;0;0;0;0;100;100;100;100;0;0;0;0;0;0;0;0;0;0;0;0;0;0;0;0;0;0;100;0;0;0;0;0;0;0;0;0;0;0;0;0;0;0;0;0;0;0;0;0;0;0;0;0;0;100;0;100;100;0;100;100;0;0;0;0;100;100;100;100;0;100;100;100;100;0;100;0;100;0;0;100;0;100;100;0;0;0;0;0;0;0;0;0;0;0;0;100;100;0;100;100;0;0;0;0;0;0;0;0;0;0;0;0;0;0;0;0;0;0;0;0;0;0;0;0;0;0;0;0;0;0;0;0;0;0;0;0;0;0;0;0;0;0;0;0;0;0;0;0;0;0;0;0;0;100;100;0;100;0;0;0;0;0;0;0;0;0;0;0;0;0;0;0;0;0;0;0;0;100;0;100;100;0;100;0;0;0;0;0;0;0;0;0;100;0;0;0;0;0;;;;;
10_1982;100.00;100;0;100;100;100;0;0;100;100;100;0;100;100;0;0;100;100;100;100;0;0;0;0;0;0;0;0;0;0;0;0;0;0;0;0;0;100;100;0;0;0;0;0;100;100;100;0;100;100;100;0;0;0;0;0;0;0;0;0;0;0;0;100;100;0;100;0;100;0;0;100;100;100;100;100;0;0;0;0;0;0;0;0;0;0;0;0;0;0;100;100;100;100;0;100;0;0;0;0;0;100;100;100;100;0;0;0;0;0;0;0;0;0;0;0;0;0;0;0;0;0;0;100;0;0;0;0;0;0;0;0;0;0;0;0;0;0;0;0;0;0;0;0;0;0;0;0;0;0;100;0;100;100;0;100;100;0;0;0;100;100;100;100;100;0;100;100;100;100;0;100;0;100;0;0;100;0;100;100;0;0;0;0;0;0;0;0;0;100;0;0;100;100;0;100;29.03225806;0;0;0;0;0;0;0;0;0;0;0;0;0;0;0;0;0;0;0;0;0;0;0;0;0;0;0;0;0;0;0;0;0;0;0;0;0;0;0;0;0;0;0;0;0;0;0;0;0;0;0;0;0;100;100;0;100;0;0;0;0;0;0;0;0;0;0;0;0;0;0;0;0;0;0;0;0;100;0;100;100;0;100;0;0;0;0;0;0;0;0;0;100;100;0;0;0;0;;;;;
11_1982;100.00;100;0;0;100;100;0;0;100;100;100;0;100;100;0;0;100;100;100;100;0;0;0;0;0;0;0;0;0;0;0;0;0;0;0;100;0;100;100;0;0;0;0;0;100;100;100;0;100;0;100;0;0;0;0;0;0;0;0;0;0;0;0;100;100;0;100;0;100;0;0;100;100;100;100;100;0;0;0;0;0;0;0;0;0;0;0;0;0;0;100;100;100;100;0;100;0;0;0;0;0;100;100;100;100;0;0;0;0;0;0;0;0;0;0;0;0;0;0;0;0;0;0;100;0;0;0;0;0;0;0;0;0;0;0;0;0;0;0;0;0;0;0;0;0;0;0;0;0;0;100;0;100;100;100;0;100;0;0;0;100;100;0;100;100;0;100;100;100;100;0;100;0;100;0;0;100;0;100;100;0;0;0;0;0;0;0;0;0;100;0;0;100;100;0;100;100;0;0;0;0;0;0;0;0;0;0;0;0;0;0;0;0;0;0;0;0;0;0;0;0;0;0;0;0;0;0;0;0;0;0;0;0;0;0;0;0;0;0;0;0;0;0;0;0;0;0;0;0;0;100;100;0;100;0;0;0;0;0;0;0;0;0;0;0;0;0;0;0;0;0;0;0;0;100;0;100;100;0;100;0;0;0;0;0;0;0;0;0;100;100;0;0;0;0;;;;;
12_1982;100.00;100;0;100;100;100;0;0;100;100;100;0;100;100;0;0;100;100;100;100;0;0;0;0;0;0;0;0;0;0;0;0;0;0;0;100;0;100;100;0;0;0;0;0;100;100;100;0;100;100;100;0;0;0;0;0;0;0;0;0;0;0;0;100;100;0;100;0;100;0;0;100;100;100;100;100;0;0;0;0;0;0;0;0;0;0;0;0;0;0;100;100;100;100;0;100;0;0;0;0;0;100;100;100;100;0;0;0;0;0;0;0;0;0;0;0;0;0;0;0;0;0;0;100;0;0;0;0;0;0;0;0;0;0;0;0;0;0;0;0;0;0;0;0;0;0;0;0;0;0;100;0;100;100;100;100;100;0;0;0;100;100;100;100;100;0;100;100;100;100;0;100;0;100;0;0;100;0;100;100;0;0;0;0;0;0;0;0;0;100;0;0;100;100;0;100;100;0;0;0;0;0;0;0;0;0;0;0;0;0;0;0;0;0;0;0;0;0;0;0;0;0;0;0;0;0;0;0;0;0;0;0;0;0;0;0;0;0;0;0;0;0;0;0;0;0;0;0;0;0;100;100;0;100;0;0;0;0;0;0;0;0;0;0;0;0;0;0;0;0;0;0;0;0;100;0;100;100;0;100;0;0;0;0;0;0;0;0;0;100;100;0;0;0;0;;;;;
1_1983;100.00;100;0;100;100;100;0;0;100;100;100;0;100;100;0;0;0;100;100;100;0;0;0;0;0;0;0;0;0;0;0;0;0;0;0;0;0;100;100;0;0;0;0;0;100;100;100;0;100;100;100;0;0;0;0;0;0;0;0;0;0;0;0;100;100;0;100;0;100;0;0;100;100;100;100;100;0;0;0;0;0;0;0;0;0;0;0;0;0;0;100;100;100;100;0;100;0;0;0;0;0;96.77419355;100;100;100;0;0;0;0;0;0;0;0;0;0;0;0;0;0;0;0;0;0;100;0;0;0;0;0;0;0;0;0;0;0;0;0;0;0;0;0;0;0;0;0;0;0;0;0;0;100;0;100;100;100;100;100;0;0;0;100;100;100;100;100;0;100;100;100;100;0;100;0;100;0;0;100;0;100;100;0;0;0;0;0;0;0;0;0;100;0;0;100;100;0;100;100;0;0;0;0;0;0;0;0;0;0;0;0;0;0;0;0;0;0;0;0;0;0;0;0;0;0;0;0;0;0;0;0;0;0;0;0;0;0;0;0;0;0;0;0;0;0;0;0;0;0;0;0;0;100;100;0;100;0;0;0;0;0;0;0;0;0;0;0;0;0;0;0;0;0;0;0;0;100;0;100;100;0;100;0;0;0;0;0;0;0;0;0;100;100;0;0;0;0;;;;;
2_1983;100.00;100;0;100;100;0;0;0;0;100;100;0;100;100;0;0;100;100;100;100;0;0;0;0;0;0;0;0;0;0;0;0;0;0;0;100;0;100;100;0;0;0;0;0;100;100;100;0;100;100;100;0;0;0;0;0;0;0;0;0;0;0;0;100;100;0;100;0;100;0;0;100;0;100;100;100;0;0;0;0;0;0;0;0;0;0;0;0;0;0;100;100;100;100;0;100;0;0;0;0;0;100;100;100;100;0;0;0;0;0;0;0;0;0;0;0;0;0;0;0;0;0;0;100;0;0;0;0;0;0;0;0;0;0;0;0;0;0;0;0;0;0;0;0;0;0;0;0;0;0;100;0;100;100;0;100;100;0;0;0;100;100;100;100;100;0;100;100;100;100;0;100;0;100;0;0;100;0;100;100;0;0;0;0;0;0;0;0;0;100;0;0;100;100;0;100;100;0;0;0;0;0;0;0;0;0;0;0;0;0;0;0;0;0;0;0;0;0;0;0;0;0;0;0;0;0;0;0;0;0;0;0;0;0;0;0;0;0;0;0;0;0;0;0;0;0;0;0;0;0;100;100;0;100;0;0;0;0;0;0;0;0;0;0;0;0;0;0;0;0;0;0;0;0;100;0;100;100;0;100;0;0;0;0;0;0;0;0;0;100;100;0;0;0;0;;;;;
3_1983;100.00;100;0;100;100;100;0;0;0;100;100;0;100;100;0;0;100;100;100;100;0;0;0;0;0;0;0;0;0;0;0;0;0;0;0;100;0;100;100;0;0;0;0;0;100;100;100;0;100;100;100;0;0;0;0;0;0;0;0;0;0;0;0;100;100;0;100;0;100;0;0;100;0;100;100;100;0;0;0;0;0;0;0;0;0;0;0;0;0;0;100;100;100;100;0;100;0;0;0;0;0;100;100;100;100;0;0;0;0;0;0;0;0;0;0;0;0;0;0;0;0;0;0;100;0;0;0;0;0;0;0;0;0;0;0;0;0;0;0;0;0;0;0;0;0;0;0;0;0;0;100;0;100;100;0;100;100;0;0;0;100;100;100;100;100;0;100;100;100;100;0;100;0;100;0;0;0;0;100;100;0;0;0;0;0;0;0;0;0;100;0;0;100;100;0;100;100;0;0;0;0;0;0;0;0;0;0;0;0;0;0;0;0;0;0;0;0;0;0;0;0;0;0;0;0;0;0;0;0;0;0;0;0;0;0;0;0;0;0;0;0;0;0;0;0;0;0;0;0;0;100;100;0;100;0;0;0;0;0;0;0;0;0;0;0;0;0;0;0;0;0;0;0;0;100;0;100;100;0;100;0;0;0;0;0;0;0;0;0;100;100;0;0;0;0;;;;;
4_1983;100.00;100;0;0;100;100;0;0;0;100;100;0;100;100;0;0;100;100;100;100;0;0;0;0;0;0;0;0;0;0;0;0;0;0;0;100;0;100;100;0;0;0;0;0;100;100;100;0;100;100;100;0;0;0;0;0;0;0;0;0;0;0;0;100;100;0;100;0;100;0;0;100;0;0;100;100;0;0;0;0;0;0;0;0;0;0;0;0;0;0;100;100;100;100;0;100;0;0;0;0;0;100;100;100;100;0;0;0;0;0;0;0;0;0;0;0;0;0;0;0;0;0;0;100;0;0;0;0;0;0;0;0;0;0;0;0;0;0;0;0;0;0;0;0;0;0;0;0;0;0;100;0;100;100;0;100;100;0;0;0;100;100;100;100;100;0;100;100;100;100;0;100;0;100;0;0;0;0;100;100;0;0;0;0;0;0;0;0;0;100;0;0;100;100;0;100;100;0;0;0;0;0;0;0;0;0;0;0;0;0;0;0;0;0;0;0;0;0;0;0;0;0;0;0;0;0;0;0;0;0;0;0;0;0;0;0;0;0;0;0;0;0;0;0;0;0;0;0;0;0;100;100;0;100;0;0;0;0;0;0;0;0;0;0;0;0;0;0;0;0;0;0;0;0;100;0;100;100;0;100;0;0;0;0;0;0;0;0;0;100;100;0;0;0;0;;;;;
5_1983;100.00;100;0;0;100;100;0;0;0;100;100;0;100;100;0;0;100;100;100;100;0;0;0;0;0;0;0;0;0;0;0;0;0;0;0;100;0;100;100;0;0;0;0;0;100;100;100;0;100;100;100;0;0;0;0;0;0;0;0;0;0;0;0;100;100;0;100;0;100;0;0;100;0;100;100;100;0;0;0;0;0;0;0;0;0;0;0;0;0;0;100;100;100;100;0;100;0;0;0;0;0;100;100;100;100;0;0;0;0;0;0;0;0;0;0;0;0;0;0;0;0;0;0;100;0;0;0;0;0;0;0;0;0;0;0;0;0;0;0;0;0;0;0;0;0;0;0;0;0;0;100;0;100;100;0;100;100;0;0;0;100;100;100;100;100;0;100;100;100;100;0;100;0;100;0;0;0;0;100;100;0;0;0;0;0;0;0;0;0;100;0;0;100;100;0;100;100;0;0;0;0;0;0;0;0;0;0;0;0;0;0;0;0;0;0;0;0;0;0;0;0;0;0;0;0;0;0;0;0;0;0;0;0;0;0;0;0;0;0;0;0;0;0;0;0;0;0;0;0;0;100;100;0;100;0;0;0;0;0;0;0;0;0;0;0;0;0;0;0;0;0;0;0;0;100;0;100;100;0;100;0;0;0;0;0;0;0;0;0;100;100;0;0;0;0;;;;;
6_1983;100.00;100;0;100;100;100;0;0;0;100;100;0;100;100;0;0;100;100;100;100;0;0;0;0;0;0;0;0;0;0;0;0;0;0;0;100;0;100;100;0;0;0;0;0;100;100;100;0;100;100;100;0;0;0;0;0;0;0;0;0;0;0;0;100;100;0;100;0;100;0;0;100;0;100;100;100;0;0;0;0;0;0;0;0;0;0;0;0;0;0;100;100;100;100;0;100;0;0;0;0;0;100;100;100;100;0;0;0;0;0;0;0;0;0;0;0;0;0;0;0;0;0;0;100;0;0;0;0;0;0;0;0;0;0;0;0;0;0;0;0;0;0;0;0;0;0;0;0;0;0;100;0;100;100;0;100;100;0;0;0;100;100;100;100;100;0;100;100;100;100;0;100;0;100;0;0;0;0;100;100;0;0;0;0;0;0;0;0;0;100;0;0;100;100;0;100;100;0;0;0;0;0;0;0;0;0;0;0;0;0;0;0;0;0;0;0;0;0;0;0;0;0;0;0;0;0;0;0;0;0;0;0;0;0;0;0;0;0;0;0;0;0;0;0;0;0;0;0;0;0;100;100;0;100;0;0;0;0;0;0;0;0;0;0;0;0;0;0;0;0;0;0;0;0;100;0;100;0;0;100;0;0;0;0;0;0;0;0;0;100;100;0;0;0;0;;;;;
7_1983;100.00;100;0;100;100;0;0;0;0;100;100;0;100;100;0;0;100;100;100;100;0;0;0;0;0;0;0;0;0;0;0;0;0;0;0;0;0;100;100;0;0;0;0;0;100;100;100;0;100;0;100;0;0;0;0;0;0;0;0;0;0;0;0;100;100;0;100;0;100;0;0;100;0;100;100;100;0;0;0;0;0;0;0;0;0;0;0;0;0;0;100;100;100;100;0;100;0;0;0;0;0;100;100;100;100;0;0;0;0;0;0;0;0;0;0;0;0;0;0;0;0;0;0;100;0;0;0;0;0;0;0;0;0;0;0;0;0;0;0;0;0;0;0;0;0;0;0;0;0;0;100;0;100;0;0;100;100;0;0;0;100;100;100;100;100;0;100;100;100;100;0;100;0;100;0;0;0;0;100;100;0;0;0;0;0;0;0;0;0;100;0;0;100;100;0;100;100;0;0;0;0;0;0;0;0;0;0;0;0;0;0;0;0;0;0;0;0;0;0;0;0;0;0;0;0;0;0;0;0;0;0;0;0;0;0;0;0;0;0;0;0;0;0;0;0;0;0;0;0;0;100;100;0;100;0;0;0;0;0;0;0;0;0;0;0;0;0;0;0;0;0;0;0;0;100;0;100;3.225806452;0;100;0;0;0;0;0;0;0;0;0;100;100;0;0;0;0;;;;;
8_1983;100.00;100;0;100;100;0;0;0;0;100;100;0;100;100;0;0;100;100;100;100;0;0;0;0;0;0;0;0;0;0;0;0;0;0;0;0;0;100;100;0;0;0;0;0;100;100;100;0;100;100;100;0;0;0;0;0;0;0;0;0;0;0;0;100;0;0;100;0;100;0;0;100;0;100;100;100;0;0;0;0;0;0;0;0;0;0;0;0;0;0;100;100;100;100;0;100;0;0;0;0;0;100;100;100;100;0;0;0;0;0;0;0;0;0;0;0;0;0;0;0;0;0;0;100;0;0;0;0;0;0;0;0;0;0;0;0;0;0;0;0;0;0;0;0;0;0;0;0;0;0;100;0;100;0;0;100;100;0;0;0;100;100;100;100;100;0;100;100;100;100;0;100;0;100;0;0;0;0;100;100;0;0;0;0;0;0;0;0;0;0;0;0;100;100;0;100;100;0;0;0;0;0;0;0;0;0;0;0;0;0;0;0;0;0;0;0;0;0;0;0;0;0;0;0;0;0;0;0;0;0;0;0;0;0;0;0;0;0;0;0;0;0;0;0;0;0;0;0;0;0;100;100;0;100;0;0;0;0;0;0;0;0;0;0;0;0;0;0;0;0;0;0;0;0;100;0;100;100;0;100;0;0;0;0;0;0;0;0;0;100;100;0;0;0;0;;;;;
9_1983;100.00;100;0;100;100;0;0;0;0;100;0;0;100;100;0;0;100;100;100;100;0;0;0;0;0;0;0;0;0;0;0;0;0;0;0;0;0;100;100;0;0;0;0;0;100;100;100;0;100;100;100;0;0;0;0;0;0;0;0;0;0;0;0;100;100;0;100;0;100;0;0;0;100;100;100;100;0;0;0;0;0;0;0;0;0;0;0;0;0;0;100;100;100;100;0;100;0;0;0;0;0;100;100;100;100;0;0;0;0;0;0;0;0;0;0;0;0;0;0;0;0;0;0;100;0;0;0;0;0;0;0;0;0;0;0;0;0;0;0;0;0;0;0;0;0;0;0;0;0;0;100;0;100;0;0;100;100;0;0;0;100;100;100;100;100;0;100;100;100;100;0;100;0;100;0;0;0;0;100;100;0;0;0;0;0;0;0;0;0;100;0;0;100;100;0;100;100;0;0;0;0;0;0;0;0;0;0;0;0;0;0;0;0;0;0;0;0;0;0;0;0;0;0;0;0;0;0;0;0;0;0;0;0;0;0;0;0;0;0;0;0;0;0;0;0;0;0;0;0;0;100;100;0;100;0;0;0;0;0;0;0;0;0;0;0;0;0;0;0;0;0;0;0;0;100;0;100;100;0;100;0;0;0;0;0;0;0;0;0;100;100;0;0;0;0;;;;;
10_1983;100.00;100;0;100;100;0;0;0;100;100;0;0;100;100;0;0;100;100;100;100;0;0;0;0;0;0;0;0;0;0;0;0;0;0;0;0;0;100;100;0;0;0;0;0;100;100;100;0;100;100;100;0;0;0;0;0;0;0;0;0;0;0;0;0;100;0;100;0;100;0;0;100;100;100;100;100;0;0;0;0;0;0;0;0;0;0;0;0;0;0;100;100;100;100;0;100;0;0;0;0;0;100;100;100;100;0;0;0;0;0;0;0;0;0;0;0;0;0;0;0;0;0;0;100;0;0;0;0;0;0;0;0;0;0;0;0;0;0;0;0;0;0;0;0;0;0;0;0;0;0;100;0;100;0;0;100;100;0;0;0;100;100;100;100;100;0;100;100;100;100;0;100;0;100;0;0;0;0;100;100;0;0;0;0;0;0;0;0;0;100;0;0;100;100;0;100;100;0;0;0;0;0;0;0;0;0;0;0;0;0;0;0;0;0;0;0;0;0;0;0;0;0;0;0;0;0;0;0;0;0;0;0;0;0;0;0;0;0;0;0;0;0;0;0;0;0;0;0;0;0;100;100;0;100;0;0;0;0;0;0;0;0;0;0;0;0;0;0;0;0;0;0;0;0;100;0;100;100;0;100;0;0;0;0;0;0;0;0;0;100;100;0;0;0;0;;;;;
11_1983;100.00;100;0;100;100;0;0;0;100;100;0;0;100;100;0;0;100;100;100;100;0;0;0;0;0;0;0;0;0;0;0;0;0;0;0;100;0;100;100;0;0;0;0;0;100;100;100;0;100;100;100;0;0;0;0;0;0;0;0;0;0;0;0;100;100;0;100;0;100;0;0;100;100;100;100;100;0;0;0;0;0;0;0;0;0;0;0;0;0;0;100;100;100;100;0;100;0;0;0;0;0;100;100;100;100;0;0;0;0;0;0;0;0;0;0;0;0;0;0;0;0;0;0;100;0;0;0;0;0;0;0;0;0;0;0;0;0;0;0;0;0;0;0;0;0;0;0;0;0;0;100;0;100;0;0;0;100;0;0;0;100;100;100;100;100;0;100;100;100;100;0;100;0;100;0;0;0;0;100;100;0;0;0;0;0;0;0;0;0;100;0;0;100;100;0;100;100;0;0;0;0;0;0;0;0;0;0;0;0;0;0;0;0;0;0;0;0;0;0;0;0;0;0;0;0;0;0;0;0;0;0;0;0;0;0;0;0;0;0;0;0;0;0;0;0;0;0;0;0;0;100;100;0;100;0;0;0;0;0;0;0;0;0;0;0;0;0;0;0;0;0;0;0;0;100;0;100;100;0;100;0;0;0;0;0;0;0;0;0;100;100;0;0;0;0;;;;;
12_1983;100.00;100;0;100;100;0;0;0;100;100;0;0;100;100;0;0;100;100;100;100;0;0;0;0;0;0;0;0;0;0;0;0;0;0;0;100;0;100;100;0;0;0;0;0;100;100;100;0;100;0;100;0;0;0;0;0;0;0;0;0;0;0;0;100;100;0;100;0;100;100;0;100;100;100;100;100;0;0;0;0;0;0;0;0;0;0;0;0;100;0;100;100;100;100;0;100;0;0;0;0;0;100;100;100;100;0;0;0;0;0;0;0;0;0;0;0;0;0;0;0;0;0;0;100;0;0;0;0;0;0;0;0;0;0;0;0;0;0;0;0;0;0;0;0;0;0;0;0;0;0;100;0;100;0;0;100;100;0;0;0;100;100;100;100;100;0;100;100;100;100;0;100;0;100;0;0;0;0;100;100;0;0;0;0;0;0;0;0;0;100;0;0;100;100;0;100;100;0;0;0;0;0;0;0;0;0;0;0;0;0;0;0;0;0;0;0;0;0;0;0;0;0;0;0;0;0;0;0;0;0;0;0;0;0;0;0;0;0;0;0;0;0;0;0;0;0;0;0;0;0;100;100;0;100;0;0;0;0;0;0;0;0;0;0;0;0;0;0;0;0;0;0;0;0;100;0;100;100;0;100;0;0;0;0;0;0;0;0;0;100;100;0;0;0;0;;;;;
1_1984;100.00;100;0;100;100;100;0;0;100;100;0;0;100;100;0;0;100;100;0;100;0;0;0;0;0;0;0;0;0;0;0;0;0;0;0;100;0;100;100;0;0;0;0;0;100;100;100;0;100;0;100;0;0;0;0;0;0;0;0;0;0;0;0;100;100;0;100;0;100;0;0;100;100;100;100;100;0;0;0;0;0;0;0;0;0;0;0;0;100;0;100;100;100;100;0;100;0;0;0;0;0;100;100;100;100;0;0;0;0;0;0;0;0;0;0;0;0;0;0;0;0;0;0;100;0;0;0;0;0;0;0;0;0;0;0;0;0;0;0;0;0;0;0;0;0;0;0;0;0;0;100;0;100;0;0;100;100;0;0;0;100;100;100;100;100;0;100;100;100;100;0;100;0;100;0;0;0;0;100;100;0;0;0;0;0;0;0;0;0;100;0;0;100;100;0;100;100;0;0;0;0;0;0;0;0;0;0;0;0;0;0;0;0;0;0;0;0;0;0;0;0;0;0;0;0;0;0;0;0;0;0;0;0;0;0;0;0;0;0;0;0;0;0;0;0;0;0;0;0;0;100;100;0;100;0;0;0;0;0;0;0;0;0;0;0;0;0;0;0;0;0;0;0;0;100;0;100;100;0;100;0;0;0;0;0;0;0;0;0;100;100;0;0;0;0;;;;;
2_1984;100.00;100;0;100;100;100;0;0;100;100;0;0;100;100;0;0;100;100;100;100;0;0;0;0;0;0;0;0;0;0;0;0;0;0;0;100;0;100;100;0;0;0;0;0;100;100;100;0;100;0;100;0;0;0;0;0;0;0;0;0;0;0;0;100;100;0;100;0;100;0;0;100;100;100;100;100;0;0;0;0;0;0;0;0;0;0;0;0;100;0;100;100;100;100;0;100;0;0;0;0;0;100;100;100;100;0;0;0;0;0;0;0;0;0;0;0;0;0;0;0;0;0;0;100;0;0;0;0;0;0;0;0;0;0;0;0;0;0;0;0;0;0;0;0;0;0;0;0;0;0;100;0;100;0;0;100;100;0;0;0;100;100;100;100;100;0;100;100;100;100;0;100;0;100;0;0;0;0;100;100;0;0;0;0;0;0;0;0;0;100;0;0;96.55172414;100;0;100;100;0;0;0;0;0;0;0;0;0;0;0;0;0;0;0;0;0;0;0;0;0;0;0;0;0;0;0;0;0;0;0;0;0;0;0;0;0;0;0;0;0;0;0;0;0;0;0;0;0;0;0;0;0;100;100;0;100;0;0;0;0;0;0;0;0;0;0;0;0;0;0;0;0;0;0;0;0;100;0;100;100;0;100;0;0;0;0;0;0;0;0;0;100;100;0;0;0;0;;;;;
3_1984;100.00;100;0;100;100;100;0;0;100;100;0;0;100;100;0;0;100;100;100;100;0;0;0;0;0;0;0;0;0;0;0;0;0;0;0;100;0;100;100;0;0;0;0;0;100;100;100;0;100;0;100;0;0;0;0;0;0;0;0;0;0;0;0;100;100;0;100;0;100;0;0;100;100;100;100;100;0;0;0;0;0;0;0;0;0;0;0;0;100;0;100;100;100;100;0;100;0;0;0;0;0;100;100;100;100;0;0;0;0;0;0;0;0;0;0;0;0;0;0;0;0;0;0;100;0;0;0;0;0;0;0;0;0;0;0;0;0;0;0;0;0;0;0;0;0;0;0;0;0;0;100;0;100;0;0;100;100;0;100;0;100;100;100;100;100;0;100;100;100;100;0;100;0;100;0;0;0;0;100;100;0;0;0;0;0;0;0;0;0;100;0;0;100;100;0;100;100;0;0;0;0;0;0;0;0;0;0;0;0;0;0;0;0;0;0;0;0;0;0;0;0;0;0;0;0;0;0;0;0;0;0;0;0;0;0;0;0;0;0;0;0;0;0;0;0;0;0;0;0;0;100;100;0;90.32258065;0;0;0;0;0;0;0;0;0;0;0;0;0;0;0;0;0;0;0;0;100;0;100;100;0;100;0;0;0;0;0;0;0;0;0;100;100;0;0;0;0;;;;;
4_1984;100.00;100;0;100;100;100;0;0;100;100;0;0;100;100;0;0;100;100;100;100;0;0;0;0;0;0;0;0;0;0;0;0;0;0;0;100;0;100;100;0;100;0;0;0;100;100;100;0;100;0;100;0;0;0;0;0;0;0;0;0;0;0;0;100;100;0;100;0;100;0;0;100;100;100;100;100;0;0;0;0;0;0;0;0;0;0;0;0;100;0;100;100;100;100;0;100;0;0;0;0;0;100;100;100;100;0;0;0;66.66666667;0;0;0;0;0;0;0;0;0;0;0;0;0;0;100;0;0;0;0;0;0;0;0;0;0;0;0;0;0;0;0;0;0;0;0;0;0;0;0;0;0;100;0;100;0;0;100;100;0;100;0;100;100;100;100;100;0;100;100;100;100;0;100;0;100;0;0;0;0;100;100;0;0;0;0;0;0;0;0;0;100;0;0;100;100;0;100;100;0;0;0;0;0;0;0;0;0;0;0;0;0;0;0;0;0;0;0;0;0;0;0;0;0;0;0;0;0;0;0;0;0;0;0;0;0;0;0;0;0;0;0;0;0;0;0;0;0;0;0;0;0;100;100;0;100;0;0;0;0;0;0;0;0;0;0;0;0;0;0;0;0;0;0;0;0;100;0;100;100;0;100;0;0;0;0;0;0;0;0;0;100;100;0;0;0;0;;;;;
5_1984;100.00;100;0;0;100;100;0;0;100;100;0;0;100;0;0;0;100;100;100;100;0;0;0;0;0;0;0;0;0;0;0;0;0;0;0;100;0;100;100;0;0;0;0;0;100;100;100;0;100;0;100;0;0;0;0;0;0;0;0;0;0;0;0;100;100;0;100;0;100;0;0;100;100;100;100;100;0;0;0;0;0;0;0;0;0;0;0;0;100;0;100;100;100;100;0;100;0;0;0;0;0;100;3.225806452;100;100;0;0;0;100;0;0;0;0;0;0;0;0;0;0;0;0;0;0;100;0;0;0;0;0;0;0;0;0;0;0;0;0;0;0;0;0;0;0;0;0;0;0;0;0;0;100;0;100;0;100;100;100;0;100;0;100;100;100;100;100;0;100;100;100;100;0;100;0;100;0;0;0;0;100;100;0;0;0;0;0;0;0;0;0;100;0;0;100;100;0;100;100;0;0;0;0;0;0;0;0;0;0;0;0;0;0;0;0;0;0;0;0;0;0;0;0;0;0;0;0;0;0;0;0;0;0;0;0;0;0;0;0;0;0;0;0;0;0;0;0;0;0;0;0;0;100;100;0;100;0;0;0;0;0;0;0;0;0;0;0;0;0;0;0;0;0;0;0;0;100;0;100;100;0;100;0;0;0;0;0;0;0;0;0;100;100;0;0;0;0;;;;;
6_1984;100.00;100;0;100;100;100;0;0;100;100;0;0;100;0;0;0;100;100;100;100;0;0;0;0;0;0;0;0;0;0;0;0;0;0;0;100;0;100;100;0;100;0;0;0;100;100;100;0;100;0;100;0;0;0;0;0;0;0;0;0;0;0;0;100;100;0;100;0;100;0;0;100;100;100;100;100;0;0;0;0;0;0;0;0;0;0;0;0;100;0;100;100;100;100;0;100;0;0;0;0;0;100;0;100;100;0;0;0;100;0;0;0;0;0;0;0;0;0;0;0;0;0;0;100;0;0;0;0;0;0;0;0;0;0;0;0;0;0;0;0;0;0;0;0;0;0;0;0;0;0;100;0;100;0;100;100;100;0;100;0;100;0;100;100;100;0;100;100;100;100;0;100;0;100;0;0;0;0;100;100;0;0;0;0;0;0;0;0;0;100;0;0;100;100;0;100;100;0;0;0;0;0;0;0;0;0;0;0;0;0;0;0;0;0;0;0;0;0;0;0;0;0;0;0;0;0;0;0;0;0;0;0;0;0;0;0;0;0;0;0;0;0;0;0;0;0;0;0;0;0;100;100;0;100;0;0;0;0;0;0;0;0;0;0;0;0;0;0;0;0;0;0;0;0;100;0;100;100;0;100;0;0;0;0;0;0;0;0;0;100;100;0;0;0;0;;;;;
7_1984;100.00;100;0;100;100;100;0;0;100;100;0;0;100;0;0;0;100;100;100;100;0;0;0;0;0;0;0;0;0;0;0;0;0;0;0;100;0;100;100;0;100;0;0;0;100;100;100;0;100;0;100;0;0;0;0;0;0;0;0;0;0;0;0;100;100;0;100;0;100;0;0;100;100;100;100;100;0;0;0;0;0;0;0;0;0;0;0;0;100;0;100;100;100;100;0;100;0;0;0;0;0;100;41.93548387;100;100;0;0;0;100;0;0;0;0;0;0;0;0;0;0;0;0;0;0;100;0;0;0;0;0;0;0;0;0;0;0;0;0;0;0;0;0;0;0;0;0;0;0;0;0;0;100;0;100;0;100;100;100;0;3.225806452;0;100;100;100;100;100;0;100;100;100;100;0;100;0;100;0;0;0;0;100;100;0;0;0;0;0;0;0;0;0;100;0;0;100;100;0;100;100;0;0;0;45.16129032;48.38709677;0;0;0;0;0;0;0;0;0;0;0;0;0;0;0;0;0;0;0;0;0;0;0;0;0;0;0;0;0;0;0;0;0;0;0;0;0;0;0;0;0;0;0;0;0;0;0;0;100;100;0;100;0;0;0;0;0;0;0;0;0;0;0;0;0;0;0;0;0;0;0;0;100;0;100;100;0;100;0;0;0;0;0;0;0;0;0;100;100;0;0;0;0;;;;;
8_1984;100.00;100;0;100;100;100;0;0;100;100;0;0;100;0;0;0;100;100;100;100;0;0;0;0;0;0;0;0;0;0;0;0;0;0;0;100;0;100;100;0;0;0;0;0;100;0;100;0;100;0;100;0;0;0;0;0;0;0;0;0;0;0;0;100;100;0;100;0;100;0;0;100;100;100;100;100;0;0;0;0;0;0;0;0;0;0;0;0;100;0;100;100;100;100;0;100;0;0;0;0;0;100;100;100;100;0;0;0;100;0;0;0;0;0;0;0;0;0;0;0;0;0;0;100;0;0;0;0;0;0;0;0;0;0;0;0;0;0;0;0;0;0;0;0;0;0;0;0;0;0;100;0;100;0;100;100;100;0;3.225806452;0;100;100;100;100;100;0;100;100;100;100;0;100;0;100;0;0;0;0;100;100;0;0;0;0;0;0;0;0;0;100;0;0;100;100;0;100;100;0;0;0;100;100;0;0;0;0;0;0;0;0;0;0;0;0;0;0;0;0;0;0;0;0;0;0;0;0;0;0;0;0;0;0;0;0;0;0;0;0;0;0;0;0;0;0;0;0;0;0;0;0;100;100;0;100;0;0;0;0;0;0;0;0;0;0;0;0;0;0;0;0;0;0;0;0;100;0;100;100;0;100;0;0;0;0;0;0;0;0;0;100;100;0;0;0;0;;;;;
9_1984;100.00;100;0;100;100;100;0;0;100;100;0;0;100;100;0;0;100;100;100;100;0;0;0;0;0;0;0;0;0;0;0;0;0;0;0;100;0;100;100;0;100;0;0;0;100;0;100;0;100;0;100;0;0;0;0;0;0;0;0;0;0;0;0;100;100;0;100;0;100;0;0;100;100;100;100;100;0;0;0;0;0;0;0;0;0;0;0;0;100;0;100;100;100;100;0;100;0;0;0;0;0;100;100;100;100;0;0;0;100;0;0;0;0;0;0;0;0;0;0;0;0;0;0;100;0;0;0;0;0;0;0;0;0;0;0;0;0;0;0;0;0;0;0;0;0;0;0;0;0;0;100;0;100;0;100;100;100;0;0;0;100;100;100;100;100;0;100;100;100;100;0;100;0;100;0;0;0;0;100;100;0;0;0;0;0;0;0;0;0;100;0;0;100;100;0;100;100;0;0;0;100;100;0;0;0;0;0;0;0;0;0;0;0;0;0;0;0;0;0;0;0;0;0;0;0;0;0;0;0;0;0;0;0;0;0;0;0;0;0;0;0;0;0;0;0;0;0;0;0;0;100;100;0;100;0;0;0;0;0;0;0;0;0;0;0;0;0;0;0;0;0;0;0;0;100;0;100;100;0;100;0;0;0;0;0;0;0;0;0;100;100;0;0;0;0;;;;;
10_1984;100.00;100;0;100;100;100;0;0;100;100;0;0;100;100;0;0;100;100;100;100;0;0;0;0;0;0;0;0;0;0;0;0;0;0;0;100;0;100;100;0;100;0;0;0;100;0;100;0;100;0;100;0;0;0;0;0;0;0;0;0;0;0;0;100;100;0;100;0;100;0;0;100;100;100;100;100;0;0;0;0;0;0;0;0;0;0;0;0;100;0;100;100;100;100;0;100;0;0;0;0;0;100;100;100;100;0;0;0;100;0;0;0;0;0;0;0;0;0;0;0;0;0;0;100;0;0;0;0;0;0;0;0;0;0;0;0;0;0;0;0;0;0;0;0;0;0;0;0;0;0;100;0;100;0;100;100;100;0;3.225806452;0;100;100;100;100;100;0;100;100;100;100;0;100;0;100;0;0;0;0;100;100;0;0;0;0;0;0;0;0;0;100;0;0;100;100;0;100;100;0;0;0;100;100;0;0;0;0;0;0;0;0;0;0;0;0;0;0;0;0;0;0;0;0;0;0;0;0;0;0;0;0;0;0;0;0;0;0;0;0;0;0;0;0;0;0;0;0;0;0;0;0;100;100;0;100;0;0;0;0;0;0;0;0;0;0;0;0;0;0;0;0;0;0;0;0;100;0;100;100;0;100;0;0;0;0;0;0;0;0;0;100;100;0;0;0;0;;;;;
11_1984;100.00;100;0;100;100;100;0;0;100;100;0;0;100;100;0;0;100;100;100;100;0;0;0;0;0;0;0;0;0;0;0;0;0;0;0;100;0;100;100;0;100;0;0;0;100;100;100;0;100;0;100;0;0;0;0;0;0;0;0;0;0;0;0;0;100;0;100;0;100;0;0;100;100;100;100;100;0;0;0;0;0;0;0;0;0;0;0;0;100;0;100;100;100;100;0;100;0;0;0;0;0;100;100;100;100;0;0;0;100;0;0;0;0;0;0;0;0;0;0;0;0;0;0;100;0;0;0;0;0;0;0;0;0;0;0;0;0;0;0;0;0;0;0;0;0;0;0;0;0;0;100;0;100;0;100;100;100;0;0;0;100;100;100;100;100;0;100;100;100;100;0;100;0;100;0;0;100;0;100;100;0;0;0;0;0;0;0;0;0;100;0;0;100;100;0;100;100;0;0;0;100;100;0;0;0;0;0;0;0;0;0;0;0;0;0;0;0;0;0;0;0;0;0;0;0;0;0;0;0;0;0;0;0;0;0;0;0;0;0;0;0;0;0;0;0;0;0;0;0;0;100;100;0;100;0;0;0;0;0;0;0;0;0;0;0;0;0;0;0;0;0;0;0;0;100;0;100;100;0;100;0;0;0;0;0;0;0;0;0;100;100;0;0;0;0;;;;;
12_1984;100.00;100;0;100;100;100;0;0;100;100;0;0;0;100;0;0;100;100;100;100;0;0;0;0;0;0;0;0;0;0;0;0;0;0;0;100;0;100;100;0;100;0;0;0;100;100;100;0;100;0;100;0;0;0;0;0;0;0;0;0;0;0;0;0;100;0;100;0;100;0;0;100;100;100;100;100;0;0;0;0;0;0;0;0;0;0;0;0;100;0;100;100;100;100;0;100;0;0;0;0;0;100;100;100;100;0;0;0;100;0;0;0;0;0;0;0;0;0;0;0;0;0;0;100;0;0;0;0;0;0;0;0;0;0;0;0;0;0;0;0;0;0;0;0;0;0;0;0;0;0;100;0;100;0;100;100;100;0;100;0;100;100;100;100;100;0;100;100;100;100;0;100;0;100;0;0;100;0;100;100;0;0;0;0;0;0;0;0;0;100;0;0;100;100;0;100;100;0;0;0;100;100;0;0;0;0;0;0;0;0;0;0;0;0;0;0;0;0;0;0;0;0;0;0;0;0;0;0;0;0;0;0;0;0;0;0;0;0;0;0;0;0;0;0;0;0;0;0;0;0;100;100;0;100;0;0;0;0;0;0;0;0;0;0;0;0;0;0;0;0;0;0;0;0;100;0;100;100;0;100;0;0;0;0;0;0;0;0;0;100;100;0;0;0;0;;;;;
1_1985;100.00;100;0;100;100;100;0;0;100;100;0;0;100;100;0;0;100;100;100;100;0;0;0;0;0;0;0;0;0;0;0;0;0;0;0;100;0;100;100;0;100;0;0;0;100;100;100;0;100;0;100;0;0;0;0;0;0;0;0;0;0;0;0;100;100;0;100;0;100;0;0;100;100;100;100;100;0;0;0;0;0;0;0;0;0;0;0;0;100;0;100;100;100;100;0;100;0;0;0;0;0;100;100;100;100;0;0;0;100;0;0;0;0;0;0;0;0;0;0;0;0;0;0;100;0;0;0;0;0;0;0;0;0;0;0;0;0;0;0;0;0;0;0;0;0;0;0;0;0;0;100;0;100;0;100;100;100;0;100;0;100;100;100;100;100;0;100;100;100;100;0;100;0;100;0;0;100;0;100;100;0;0;0;0;0;0;0;0;0;100;0;0;100;100;0;100;100;0;0;0;100;100;0;0;0;0;0;0;0;0;0;0;0;0;0;0;0;0;0;0;0;0;0;0;0;0;0;0;0;0;0;0;0;0;0;0;0;0;0;0;0;0;0;0;0;0;0;0;0;0;100;100;0;100;0;0;0;0;0;0;0;0;0;0;0;0;0;0;0;0;0;0;0;0;100;0;100;100;0;100;0;0;0;0;0;0;0;0;0;100;100;0;0;0;0;;;;;
2_1985;100.00;100;0;100;100;100;0;0;100;100;0;0;100;100;0;0;100;100;100;100;0;0;0;0;0;0;0;0;0;0;0;0;0;0;0;100;0;100;100;0;100;0;0;0;100;100;100;0;100;0;100;0;0;0;0;0;0;0;0;0;0;0;0;100;0;0;100;0;100;0;0;100;100;100;100;100;0;0;0;0;0;0;0;0;0;0;0;0;100;0;100;100;100;100;0;100;0;0;0;0;0;96.42857143;100;100;100;0;0;0;100;0;0;0;0;0;0;0;0;0;0;0;0;0;0;92.85714286;0;0;0;0;0;0;0;0;0;0;0;0;0;0;0;0;0;0;0;0;0;0;0;0;0;0;100;0;100;0;100;100;100;0;100;0;100;100;100;100;100;0;100;100;100;100;0;100;0;100;0;0;100;0;100;100;0;0;0;0;0;0;0;0;0;100;0;0;100;100;0;100;100;0;0;0;100;100;0;0;0;0;0;0;0;0;0;0;0;0;0;0;0;0;0;0;0;0;0;0;0;0;0;0;0;0;0;0;0;0;0;0;0;0;0;0;0;0;0;0;0;0;0;0;0;0;100;100;0;100;0;0;0;0;0;0;0;0;0;0;0;0;0;0;0;0;0;0;0;0;100;0;100;100;0;100;0;0;0;0;0;0;0;0;0;100;100;0;0;0;0;;;;;
3_1985;100.00;100;0;100;100;0;0;0;100;100;0;0;100;100;0;0;100;100;100;100;0;0;0;0;0;0;0;0;0;0;0;0;0;0;0;100;0;100;100;0;0;0;0;0;100;100;100;0;100;0;100;0;0;0;0;0;0;0;0;0;0;0;0;100;100;0;100;0;100;0;0;100;100;100;100;100;0;0;0;0;0;0;0;0;0;0;0;0;100;0;100;100;100;100;0;100;0;0;0;0;0;100;100;100;100;0;0;0;100;0;0;0;0;0;0;0;0;0;0;0;0;0;0;100;0;0;0;0;0;0;0;0;0;0;0;0;0;0;0;0;0;0;0;0;0;0;0;0;0;0;100;0;100;100;100;100;100;0;100;0;100;100;100;100;100;0;100;100;100;100;0;100;0;100;0;0;100;0;100;100;0;0;0;0;0;0;0;0;0;100;0;0;100;100;0;100;100;0;0;0;100;100;0;0;0;0;0;0;0;0;0;0;0;0;0;0;0;0;0;0;0;0;0;0;0;0;0;0;0;0;0;0;0;0;0;0;0;0;0;0;0;0;0;0;0;0;0;0;0;0;100;100;0;100;0;0;0;0;0;0;0;0;0;0;0;0;0;0;0;0;0;0;0;0;100;0;100;100;0;100;0;0;0;0;0;0;0;0;0;100;100;0;0;0;0;;;;;
4_1985;100.00;100;0;100;100;100;0;0;100;100;0;0;100;100;0;0;100;100;100;100;0;0;0;0;0;0;0;0;0;0;0;0;0;0;0;100;0;100;100;0;0;0;0;0;100;100;100;0;100;0;100;0;0;0;0;0;0;0;0;0;0;0;0;100;100;0;100;0;100;0;0;100;100;100;100;100;0;0;0;0;0;0;0;0;0;0;0;0;100;0;100;100;100;100;0;100;0;0;0;0;0;100;100;100;100;0;0;0;100;0;0;0;0;0;0;0;0;0;0;0;0;0;0;100;0;0;0;0;0;0;0;0;0;0;0;0;0;0;0;0;0;0;0;0;0;0;0;0;0;0;100;0;100;100;100;100;100;0;100;0;100;100;100;100;100;0;100;100;100;100;0;100;0;100;0;0;100;0;100;100;0;0;0;0;0;0;0;0;0;100;0;0;100;100;0;100;100;0;0;0;100;100;0;0;0;0;0;0;0;0;0;0;0;0;0;0;0;0;0;0;0;0;0;0;0;0;0;0;0;0;0;0;0;0;0;0;0;0;0;0;0;0;0;0;0;0;0;0;0;0;100;100;0;100;0;0;0;0;0;0;0;0;0;0;0;0;0;0;0;0;0;0;0;0;100;0;100;100;0;100;0;0;0;0;0;0;0;0;0;100;100;0;0;0;0;;;;;
5_1985;100.00;100;0;100;100;100;0;0;100;100;0;0;100;100;0;0;100;100;100;100;0;0;0;0;0;0;0;0;0;0;0;0;0;0;0;100;0;100;100;0;0;0;0;0;100;100;100;0;100;0;100;0;0;0;0;0;0;0;0;0;0;0;0;100;100;0;100;0;100;0;0;100;100;100;100;100;0;0;0;0;0;0;0;0;0;0;0;0;100;0;100;100;100;100;0;100;0;0;0;0;0;100;100;100;100;0;0;0;100;0;0;0;0;0;0;0;0;0;0;0;0;0;0;100;0;0;0;0;0;0;0;0;0;0;0;0;0;0;0;0;0;0;0;0;0;0;0;0;0;0;100;0;100;100;100;100;100;0;100;0;100;100;100;100;100;0;100;100;100;100;0;100;0;100;0;0;100;0;100;100;0;0;0;0;0;0;0;0;0;100;0;0;100;100;0;100;100;0;0;0;100;100;0;0;0;0;0;0;0;0;0;0;0;0;0;0;0;0;0;0;0;0;0;0;0;0;0;0;0;0;0;0;0;0;0;0;0;0;0;0;0;0;0;0;0;0;0;0;0;0;100;100;0;100;0;0;0;0;0;0;0;0;0;0;0;0;0;0;0;0;0;0;0;0;100;0;100;0;0;100;0;0;0;0;0;0;0;0;0;100;100;0;0;0;0;;;;;
6_1985;100.00;100;0;100;100;0;0;0;100;100;0;0;100;100;0;0;100;100;100;100;0;0;0;0;0;0;0;0;0;0;0;0;0;0;0;100;0;100;100;0;0;0;0;0;100;100;100;0;100;0;100;0;0;0;0;0;0;0;0;0;0;0;0;100;100;0;100;0;0;0;0;100;100;100;100;100;0;0;0;0;0;0;0;0;0;0;0;0;100;0;100;100;100;100;0;100;0;0;0;0;0;100;100;100;100;0;0;0;100;0;0;0;0;0;0;0;0;0;0;0;0;0;0;100;0;0;0;0;0;0;0;0;0;0;0;0;0;0;0;0;0;0;0;0;0;0;0;0;0;0;100;0;100;100;100;100;100;0;100;0;100;100;100;100;100;0;100;100;0;100;0;100;0;100;0;0;100;0;100;100;0;0;0;0;0;0;0;0;0;100;0;0;100;100;0;100;100;0;0;0;100;100;0;0;0;0;0;0;0;0;0;0;0;0;0;0;0;0;0;0;0;0;0;0;0;0;0;0;0;0;0;0;0;0;0;0;0;0;0;0;0;0;0;0;0;0;0;0;0;0;100;100;0;100;0;0;0;0;0;0;0;0;0;0;0;0;0;0;0;0;0;0;0;0;100;0;100;100;0;100;0;0;0;0;0;0;0;0;0;100;100;0;0;0;0;;;;;
7_1985;100.00;100;0;100;100;0;0;0;100;100;0;0;0;100;0;0;100;100;100;100;0;0;0;0;0;0;0;0;0;0;0;0;0;0;0;100;0;100;100;0;0;0;0;0;100;100;100;0;100;0;100;0;0;0;0;0;0;0;0;0;0;0;0;100;100;0;100;0;100;0;0;100;100;100;100;100;0;0;0;0;0;0;0;0;0;0;0;0;100;0;100;100;100;100;0;100;0;0;0;0;0;100;100;100;100;0;0;0;100;0;0;0;0;0;0;0;0;0;0;0;0;0;0;100;0;0;0;0;0;0;0;0;0;0;0;0;0;0;0;0;0;0;0;0;0;0;0;0;0;0;100;0;100;100;100;100;100;0;100;0;100;100;100;100;100;0;100;100;0;100;0;100;0;100;0;0;100;0;100;100;0;0;0;0;0;0;0;0;0;100;0;0;100;100;0;100;100;0;0;0;100;100;0;0;0;0;0;0;0;0;0;0;0;0;0;0;0;0;0;0;0;0;0;0;0;0;0;0;0;0;0;0;0;0;0;0;0;0;0;0;0;0;0;0;0;0;0;0;0;0;100;100;0;100;0;0;0;0;0;0;0;0;0;0;0;0;0;0;0;0;0;0;0;0;100;0;100;100;0;100;0;0;0;0;0;0;0;0;0;100;100;0;0;0;0;;;;;
8_1985;100.00;100;0;100;100;0;0;0;100;100;0;0;100;100;0;0;100;100;100;100;0;0;0;0;0;0;0;0;0;0;0;0;0;0;0;100;0;100;100;0;0;0;0;0;100;100;100;0;100;0;100;0;0;0;0;0;0;0;0;0;0;0;0;100;0;0;100;0;100;0;0;100;100;100;100;100;0;0;0;0;0;0;0;0;0;0;0;0;100;0;100;100;100;100;0;100;0;0;0;0;0;100;100;100;100;0;0;0;100;0;0;0;0;0;0;0;0;0;0;0;0;0;0;100;0;0;0;0;0;0;0;0;0;0;0;0;0;0;0;0;0;0;0;0;0;0;0;0;0;0;100;0;100;100;0;100;100;0;100;0;100;100;100;100;100;0;100;100;0;100;0;100;0;100;0;0;100;0;100;100;0;0;0;0;0;0;0;0;0;100;0;0;100;100;0;100;100;0;0;0;100;100;0;0;0;0;0;0;0;0;0;0;0;0;0;0;0;0;0;0;0;0;0;0;0;0;0;0;0;0;0;0;0;0;0;0;0;0;0;0;0;0;0;0;0;0;0;0;0;0;100;100;0;100;0;0;0;0;0;0;0;0;0;0;0;0;0;0;0;0;0;0;0;0;100;0;0;100;0;100;0;0;0;0;0;0;0;0;0;100;100;0;0;0;0;;;;;
9_1985;100.00;100;0;100;100;0;0;0;100;100;0;0;100;100;0;0;0;100;100;100;0;0;0;0;0;0;0;0;0;0;0;0;0;0;0;100;0;100;100;0;0;0;0;0;100;0;100;0;100;0;100;0;0;0;0;0;0;0;0;0;0;0;0;100;100;0;100;0;0;0;0;100;100;100;100;100;0;0;0;0;0;0;0;0;0;0;0;0;100;0;100;100;100;100;0;100;0;0;0;0;0;100;100;100;100;0;0;0;100;0;0;0;0;0;0;0;0;0;0;0;0;0;0;100;0;0;0;0;0;0;0;0;0;0;0;0;0;0;0;0;0;0;0;0;0;0;0;0;0;0;100;0;100;100;0;100;100;0;100;0;100;100;100;100;100;0;100;100;100;100;0;100;0;100;0;0;100;0;100;100;0;0;0;0;0;0;0;0;0;100;0;0;100;100;0;100;100;0;0;0;100;100;0;0;0;0;0;0;0;0;0;0;0;0;0;0;0;0;0;0;0;0;0;0;0;0;0;0;0;0;0;0;0;0;0;0;0;0;0;0;0;0;0;0;0;0;0;0;0;0;100;100;0;100;0;0;0;0;0;0;0;0;0;0;0;0;0;0;0;0;0;0;0;0;100;0;0;100;0;100;0;0;0;0;0;0;0;0;0;100;100;0;0;0;0;;;;;
10_1985;100.00;100;0;100;100;0;0;0;100;100;0;0;100;100;0;0;0;100;100;100;0;0;0;0;0;0;0;0;0;0;0;0;0;0;0;100;0;100;100;0;0;0;0;0;100;100;100;0;100;100;100;0;0;0;0;0;0;0;0;0;0;0;0;100;0;0;100;0;100;0;0;100;100;100;100;100;0;0;0;0;0;0;0;0;0;0;0;0;100;0;100;100;100;100;0;100;0;0;0;0;0;100;100;100;100;0;0;0;96.77419355;0;0;0;0;0;0;0;0;0;0;0;0;0;0;100;0;0;0;0;0;0;0;0;0;0;0;0;0;0;0;0;0;0;0;0;0;0;0;0;0;0;100;0;100;100;100;100;100;0;100;0;100;100;100;100;100;0;100;100;100;100;0;100;0;100;0;0;100;0;100;100;0;0;0;0;0;0;0;0;0;100;0;0;100;100;0;100;100;0;0;0;100;100;0;0;0;0;0;0;0;0;0;0;0;0;0;0;0;0;0;0;0;0;0;0;0;0;0;0;0;0;0;0;0;0;0;0;0;0;0;0;0;0;0;0;0;0;0;0;0;0;100;100;0;100;0;0;0;0;0;0;0;0;0;0;0;0;0;0;0;0;0;0;0;0;100;0;0;100;0;100;0;0;0;0;0;0;0;0;0;100;100;0;0;0;0;;;;;
11_1985;100.00;100;0;100;100;0;0;0;100;100;0;0;100;100;0;0;0;100;100;100;0;0;0;0;0;0;0;0;0;0;0;0;0;0;0;100;0;100;100;0;0;0;0;0;100;100;100;0;100;100;100;0;0;0;0;0;0;0;0;0;0;0;0;100;100;0;100;0;100;0;0;100;100;100;100;100;0;0;0;0;0;0;0;0;0;0;0;0;100;0;100;100;100;100;0;100;0;0;0;0;0;100;100;100;100;0;0;0;100;0;0;0;0;0;0;0;0;0;0;0;0;0;0;100;0;0;0;0;0;0;0;0;0;0;0;0;0;0;0;0;0;0;0;0;0;0;0;0;0;0;100;0;100;100;100;100;100;0;100;0;100;100;100;100;100;0;100;100;100;100;0;100;0;100;0;0;100;0;100;100;0;0;0;0;0;0;0;0;0;100;0;0;100;100;0;100;100;0;0;0;100;100;0;0;0;0;0;0;0;0;0;0;0;0;0;0;0;0;0;0;0;0;0;0;0;0;0;0;0;0;0;0;0;0;0;0;0;0;0;0;0;0;0;0;0;0;0;0;0;0;100;100;0;100;0;0;0;0;0;0;0;0;0;0;0;0;0;0;0;0;0;0;0;0;100;0;100;100;0;100;0;0;0;0;0;0;0;0;0;100;100;0;0;0;0;;;;;
12_1985;100.00;100;0;100;100;0;0;0;100;100;0;0;100;100;0;0;0;100;100;100;0;0;0;0;0;0;0;0;0;0;0;0;0;0;0;100;0;100;100;0;0;0;0;0;0;100;100;0;100;100;100;0;0;0;0;0;0;0;0;0;0;0;0;100;100;0;100;0;100;0;0;100;100;100;100;100;0;0;0;0;0;0;0;0;0;0;0;0;100;0;100;100;100;100;0;100;0;0;0;0;0;100;100;100;100;0;0;0;100;0;0;0;0;0;0;0;0;0;0;0;0;0;0;100;0;0;0;0;0;0;0;0;0;0;0;0;0;0;0;0;0;0;0;0;0;0;0;0;0;0;100;0;100;100;100;100;100;0;100;0;100;100;100;100;100;0;100;100;100;100;0;100;0;100;0;0;100;0;100;100;0;0;0;0;0;0;0;0;0;100;0;0;100;100;0;100;100;0;0;0;100;100;0;0;0;0;0;0;0;0;0;0;0;0;0;0;0;0;0;0;0;0;0;0;0;0;0;0;0;0;0;0;0;0;0;0;0;0;0;0;0;0;0;0;0;0;0;0;0;0;100;100;0;100;0;0;0;0;0;0;0;0;0;0;0;0;0;0;0;0;0;0;0;0;100;0;100;100;0;100;0;0;0;0;0;0;0;0;0;100;100;0;0;0;0;;;;;
1_1986;100.00;100;0;100;100;0;0;0;100;100;0;0;100;100;0;0;100;100;100;100;0;0;0;0;0;0;0;0;0;0;0;0;0;0;0;100;0;100;100;0;0;96.77419355;0;0;0;100;100;0;100;100;100;0;0;0;0;0;0;0;0;0;0;0;0;0;0;0;100;0;100;90.32258065;0;100;100;100;100;100;0;0;0;0;0;0;0;0;0;0;0;0;100;0;100;100;0;100;0;100;0;0;0;0;0;100;100;100;100;0;0;0;100;0;0;0;0;0;0;0;0;0;0;0;0;0;0;100;0;0;0;0;0;0;0;0;0;0;0;0;0;0;0;0;0;0;0;0;0;0;0;0;0;0;100;0;100;100;0;100;100;0;100;0;100;100;100;100;100;0;100;100;100;0;96.77419355;100;0;100;0;0;100;0;100;100;0;0;0;0;0;0;0;0;0;100;0;0;100;100;0;100;100;0;0;0;100;100;0;0;0;0;0;0;0;0;0;0;0;0;0;0;0;0;0;0;0;0;0;0;0;0;0;0;0;0;0;0;0;0;0;0;0;0;0;0;0;0;0;0;0;0;0;0;0;0;100;100;0;100;0;0;0;0;0;0;0;0;0;0;0;0;0;0;0;0;0;0;0;0;100;0;100;100;0;100;0;0;0;0;0;0;0;0;0;100;100;0;0;0;0;;;;;
2_1986;100.00;100;0;100;100;0;0;0;100;100;0;0;100;100;0;0;100;100;100;100;0;0;0;0;0;0;0;0;0;0;0;0;0;0;0;100;0;100;100;0;0;100;0;0;0;100;100;0;100;100;100;0;0;0;0;0;0;0;0;0;0;0;0;0;100;0;100;0;100;100;0;100;100;100;100;100;0;0;0;0;0;0;0;0;0;0;0;0;100;0;100;100;0;100;0;100;0;0;0;0;0;100;100;100;100;0;0;0;100;0;0;0;0;0;0;0;0;0;0;0;0;0;0;100;0;0;0;0;0;0;0;0;0;0;0;0;0;0;0;0;0;0;0;0;0;0;0;0;0;0;100;0;100;100;100;0;100;0;100;0;100;100;100;100;100;0;100;100;100;0;100;100;0;100;0;0;100;0;100;100;0;0;0;0;0;0;0;0;0;100;0;0;100;100;0;100;100;0;0;0;100;100;0;0;0;0;0;0;0;0;0;0;0;0;0;0;0;0;0;0;0;0;0;0;0;0;0;0;0;0;0;0;0;0;0;0;0;0;0;0;0;0;0;0;0;0;0;0;0;0;100;100;0;100;0;0;0;0;0;0;0;0;0;0;0;0;0;0;0;0;0;0;0;0;100;0;100;100;0;100;0;0;0;0;0;0;0;0;0;100;100;0;0;0;0;;;;;
3_1986;100.00;0;0;100;100;0;0;0;100;100;0;0;100;100;0;0;100;100;100;100;0;0;0;0;0;0;0;0;0;0;0;0;0;0;0;100;0;100;100;0;0;100;0;0;0;100;100;0;100;100;100;0;0;0;0;0;0;0;0;0;0;0;0;0;100;0;100;0;100;100;0;100;100;100;100;100;0;0;0;0;0;0;0;0;0;0;0;0;100;0;100;100;0;100;0;100;0;0;0;0;0;93.5483871;100;100;100;0;0;0;100;0;0;0;0;0;0;0;0;0;0;0;0;0;0;100;0;0;0;0;0;0;0;0;0;0;0;0;0;0;0;0;0;0;0;0;0;0;0;0;0;0;100;0;100;100;100;100;100;0;100;0;100;100;100;100;100;0;100;100;100;0;100;100;0;0;0;0;100;0;100;100;0;0;0;0;0;0;0;0;0;100;0;0;100;100;0;100;100;0;0;0;100;100;0;0;0;0;0;0;0;0;0;0;0;0;0;0;0;0;0;0;0;0;0;0;0;0;0;0;0;0;0;0;0;0;0;0;0;0;0;0;0;0;0;0;0;0;0;0;0;0;100;100;0;100;0;0;0;0;0;0;0;0;0;0;0;0;0;0;0;0;0;0;0;0;100;0;100;100;0;100;0;0;0;0;0;0;0;0;0;100;100;0;0;0;0;;;;;
4_1986;100.00;0;0;100;100;0;0;0;100;100;0;0;100;100;0;0;100;100;100;100;0;0;0;0;0;0;0;0;0;0;0;0;0;0;0;100;0;100;100;0;0;100;0;0;0;100;100;0;100;100;100;0;0;0;0;0;0;0;0;0;0;0;0;0;100;0;100;0;100;100;0;100;100;100;100;100;0;0;0;0;0;0;0;0;0;0;0;0;100;0;100;100;0;100;0;100;0;0;0;0;0;100;100;100;100;0;0;0;100;0;0;0;0;0;0;0;0;0;0;0;0;0;0;100;0;0;0;0;0;0;0;0;0;0;0;0;0;0;0;0;0;0;0;0;0;0;0;0;0;0;100;0;100;100;100;100;100;0;100;0;100;100;100;100;100;0;100;100;100;0;100;100;0;100;0;0;100;0;100;100;0;0;0;0;0;0;0;0;0;100;0;0;100;100;0;100;100;0;0;0;100;100;0;0;0;0;0;0;0;0;0;0;0;0;0;0;0;0;0;0;0;0;0;0;0;0;0;0;0;0;0;0;0;0;0;0;0;0;0;0;0;0;0;0;0;0;0;0;0;0;100;100;0;100;0;0;0;0;0;0;0;0;0;0;0;0;0;0;0;0;0;0;0;0;100;0;100;100;0;100;0;0;0;0;0;0;0;0;0;100;100;0;0;0;0;;;;;
5_1986;100.00;0;0;100;100;0;0;0;100;100;0;0;100;100;0;0;100;100;100;100;0;0;0;0;0;0;0;0;0;0;0;0;0;0;0;100;0;100;100;0;0;100;0;0;0;100;100;0;100;100;100;0;0;0;0;0;0;0;0;0;0;0;0;0;100;0;100;0;100;100;0;100;0;100;100;100;0;0;0;0;0;0;0;0;0;0;0;0;100;0;100;100;0;100;0;100;0;0;0;0;0;100;100;100;100;0;0;0;100;0;0;0;0;0;0;0;0;0;0;0;0;0;0;100;0;0;0;0;0;0;0;0;0;0;0;0;0;0;0;0;0;0;0;0;0;0;0;0;0;0;100;0;100;100;100;100;100;0;100;0;100;100;100;100;0;0;100;100;100;0;100;100;0;100;0;0;100;0;100;100;0;0;0;0;0;0;0;0;0;100;0;0;100;100;0;100;100;0;0;0;100;100;0;0;0;0;0;0;0;0;0;0;0;0;0;0;0;0;0;0;0;0;0;0;0;0;0;0;0;0;0;0;0;0;0;0;0;0;0;0;0;0;0;0;0;0;0;0;0;0;100;100;0;100;0;0;0;0;0;0;0;0;0;0;0;0;0;0;0;0;0;0;0;0;100;0;100;100;0;100;0;0;0;0;0;0;0;0;0;100;100;0;0;0;0;;;;;
6_1986;100.00;0;0;100;100;0;0;0;100;100;0;0;100;100;0;0;100;100;100;100;0;0;0;0;0;0;0;0;0;0;0;0;0;0;0;100;0;100;100;0;0;0;0;0;0;100;100;0;100;100;100;0;0;0;0;0;0;0;0;0;0;0;0;0;100;0;100;0;100;0;0;100;0;100;100;100;0;0;0;0;0;0;0;0;0;0;0;0;100;0;100;100;0;100;0;100;0;0;0;0;0;100;100;100;100;0;0;0;100;0;0;0;0;0;0;0;0;0;0;0;0;0;0;100;0;0;0;0;0;0;0;0;0;0;0;0;0;0;0;0;0;0;0;0;0;0;0;0;0;0;100;0;100;100;100;100;100;0;100;0;100;100;100;100;100;0;100;100;0;0;0;100;0;100;0;0;100;0;100;100;0;0;0;0;0;0;0;0;0;100;0;0;100;100;0;100;100;0;0;0;100;100;0;0;0;0;0;0;0;0;0;0;0;0;0;0;0;0;0;0;0;0;0;0;0;0;0;0;0;0;0;0;0;0;0;0;0;0;0;0;0;0;0;0;0;0;0;0;0;0;100;100;0;100;0;0;0;0;0;0;0;0;0;0;0;0;0;0;0;0;0;0;0;0;100;0;100;100;0;100;0;0;0;0;0;0;0;0;0;100;13.33333333;0;0;0;0;;;;;
7_1986;100.00;0;0;100;100;0;0;0;100;100;0;0;100;100;0;0;100;100;100;100;0;0;0;0;0;0;0;0;0;0;0;0;0;0;0;100;0;100;100;0;0;100;0;0;0;100;100;0;100;100;100;0;0;0;0;0;0;0;0;0;0;0;0;0;100;0;100;0;100;96.77419355;0;0;0;100;100;100;0;0;0;0;0;0;0;0;0;0;0;0;100;0;100;100;0;100;0;100;0;0;0;0;0;100;100;100;100;0;0;0;100;0;0;0;0;0;0;0;0;0;0;0;0;0;0;100;0;0;0;0;0;0;0;0;0;0;0;0;0;0;0;0;0;0;0;0;0;0;0;0;0;0;100;0;100;100;100;100;100;0;100;0;100;100;100;100;100;0;100;100;0;0;96.77419355;100;0;100;0;0;100;0;100;100;0;0;0;0;0;0;0;0;0;100;0;0;100;100;0;100;100;0;0;0;100;100;0;0;0;0;0;0;0;0;0;0;0;0;0;0;0;0;0;0;0;0;0;0;0;0;0;0;0;0;0;0;0;0;0;0;0;0;0;0;0;0;0;0;0;0;0;0;0;0;100;100;0;100;0;0;0;0;0;0;0;0;0;0;0;0;0;0;0;0;0;0;0;0;100;0;100;100;0;100;0;0;0;0;0;0;0;0;0;100;100;0;0;0;0;;;;;
8_1986;100.00;0;0;100;100;0;0;0;100;100;0;0;100;100;0;0;100;100;100;100;0;0;0;0;0;0;0;0;0;0;0;0;0;0;0;100;0;100;100;0;0;100;0;0;0;100;100;0;100;100;100;0;0;0;0;0;0;0;0;0;0;0;0;0;100;0;100;0;100;100;0;100;0;100;100;100;0;0;0;0;0;0;0;0;0;0;0;0;100;0;100;100;0;100;0;100;0;0;0;0;0;100;100;100;100;0;0;0;100;0;0;0;0;0;0;0;0;0;0;0;0;0;0;100;0;0;0;0;0;0;0;0;0;0;0;0;0;0;0;0;0;0;0;0;0;0;0;0;0;0;100;0;100;100;0;100;100;0;100;0;100;100;100;100;100;0;100;100;0;0;100;100;0;100;0;0;100;0;100;100;0;0;0;0;0;0;0;0;0;100;0;0;100;100;0;100;100;0;0;0;100;100;0;0;0;0;0;0;0;0;0;0;0;0;0;0;0;0;0;0;0;0;0;0;0;0;0;0;0;0;0;0;0;0;0;0;0;0;0;0;0;0;0;0;0;0;0;0;0;0;100;100;0;100;0;0;0;0;0;0;0;0;0;0;0;0;0;0;0;0;0;0;0;0;100;0;100;100;0;100;0;0;0;0;0;0;0;0;0;100;100;0;0;0;0;;;;;
9_1986;100.00;0;0;100;100;0;0;0;100;100;0;0;100;100;0;0;100;100;100;100;0;0;0;0;0;0;0;0;0;0;0;0;0;0;0;100;0;100;100;0;0;0;0;0;0;100;100;0;100;100;100;0;0;0;0;0;0;0;0;0;0;0;0;0;100;0;100;0;100;0;0;100;0;100;100;100;0;0;0;0;0;0;0;0;0;0;0;0;100;0;100;100;0;100;0;100;0;0;0;0;0;100;100;100;100;0;0;0;100;0;0;0;0;0;0;0;0;0;0;0;0;0;0;100;0;0;0;0;0;0;0;0;0;0;0;0;0;0;0;0;0;0;0;0;0;0;0;0;0;0;100;0;100;100;0;0;100;0;100;0;100;100;100;100;100;0;100;100;0;0;0;100;0;100;0;0;100;0;100;100;0;0;0;0;0;0;0;0;0;100;0;0;100;100;0;100;100;0;0;0;100;100;0;0;0;0;0;0;0;0;0;0;0;0;0;0;0;0;0;0;0;0;0;0;0;0;0;0;0;0;0;0;0;0;0;0;0;0;0;0;0;0;0;0;0;0;0;0;0;0;100;100;0;100;0;0;0;0;0;0;0;0;0;0;0;0;0;0;0;0;0;0;0;0;100;0;100;100;0;100;0;0;0;0;0;0;0;0;0;100;100;0;0;0;0;;;;;
10_1986;100.00;0;0;100;100;0;0;0;100;100;0;0;100;100;0;0;100;100;100;100;0;0;0;0;0;0;0;0;0;0;0;0;0;0;0;100;0;100;100;0;0;100;0;0;0;100;100;0;100;100;100;0;0;0;0;0;0;0;0;0;0;0;0;0;100;0;100;0;100;96.77419355;0;100;100;100;100;100;0;0;0;0;0;0;0;0;0;0;0;0;100;0;100;100;0;100;0;100;0;0;0;0;0;100;100;100;100;0;0;0;100;0;0;0;0;0;0;0;0;0;0;0;0;0;0;100;0;0;0;0;0;0;0;0;0;0;0;0;0;0;0;0;0;0;0;0;0;0;0;0;0;0;100;0;100;100;0;100;100;0;100;0;100;100;100;100;100;0;100;100;100;0;90.32258065;100;0;100;0;0;100;0;100;100;0;0;0;0;0;0;0;0;0;100;0;0;100;100;0;100;100;0;0;0;100;100;0;0;0;0;0;0;0;0;0;0;0;0;0;0;0;0;0;0;0;0;0;0;0;0;0;0;0;0;0;0;0;0;0;0;0;0;0;0;0;0;0;0;0;0;0;0;0;0;100;100;0;100;0;0;0;0;0;0;0;0;0;0;0;0;0;0;0;0;0;0;0;0;100;0;100;0;0;100;0;0;0;0;0;0;0;0;0;100;100;0;0;0;0;;;;;
11_1986;100.00;0;0;100;100;0;0;0;100;100;0;0;100;0;0;0;100;100;100;100;0;0;0;0;0;0;0;0;0;0;0;0;0;0;0;100;0;100;100;0;0;0;0;0;0;100;100;0;0;100;100;0;0;0;0;0;0;0;0;0;0;0;0;0;100;0;76.66666667;0;100;0;0;100;100;100;100;100;0;0;0;0;0;0;0;0;0;0;0;0;100;0;100;100;0;100;0;100;0;0;0;0;0;100;100;100;100;0;0;0;100;0;0;0;0;0;0;0;0;0;0;0;0;0;0;100;0;0;0;0;0;0;0;0;0;0;0;0;0;0;0;0;0;0;0;0;0;0;0;0;0;0;100;0;100;100;0;100;100;0;100;0;100;100;100;100;100;0;100;100;100;0;0;100;0;100;0;0;100;0;100;100;0;0;0;0;0;0;0;0;0;100;0;0;100;100;0;100;100;0;0;0;100;100;0;0;0;0;0;0;0;0;0;0;0;0;0;0;0;0;0;0;0;0;0;0;0;0;0;0;0;0;0;0;0;0;0;0;0;0;0;0;0;0;0;0;0;0;0;0;0;0;100;100;0;100;0;0;0;0;0;0;0;0;0;0;0;0;0;0;0;0;0;0;0;0;100;0;100;0;0;100;0;0;0;0;0;0;0;0;0;100;100;0;0;0;0;;;;;
12_1986;100.00;0;0;100;100;0;0;0;100;100;0;0;100;100;0;0;100;100;100;100;0;0;0;0;0;0;0;0;0;0;0;0;0;0;0;100;0;100;100;0;0;100;0;0;0;100;100;0;100;100;100;0;0;0;0;0;0;0;0;0;0;0;0;0;100;0;100;0;100;96.77419355;0;100;100;100;100;100;0;0;0;0;0;0;0;0;0;0;0;0;100;0;100;100;0;100;0;100;0;0;0;0;0;100;100;100;100;0;0;0;100;0;0;0;0;0;0;0;0;0;0;0;0;0;0;100;0;0;0;0;0;0;0;0;0;0;0;0;0;0;0;0;0;0;0;0;0;0;0;0;0;0;100;0;100;100;0;100;100;0;100;0;100;100;100;100;100;0;100;100;100;0;96.77419355;100;0;100;0;0;100;0;100;100;0;0;0;0;0;0;0;0;0;100;0;0;100;100;0;100;100;0;0;0;100;100;0;0;0;0;0;0;0;0;0;0;0;0;0;0;0;0;0;0;0;0;0;0;0;0;0;0;0;0;0;0;0;0;0;0;0;0;0;0;0;0;0;0;0;0;0;0;0;0;100;100;0;100;0;0;0;0;0;0;0;0;0;0;0;0;0;0;0;0;0;0;0;0;100;0;100;0;0;100;0;0;0;0;0;0;0;0;0;100;100;0;0;0;0;;;;;
1_1987;100.00;0;0;100;100;0;0;0;100;100;0;0;100;100;0;0;0;100;100;100;0;0;0;0;0;0;0;0;0;0;0;0;0;0;0;100;0;100;100;0;0;100;0;0;0;100;100;0;100;0;100;0;0;0;0;0;0;0;0;0;0;0;0;0;100;0;100;0;100;100;0;100;100;100;100;100;0;0;0;0;0;0;0;0;0;0;0;0;100;0;100;100;0;100;0;100;0;0;0;0;0;100;100;100;100;0;0;0;100;0;0;0;0;0;0;0;0;0;0;0;0;0;0;100;0;0;0;0;0;0;0;0;0;0;0;0;0;0;0;0;0;0;0;0;0;0;0;0;0;0;100;0;100;100;0;100;100;0;100;0;100;100;100;100;0;0;100;100;0;0;93.5483871;100;0;100;0;0;100;0;100;100;0;0;0;0;0;0;0;0;100;100;0;0;100;100;0;100;100;0;0;0;100;100;0;0;0;0;0;0;0;0;0;0;0;0;0;0;0;0;0;0;0;0;0;0;0;0;0;0;0;0;0;0;0;0;0;0;0;0;0;0;0;0;0;0;0;0;0;0;0;0;100;100;0;100;0;0;0;0;0;0;0;0;0;0;0;0;0;0;0;0;0;0;0;0;100;0;100;0;0;100;0;0;0;0;0;0;0;0;0;100;100;0;0;0;0;;;;;
2_1987;100.00;0;0;100;100;0;0;0;0;100;0;0;100;100;0;0;0;100;100;100;0;0;0;0;0;0;0;0;0;0;0;0;0;0;0;100;0;100;100;0;0;100;0;0;0;100;100;0;100;0;100;0;0;0;0;0;0;0;0;0;0;0;0;0;0;0;100;0;100;100;0;100;100;100;100;100;0;0;0;0;0;0;0;0;0;0;0;0;100;0;100;100;0;100;0;100;0;0;0;0;0;100;100;100;100;0;0;0;100;0;0;0;0;0;0;0;0;0;0;0;0;0;0;100;0;0;0;0;0;0;0;0;0;0;0;0;0;0;0;0;0;0;0;0;0;0;0;0;0;0;100;0;100;100;0;100;100;0;100;0;100;100;100;100;100;0;100;100;0;0;100;100;0;100;0;0;0;0;100;100;0;0;0;0;0;0;0;0;0;100;0;0;100;100;0;100;100;0;0;0;100;100;0;0;0;0;0;0;0;0;0;0;0;0;0;0;0;0;0;0;0;0;0;0;0;0;0;0;0;0;0;0;0;0;0;0;0;0;0;0;0;0;0;0;0;0;0;0;0;0;100;100;0;100;0;0;0;0;0;0;0;0;0;0;0;0;0;0;0;0;0;0;0;0;100;0;100;100;0;100;0;0;0;0;0;0;0;0;0;100;100;0;0;0;0;;;;;
3_1987;100.00;0;0;100;100;0;0;0;100;100;0;0;100;100;0;0;0;100;100;100;0;0;0;0;0;0;0;0;0;0;0;0;0;0;0;100;0;100;100;0;0;100;0;0;0;100;100;0;100;0;100;0;0;0;0;0;0;0;0;0;0;0;0;0;100;0;100;0;100;100;0;100;100;100;100;100;0;0;0;0;0;0;0;0;0;0;0;0;100;0;100;100;0;100;0;100;0;0;0;0;0;100;100;100;100;0;0;0;100;0;0;0;0;0;0;0;0;0;0;0;0;0;0;100;0;0;0;0;0;0;0;0;0;0;0;0;0;0;0;0;0;0;0;0;0;0;0;0;0;0;100;0;100;100;100;100;100;0;100;0;100;100;100;100;100;0;100;100;100;0;100;100;0;100;0;0;100;0;100;100;0;0;0;0;0;0;0;0;0;100;0;0;100;100;0;100;100;0;0;0;100;100;0;0;0;0;0;0;0;0;0;0;0;0;0;0;0;0;0;0;0;0;0;0;0;0;0;0;0;0;0;0;0;0;0;0;0;0;0;0;0;0;0;0;0;0;0;0;0;0;100;100;0;96.77419355;0;0;0;0;0;0;0;0;0;0;0;0;0;0;0;0;0;0;0;0;100;0;100;100;0;100;0;0;0;0;0;0;0;0;0;100;100;0;0;0;0;;;;;
4_1987;100.00;0;0;100;100;0;0;0;100;100;0;0;100;100;0;0;0;100;100;100;0;0;0;0;0;0;0;0;0;0;0;0;0;0;0;100;0;100;100;0;0;100;0;0;0;100;100;0;100;0;100;0;0;0;0;0;0;0;0;0;0;0;0;0;100;0;100;0;100;100;0;100;100;100;100;100;0;0;0;0;0;0;0;0;0;0;0;0;100;0;100;100;0;100;0;100;0;0;0;0;0;100;100;100;100;0;0;0;100;0;0;0;0;0;0;0;0;0;0;0;0;0;0;100;0;0;0;0;0;0;0;0;0;0;0;0;0;0;0;0;0;0;0;0;0;0;0;0;0;0;100;0;100;0;100;100;100;0;100;0;100;100;100;100;100;0;100;100;100;0;100;100;0;100;0;0;100;0;100;100;0;0;0;0;0;0;0;0;0;100;0;0;100;100;0;100;100;0;0;0;100;100;0;0;0;0;0;0;0;0;0;0;0;0;0;0;0;0;0;0;0;0;0;0;0;0;0;0;0;0;0;0;0;0;0;0;0;0;0;0;0;0;0;0;0;0;0;0;0;0;100;100;0;100;0;0;0;0;0;0;0;0;0;0;0;0;0;0;0;0;0;0;0;0;100;0;100;100;0;100;0;0;0;0;0;0;0;0;0;100;100;0;0;0;0;;;;;
5_1987;100.00;0;0;100;100;0;0;0;100;100;0;0;100;100;0;0;0;100;100;100;0;0;0;0;0;0;0;0;0;0;0;0;0;0;0;100;0;100;100;0;0;100;0;0;0;100;100;0;100;0;100;0;0;0;0;0;0;0;0;0;0;0;0;0;100;0;100;0;100;100;0;100;100;100;100;100;0;0;0;0;0;0;0;0;0;0;0;0;100;0;100;100;0;100;0;100;0;0;0;0;0;100;100;100;100;0;0;0;100;0;0;0;0;0;0;0;0;0;0;0;0;0;0;100;0;0;0;0;0;0;0;0;0;0;0;0;0;0;0;0;0;0;0;0;0;0;0;0;0;0;100;0;100;100;100;100;100;0;100;0;100;100;0;100;100;0;100;100;0;0;100;100;0;0;0;0;0;0;100;100;0;0;0;0;0;0;0;0;0;100;0;0;100;100;0;100;100;0;0;0;100;100;0;0;0;0;0;0;0;0;0;0;0;0;0;0;0;0;0;0;0;0;0;0;0;0;0;0;0;0;0;0;0;0;0;0;0;0;0;0;0;0;0;0;0;0;0;0;0;0;100;100;0;100;0;0;0;0;0;0;0;0;0;0;0;0;0;0;0;0;0;0;0;0;100;0;100;100;0;100;0;0;0;0;0;0;0;0;0;100;100;0;0;0;0;;;;;
6_1987;100.00;0;0;100;100;0;0;0;100;100;0;0;100;100;0;0;0;100;100;100;0;0;0;0;0;0;0;0;0;0;0;0;0;0;0;100;0;100;100;0;0;100;0;0;0;100;100;0;100;0;100;0;0;0;0;0;0;0;0;0;0;0;0;0;100;0;100;0;100;100;0;100;100;100;100;100;0;0;0;0;0;0;0;0;0;0;0;0;100;0;100;100;0;100;0;100;0;0;0;0;0;100;100;100;100;0;0;0;100;0;0;0;0;0;0;0;0;0;0;0;0;0;0;100;0;0;0;0;0;0;0;0;0;0;0;0;0;0;0;0;0;0;0;0;0;0;0;0;0;0;100;0;100;100;100;100;100;0;100;0;100;100;100;100;100;0;100;100;0;0;100;100;0;100;0;0;0;0;100;100;0;0;0;0;0;0;0;0;100;100;0;0;100;100;0;100;100;0;0;0;100;100;0;0;0;0;0;0;0;0;0;0;0;0;0;0;0;0;0;0;0;0;0;0;0;0;0;0;0;0;0;0;0;0;0;0;0;0;0;0;0;0;0;0;0;0;0;0;0;0;100;100;0;100;0;0;0;0;0;0;0;0;0;0;0;0;0;0;0;0;0;0;0;0;100;0;100;100;0;100;0;0;0;0;0;0;0;0;0;100;100;0;0;0;0;;;;;
7_1987;100.00;0;0;100;100;0;0;0;100;100;0;0;100;100;0;0;0;100;100;100;0;0;0;0;0;0;0;0;0;0;0;0;0;0;0;100;0;100;100;0;0;100;0;0;0;100;100;0;100;0;100;0;0;0;0;0;0;0;0;0;0;0;0;0;100;0;100;0;100;96.77419355;0;100;100;100;100;100;0;0;0;0;0;0;0;0;0;0;0;0;100;0;100;100;0;100;0;100;0;0;0;0;0;100;100;100;100;0;0;0;100;0;0;0;0;0;0;0;0;0;0;0;0;0;0;100;0;0;0;0;0;0;0;0;0;0;0;0;0;0;0;0;0;0;0;0;0;0;0;0;0;0;100;0;100;100;100;100;100;0;100;0;100;100;100;100;100;0;100;100;0;0;100;100;0;100;0;0;0;0;100;100;0;0;0;0;0;0;0;0;0;100;0;0;100;100;0;100;100;0;0;0;100;100;0;0;0;0;0;0;0;0;0;0;0;0;0;0;0;0;0;0;0;0;0;0;0;0;0;0;0;0;0;0;0;0;0;0;0;0;0;0;0;0;0;0;0;0;0;0;0;0;100;100;0;100;0;0;0;0;0;0;0;0;0;0;0;0;0;0;0;0;0;0;0;0;100;0;100;100;0;100;0;0;0;0;0;0;0;0;0;100;100;0;0;0;0;;;;;
8_1987;0.00;0;0;100;100;0;0;0;100;100;0;0;100;100;0;0;0;100;100;100;0;0;0;0;0;0;0;0;0;0;0;0;0;0;0;100;0;100;100;0;0;100;0;0;0;100;100;0;100;0;100;0;0;0;0;0;0;0;0;0;0;0;0;0;100;0;100;0;100;100;0;100;100;100;100;100;0;0;0;0;0;0;0;0;0;0;0;0;100;0;100;100;0;100;0;100;0;0;0;0;0;100;100;100;100;0;0;0;100;0;0;0;0;0;0;0;0;0;0;0;0;0;0;100;0;0;0;0;0;0;0;0;0;0;0;0;0;0;0;0;0;0;0;0;0;0;0;0;0;0;100;0;100;100;100;100;100;0;100;0;100;100;100;0;100;0;100;100;0;0;100;100;0;100;0;0;0;0;100;100;0;0;0;0;0;0;0;0;0;100;0;0;100;100;0;100;100;0;0;0;100;100;0;0;0;0;0;0;0;0;0;0;0;0;0;0;0;0;0;0;0;0;0;0;0;0;0;0;0;0;0;0;0;0;0;0;0;0;0;0;0;0;0;0;0;0;0;0;0;0;100;100;0;100;0;0;0;0;0;0;0;0;0;0;0;0;0;0;0;0;0;0;0;0;100;0;100;100;0;100;0;0;0;0;0;0;0;0;0;100;100;0;0;0;0;;;;;
9_1987;100.00;0;0;100;100;0;0;0;100;100;0;0;100;100;0;0;0;100;100;100;0;0;0;0;0;0;0;0;0;0;0;0;0;0;0;100;0;100;100;0;0;100;0;0;0;100;100;0;100;0;100;0;0;0;0;0;0;0;0;0;0;0;0;0;0;0;100;0;100;100;0;100;100;100;100;100;0;0;0;0;0;0;0;0;0;0;0;0;100;0;100;100;0;100;0;100;0;0;0;0;0;100;100;100;100;0;0;0;100;0;0;0;0;0;0;0;0;0;0;0;0;0;0;100;0;0;0;0;0;0;0;0;0;0;0;0;0;0;0;0;0;0;0;0;0;0;0;0;0;0;100;0;100;0;100;100;100;0;100;0;100;100;100;100;100;0;100;100;0;0;100;100;0;100;0;0;0;0;100;100;0;0;0;0;0;0;0;0;0;100;0;0;100;100;0;100;100;0;0;0;100;100;0;0;0;0;0;0;0;0;0;0;0;0;0;0;0;0;0;0;0;0;0;0;0;0;0;0;0;0;0;0;0;0;0;0;0;0;0;0;0;0;0;0;0;0;0;0;0;0;100;100;0;100;0;0;0;0;0;0;0;0;0;0;0;0;0;0;0;0;0;0;0;0;100;0;100;0;0;100;0;0;0;0;0;0;0;0;0;100;100;0;0;0;0;;;;;
10_1987;100.00;0;0;100;100;0;0;0;100;100;0;0;100;100;0;0;0;100;100;100;0;0;0;0;0;0;0;0;0;0;0;0;0;0;0;100;0;100;100;0;0;100;0;0;0;100;100;0;100;0;100;0;0;0;0;0;0;0;0;0;0;0;0;0;0;0;100;0;100;100;0;100;100;100;100;100;0;0;0;0;0;0;0;0;0;0;0;0;100;0;100;100;0;100;0;100;0;0;0;0;0;100;100;100;100;0;0;0;100;0;0;0;0;0;0;0;0;0;0;0;0;0;0;100;0;0;0;0;0;0;0;0;0;0;0;0;0;0;0;0;0;0;0;0;0;0;0;0;0;0;100;0;100;100;100;100;100;0;100;0;100;100;100;100;100;0;100;100;100;0;100;100;0;100;0;0;0;0;100;100;0;0;0;0;0;0;0;0;0;100;0;0;100;100;0;100;100;0;0;0;100;100;0;0;0;0;0;0;0;0;0;0;0;0;0;0;0;0;0;0;0;0;0;0;0;0;0;0;0;0;0;0;0;0;0;0;0;0;0;0;0;0;0;0;0;0;0;0;0;0;100;100;0;100;0;0;0;0;0;0;0;0;0;0;0;0;0;0;0;0;0;0;0;0;100;0;100;100;0;100;0;0;0;0;0;0;0;0;0;100;100;0;0;0;0;;;;;
11_1987;100.00;0;0;100;100;0;0;0;100;100;0;0;100;100;0;0;0;100;100;100;0;0;0;0;0;0;0;0;0;0;0;0;0;0;0;100;0;100;100;0;0;100;0;0;0;100;100;0;100;0;100;0;0;0;0;0;0;0;0;0;0;0;0;0;0;0;100;0;100;100;0;100;100;100;100;100;0;0;0;0;0;0;0;0;0;0;0;0;100;0;100;100;0;100;0;100;0;0;0;0;0;100;100;100;100;0;0;0;100;0;0;0;0;0;0;0;0;0;0;0;0;0;0;100;0;0;0;0;0;0;0;0;0;0;0;0;0;0;0;0;0;0;0;0;0;0;0;0;0;0;100;0;100;100;100;100;100;0;100;0;0;100;100;100;100;0;100;100;100;0;100;100;0;100;0;0;0;0;100;100;0;0;0;0;0;0;0;0;0;100;0;0;100;100;0;100;100;0;0;0;100;100;0;0;0;0;0;0;0;0;0;0;0;0;0;0;0;0;0;0;0;0;0;0;0;0;0;0;0;0;0;0;0;0;0;0;0;0;0;0;0;0;0;0;0;0;0;0;0;0;100;100;0;100;0;0;0;0;0;0;0;0;0;0;0;0;0;0;0;0;0;0;0;0;100;0;100;100;0;100;0;0;0;0;0;0;0;0;0;100;100;0;0;0;0;;;;;
12_1987;100.00;0;0;100;100;0;0;0;100;100;0;0;100;100;0;0;0;100;100;100;0;0;0;0;0;0;0;0;0;0;0;0;0;0;0;100;0;100;100;0;0;100;0;0;0;100;100;0;100;0;100;0;0;0;0;0;0;0;0;0;0;0;0;0;0;0;100;0;100;100;0;100;100;100;100;100;0;0;0;0;0;0;0;0;0;0;0;0;100;0;100;100;0;100;0;100;0;0;0;0;0;100;100;100;100;0;0;0;100;0;0;0;0;0;0;0;0;0;0;0;0;0;0;41.93548387;0;0;0;0;0;0;0;0;0;0;0;0;0;0;0;0;0;0;0;0;0;0;0;0;0;0;100;0;100;100;100;100;100;0;100;0;0;100;100;100;100;0;100;100;0;0;100;100;0;100;0;0;0;0;100;100;0;0;0;0;0;0;0;0;0;100;0;0;100;100;0;100;100;0;0;0;100;100;0;0;0;0;0;0;0;0;0;0;0;0;0;0;0;0;0;0;0;0;0;0;0;0;0;0;0;0;0;0;0;0;0;0;0;0;0;0;0;0;0;0;0;0;0;0;0;0;100;100;0;100;0;0;0;0;0;0;0;0;0;0;0;0;0;0;0;0;0;0;0;0;100;0;100;100;0;100;0;0;0;0;0;0;0;0;0;100;100;0;0;0;0;;;;;
1_1988;100.00;0;0;100;0;0;0;0;100;100;0;0;100;100;0;0;0;100;100;100;0;0;0;0;0;0;0;0;0;0;0;0;0;0;0;100;0;100;100;0;0;100;0;0;0;100;100;0;100;0;100;0;0;0;0;0;0;0;0;0;0;0;0;0;0;0;100;0;100;100;0;100;100;100;100;100;0;0;0;0;0;0;0;0;0;0;0;0;100;0;100;100;0;100;0;100;0;0;0;0;0;100;100;100;100;0;0;0;100;0;0;0;0;0;0;0;0;0;0;0;0;0;0;22.58064516;0;0;0;0;0;0;0;0;0;0;0;0;0;0;0;0;0;0;0;0;0;0;0;0;0;0;100;0;100;100;100;100;100;0;100;0;0;100;100;100;100;0;100;100;0;0;100;100;0;100;0;0;0;0;100;100;0;0;0;0;0;0;0;0;0;100;0;0;100;100;0;100;100;0;0;0;100;100;0;0;0;0;0;0;0;0;0;0;0;0;0;0;0;0;0;0;0;0;0;0;0;0;0;0;0;0;0;0;0;0;0;0;0;0;0;0;0;0;0;0;0;0;0;0;0;0;100;100;0;100;0;0;0;0;0;0;0;0;0;0;0;0;0;0;0;0;0;0;0;0;100;0;100;100;0;100;0;0;0;0;0;0;0;0;0;100;100;0;0;0;0;;;;;
2_1988;100.00;0;0;100;0;0;0;0;100;100;0;0;100;100;0;0;0;100;100;100;0;0;0;0;0;0;0;0;0;0;0;0;0;0;0;100;0;100;100;0;0;100;0;0;0;100;100;0;100;0;100;0;0;0;0;0;0;0;0;0;0;0;0;0;0;0;100;0;100;100;0;100;100;100;0;100;0;0;0;0;0;0;0;0;0;0;0;0;100;0;100;100;0;100;0;100;0;0;0;0;0;100;100;100;100;0;0;0;100;0;0;0;0;0;0;0;0;0;0;0;0;0;0;100;0;0;0;0;0;0;0;0;0;0;0;0;0;0;0;0;0;0;0;0;0;0;0;0;0;0;100;0;100;100;100;100;100;0;100;0;0;100;100;100;100;0;100;100;100;0;100;100;0;100;0;0;0;0;100;100;0;0;0;0;0;0;0;0;0;100;0;0;100;100;0;100;100;0;0;0;100;100;0;0;0;0;0;0;0;0;0;0;0;0;0;0;0;0;0;0;0;0;0;0;0;0;0;0;0;0;0;0;0;0;0;0;0;0;0;0;0;0;0;0;0;0;0;0;0;0;100;100;0;100;0;0;0;0;0;0;0;0;0;0;0;0;0;0;0;0;0;0;0;0;100;0;100;100;0;100;0;0;0;0;0;0;0;0;0;100;100;0;0;0;0;;;;;
3_1988;100.00;0;0;100;0;0;0;0;100;100;0;0;100;100;0;0;0;100;100;100;0;0;0;0;0;0;0;0;0;0;0;0;0;0;0;100;0;100;100;0;0;100;0;0;0;100;100;0;100;0;100;0;0;0;0;0;0;0;0;0;0;0;0;0;0;0;100;0;100;100;0;100;100;100;100;100;0;0;0;0;0;0;0;0;0;0;0;0;100;0;100;100;0;100;0;100;0;0;0;0;0;100;100;100;100;0;0;0;100;0;0;0;0;0;0;0;0;0;0;0;0;0;0;83.87096774;0;0;0;0;0;0;0;0;0;0;0;0;0;0;0;0;0;0;0;0;0;0;0;0;0;0;100;0;100;100;100;100;100;0;100;0;0;100;100;100;100;0;100;100;100;0;100;100;0;100;0;0;0;0;100;100;0;0;0;0;0;0;0;0;0;100;0;0;100;100;0;100;100;0;0;0;100;100;0;0;0;0;0;0;0;0;0;0;0;0;0;0;0;0;0;0;0;0;0;0;0;0;0;0;0;0;0;0;0;0;0;0;0;0;0;0;0;0;0;0;0;0;0;0;0;0;100;100;0;100;0;0;0;0;0;0;0;0;0;0;0;0;0;0;0;0;0;0;0;0;100;0;100;100;0;100;0;0;0;0;0;0;0;0;0;100;100;0;0;0;0;;;;;
4_1988;100.00;0;0;100;0;0;0;0;100;100;0;0;100;100;0;0;0;100;100;100;0;0;0;0;0;0;0;0;0;0;0;0;0;0;0;0;0;100;100;0;0;100;0;0;0;100;100;0;100;0;100;0;0;0;0;0;0;0;0;0;0;0;0;0;0;0;100;0;100;100;0;100;100;100;100;100;0;0;0;0;0;0;0;0;0;0;0;0;100;0;100;100;0;100;0;100;0;0;0;0;0;100;100;100;100;0;0;0;100;0;0;0;0;0;0;0;0;0;0;0;0;0;0;83.33333333;0;0;0;0;0;0;0;0;0;0;0;0;0;0;0;0;0;0;0;0;0;0;0;0;0;0;100;0;100;100;100;100;100;0;100;0;0;100;100;100;100;0;100;100;100;0;100;100;0;100;0;0;0;0;100;100;0;0;0;0;0;0;0;0;0;100;0;0;100;100;0;100;100;0;0;0;100;100;0;0;0;0;0;0;0;0;0;0;0;0;0;0;0;0;0;0;0;0;0;0;0;0;0;0;0;0;0;0;0;0;0;0;0;0;0;0;0;0;0;0;0;0;0;0;0;0;100;100;0;100;0;0;0;0;0;0;0;0;0;0;0;0;0;0;0;0;0;0;0;0;100;0;100;100;0;100;0;0;0;0;0;0;0;0;0;100;100;0;0;0;0;;;;;
5_1988;100.00;0;0;100;0;0;0;0;100;100;0;0;100;100;0;0;0;100;100;100;0;0;0;0;0;0;0;0;0;0;0;0;0;0;0;0;0;100;100;0;0;100;0;0;0;100;100;0;100;0;100;0;0;0;0;0;0;0;0;0;0;0;0;0;0;0;100;0;100;96.77419355;0;100;100;100;100;100;0;0;0;0;0;0;0;0;0;0;0;0;100;0;100;100;0;100;0;100;0;0;0;0;0;100;100;100;100;0;0;0;100;0;0;0;0;0;0;0;0;0;0;0;0;0;0;3.225806452;0;0;0;0;0;0;0;0;0;0;0;0;0;0;0;0;0;0;0;0;0;0;0;0;0;0;100;0;100;100;100;100;100;0;100;0;0;100;100;100;100;0;100;100;0;0;96.77419355;100;0;100;0;0;0;0;100;100;0;0;0;0;0;0;0;0;0;100;0;0;100;100;0;100;100;0;0;0;100;100;0;0;0;0;0;0;0;0;0;0;0;0;0;0;0;0;0;0;0;0;0;0;0;0;0;0;0;0;0;0;0;0;0;0;0;0;0;0;0;0;0;0;0;0;0;0;0;0;100;100;0;100;0;0;0;0;0;0;0;0;0;0;0;0;0;0;0;0;0;0;0;0;100;0;100;100;0;100;0;0;0;0;0;0;0;0;0;100;100;0;0;0;0;;;;;
6_1988;100.00;0;0;100;0;0;0;0;100;100;0;0;100;100;0;0;0;100;100;100;0;0;0;0;0;0;0;0;0;0;0;0;0;0;0;0;0;100;100;0;0;100;0;0;0;100;100;0;100;0;100;0;0;0;0;0;0;0;0;0;0;0;0;0;0;0;100;0;100;100;0;100;100;100;100;100;0;0;0;0;0;0;0;0;0;0;0;0;100;0;100;100;0;100;0;100;0;0;0;0;0;100;100;100;100;0;0;0;100;0;0;0;0;0;0;0;0;0;0;0;0;0;0;13.33333333;0;0;0;0;0;0;0;0;0;0;0;0;0;0;0;0;0;0;0;0;0;0;0;0;0;0;100;0;100;100;100;100;100;0;100;0;0;100;100;100;100;0;100;100;0;0;100;100;0;100;0;0;0;0;100;100;0;0;0;0;0;0;0;0;0;100;0;0;100;100;0;100;100;0;0;0;100;100;0;0;0;0;0;0;0;0;0;0;0;0;0;0;0;0;0;0;0;0;0;0;0;0;0;0;0;0;0;0;0;0;0;0;0;0;0;0;0;0;0;0;0;0;0;0;0;0;100;100;0;100;0;0;0;0;0;0;0;0;0;0;0;0;0;0;0;0;0;0;0;0;100;0;100;0;0;100;0;0;0;0;0;0;0;0;0;100;100;0;0;0;0;;;;;
7_1988;100.00;0;0;100;0;0;0;0;100;100;0;0;100;100;0;0;0;100;100;100;0;0;0;0;0;0;0;0;0;0;0;0;0;0;0;0;0;100;100;0;0;0;0;0;0;100;100;0;100;0;100;0;0;0;0;0;0;0;0;0;0;0;0;0;0;0;100;0;100;0;0;100;100;100;100;100;0;0;0;0;0;0;0;0;0;0;0;0;100;0;100;100;0;100;0;100;0;0;0;0;0;100;100;100;100;0;0;0;100;0;0;0;0;0;0;0;0;0;0;0;0;0;0;100;0;0;0;0;0;0;0;0;0;0;0;0;0;0;0;0;0;0;0;0;0;0;0;0;0;0;100;0;100;100;100;100;100;0;100;0;0;100;100;100;100;0;100;100;0;0;0;100;0;100;0;0;0;0;100;100;0;0;0;0;0;0;0;0;0;100;0;0;100;100;0;100;100;0;0;0;100;100;0;0;0;0;0;0;0;0;0;0;0;0;0;0;0;0;0;0;0;0;0;0;0;0;0;0;0;0;0;0;0;0;0;0;0;0;0;0;0;0;0;0;0;0;0;0;0;0;100;100;0;100;0;0;0;0;0;0;0;0;0;0;0;0;0;0;0;0;0;0;0;0;100;0;100;0;0;100;0;0;0;0;0;0;0;0;0;100;100;0;0;0;0;;;;;
8_1988;100.00;0;0;100;0;0;0;0;100;100;0;0;100;100;0;0;0;100;100;100;0;0;0;0;0;0;0;0;0;0;0;0;0;0;0;0;0;100;100;0;0;100;0;0;0;100;100;0;100;0;100;0;0;0;0;0;0;0;0;0;0;0;0;0;0;0;100;0;100;96.77419355;0;100;100;100;100;100;0;0;0;0;0;0;0;0;0;0;0;0;100;0;100;100;0;100;0;100;0;0;0;0;0;100;100;100;100;0;0;0;100;0;0;0;0;0;0;0;0;0;0;0;0;0;0;100;0;0;0;0;0;0;0;0;0;0;0;0;0;0;0;0;0;0;0;0;0;0;0;0;0;0;100;0;100;100;0;100;100;0;100;0;0;100;100;100;100;0;100;100;0;0;96.77419355;100;0;100;0;0;0;0;100;100;0;0;0;0;0;0;0;0;0;100;0;0;100;100;0;100;100;0;0;0;100;100;0;0;0;0;0;0;0;0;0;0;0;0;0;0;0;0;0;0;0;0;0;0;0;0;0;0;0;0;0;0;0;0;0;0;0;0;0;0;0;0;0;0;0;0;0;0;0;0;100;100;0;100;0;0;0;0;0;0;0;0;0;0;0;0;0;0;0;0;0;0;0;0;100;0;100;0;0;100;0;0;0;0;0;0;0;0;0;100;100;0;0;0;0;;;;;
9_1988;100.00;0;0;100;0;0;0;0;100;100;0;0;100;100;0;0;0;100;100;100;0;0;0;0;0;0;0;0;0;0;0;0;0;0;0;0;0;100;100;0;0;100;0;0;0;100;100;0;0;0;100;0;0;0;0;0;0;0;0;0;0;0;0;0;0;0;100;0;100;100;0;100;0;100;100;100;0;0;0;0;0;0;0;0;0;0;0;0;100;0;100;100;0;100;0;100;0;0;0;0;0;100;100;100;100;0;0;0;100;0;0;0;0;0;0;0;0;0;0;0;0;0;0;100;0;0;0;0;0;0;0;0;0;0;0;0;0;0;0;0;0;0;0;0;0;0;0;0;0;0;100;0;100;100;0;100;100;0;100;0;0;100;100;100;100;0;100;100;0;0;100;100;0;100;0;0;0;0;100;100;0;0;0;0;0;0;0;0;0;100;0;0;100;100;0;100;100;0;0;0;100;100;0;0;0;0;0;0;0;0;0;0;0;0;0;0;0;0;0;0;0;0;0;0;0;0;0;0;0;0;0;0;0;0;0;0;0;0;0;0;0;0;0;0;0;0;0;0;0;0;100;100;0;100;0;0;0;0;0;0;0;0;0;0;0;0;0;0;0;0;0;0;0;0;100;0;100;0;0;100;0;0;0;0;0;0;0;0;0;100;100;0;0;0;0;;;;;
10_1988;100.00;0;0;100;0;0;0;0;100;100;0;0;100;100;0;0;0;100;100;100;0;0;0;0;0;0;0;0;0;0;0;0;0;0;0;0;0;100;100;0;0;100;0;0;0;100;100;0;0;0;100;0;0;0;0;0;0;0;0;0;0;0;0;0;0;0;100;0;100;100;0;100;0;100;100;100;0;0;0;0;0;0;0;0;0;0;0;0;100;0;100;100;0;100;0;100;0;0;0;0;0;100;100;100;100;0;0;0;100;0;0;0;0;0;0;0;0;0;0;0;0;0;0;100;0;0;0;0;0;0;0;0;0;0;0;0;0;0;0;0;0;0;0;0;0;0;0;0;0;0;100;0;100;100;0;100;100;0;100;0;0;100;100;100;100;0;100;100;100;0;100;100;0;100;0;0;0;0;100;100;0;0;0;0;0;0;0;0;0;100;0;0;100;100;0;100;100;0;0;0;100;100;0;0;0;0;0;0;0;0;0;0;0;0;0;0;0;0;0;0;0;0;0;0;0;0;0;0;0;0;0;0;0;0;0;0;0;0;0;0;0;0;0;0;0;0;0;0;0;0;100;100;0;100;0;0;0;0;0;0;0;0;0;0;0;0;0;0;0;0;0;0;0;0;100;0;100;0;0;100;0;0;0;0;0;0;0;0;0;100;100;0;0;0;0;;;;;
11_1988;100.00;0;0;100;0;0;0;0;100;100;0;0;100;100;0;0;0;100;100;100;0;0;0;0;0;0;0;0;0;0;0;0;0;0;0;0;0;100;100;0;0;100;0;0;0;100;100;0;0;0;100;0;0;0;0;0;0;0;0;0;0;0;0;0;0;0;100;0;100;100;0;100;0;100;100;100;0;0;0;0;0;0;0;0;0;0;0;0;100;0;100;100;0;100;0;100;0;0;0;0;0;100;100;100;100;0;0;0;100;0;0;0;0;0;0;0;0;0;0;0;0;0;0;100;0;0;0;0;0;0;0;0;0;0;0;0;0;0;0;0;0;0;0;0;0;0;0;0;0;0;100;0;100;100;0;100;100;0;100;0;0;100;100;100;100;0;100;100;100;0;100;100;0;100;0;0;0;0;100;100;0;0;0;0;0;0;0;0;0;100;0;0;100;100;0;100;100;0;0;0;100;100;0;0;0;0;0;0;0;0;0;0;0;0;0;0;0;0;0;0;0;0;0;0;0;0;0;0;0;0;0;0;0;0;0;0;0;0;0;0;0;0;0;0;0;0;0;0;0;0;100;100;0;100;0;0;0;0;0;0;0;0;0;0;0;0;0;0;0;0;0;0;0;0;100;0;100;0;0;100;0;0;0;0;0;0;0;0;0;100;100;0;0;0;0;;;;;
12_1988;100.00;0;0;100;0;0;0;0;100;100;0;0;100;100;0;0;0;100;100;100;0;0;0;0;0;0;0;0;0;0;0;0;0;0;0;0;0;100;100;0;0;100;0;0;0;100;100;0;0;0;100;0;0;0;0;0;0;0;0;0;0;0;0;0;0;0;100;0;100;100;0;100;0;100;100;100;0;0;0;0;0;0;0;0;0;0;0;0;100;0;100;100;0;100;0;100;0;0;0;0;0;100;100;100;100;0;0;0;100;0;0;0;0;0;0;0;0;0;0;0;0;0;0;100;0;0;0;0;0;0;0;0;0;0;0;0;0;0;0;0;0;0;0;0;0;0;0;0;0;0;100;0;100;100;0;100;100;0;100;0;0;100;100;100;100;0;100;100;100;0;100;100;0;100;0;0;0;0;100;100;0;0;0;0;0;0;0;0;0;100;0;0;100;100;0;100;100;0;0;0;100;100;0;0;0;0;0;0;0;0;0;0;0;0;0;0;0;0;0;0;0;0;0;0;0;0;0;0;0;0;0;0;0;0;0;0;0;0;0;0;0;0;0;0;0;0;0;0;0;0;100;100;0;100;0;0;0;0;0;0;0;0;0;0;0;0;0;0;0;0;0;0;0;0;100;0;100;0;0;100;0;0;0;0;0;0;0;0;0;100;100;0;0;0;0;;;;;
1_1989;100.00;0;0;0;0;0;0;0;100;100;0;0;100;100;0;0;0;100;100;100;0;0;0;0;0;0;0;0;0;0;0;0;0;0;0;0;0;100;100;0;0;100;0;0;0;100;100;0;0;0;100;0;0;0;0;0;0;0;0;0;0;0;0;0;0;0;100;0;100;100;0;100;0;100;100;100;0;0;0;0;0;0;0;0;0;0;0;0;100;0;100;100;0;100;0;100;0;0;0;0;0;100;100;100;100;0;0;0;100;0;0;0;0;0;0;0;0;0;0;0;0;0;0;77.41935484;0;0;0;0;0;0;0;0;0;0;0;0;0;0;0;0;0;0;0;0;0;0;0;0;0;0;100;0;100;100;0;100;100;0;100;0;0;100;100;100;100;0;100;100;100;0;100;100;0;100;0;0;0;0;100;100;0;0;0;0;0;0;0;0;0;100;0;0;100;100;0;100;100;0;0;0;100;100;0;0;0;0;0;0;0;0;0;0;0;0;0;0;0;0;0;0;0;0;0;0;0;0;0;0;0;0;0;0;0;0;0;0;0;0;0;0;0;0;0;0;0;0;0;0;0;0;100;100;0;100;0;0;0;0;0;0;0;0;0;0;0;0;0;0;0;0;0;0;0;0;100;0;100;0;0;100;0;0;0;0;0;0;0;0;0;100;100;0;0;0;0;;;;;
2_1989;100.00;0;0;0;0;0;0;0;100;100;0;0;100;100;0;0;0;100;100;100;0;0;0;0;0;0;0;0;0;0;0;0;0;0;0;0;0;100;100;0;0;100;0;0;0;100;100;0;0;0;100;0;0;0;0;0;0;0;0;0;0;0;0;0;0;0;100;0;100;100;0;100;0;100;100;100;0;0;0;0;0;0;0;0;0;0;0;0;100;0;100;0;0;100;0;100;0;0;0;0;0;100;100;100;100;0;0;0;100;0;0;0;0;0;0;0;0;0;0;0;0;0;0;100;0;0;0;0;0;0;0;0;0;0;0;0;0;0;0;0;0;0;0;0;0;0;0;0;0;0;100;0;100;100;0;100;100;0;100;0;0;100;100;100;0;0;100;100;0;0;100;100;0;100;0;0;0;0;100;100;0;0;0;0;0;0;0;0;0;100;0;0;100;100;0;100;100;0;0;0;100;100;0;0;0;0;0;0;0;0;0;0;0;0;0;0;0;0;0;0;0;0;0;0;0;0;0;0;0;0;0;0;0;0;0;0;0;0;0;0;0;0;0;0;0;0;0;0;0;0;100;100;0;100;0;0;0;0;0;0;0;0;0;0;0;0;0;0;0;0;0;0;0;0;100;0;100;0;0;100;0;0;0;0;0;0;0;0;0;100;100;0;0;0;0;;;;;
3_1989;100.00;0;0;0;0;0;0;0;100;100;0;0;100;100;0;0;0;100;100;100;0;0;0;0;0;0;0;0;0;0;0;0;0;0;0;0;0;100;100;0;0;100;0;0;0;100;100;0;0;0;100;0;0;0;0;0;0;0;0;0;0;0;0;0;0;0;100;0;100;100;0;100;0;100;100;100;0;0;0;0;0;0;0;0;0;0;0;0;100;0;100;100;0;93.5483871;0;100;0;0;0;0;0;100;100;100;100;0;0;0;100;0;0;0;0;0;0;0;0;0;0;0;0;0;0;100;0;0;0;0;0;0;0;0;0;0;0;0;0;0;0;0;0;0;0;0;0;0;0;0;0;0;100;0;100;100;0;100;100;0;100;0;0;100;100;100;0;0;0;100;0;0;100;100;0;100;0;0;0;0;100;100;0;0;0;0;0;0;0;0;0;100;0;0;100;100;0;100;100;0;0;0;100;100;0;0;0;0;0;0;0;0;0;0;0;0;0;0;0;0;0;0;0;0;0;0;0;0;0;0;0;0;0;0;0;0;0;0;0;0;0;0;0;0;0;0;0;0;0;0;0;0;100;100;0;100;0;0;0;0;0;0;0;0;0;0;0;0;0;0;0;0;0;0;0;0;100;0;100;0;0;100;0;0;0;0;0;0;0;0;0;100;100;0;0;0;0;;;;;
4_1989;100.00;0;0;0;0;0;0;0;100;100;0;0;100;100;0;0;0;100;100;100;0;0;0;0;0;0;0;0;0;0;0;0;0;0;0;0;0;100;100;0;0;0;0;0;0;100;100;0;0;0;100;0;0;0;0;0;0;0;0;0;0;0;0;0;0;0;100;0;100;0;0;100;0;100;100;100;0;0;0;0;0;0;0;0;0;0;0;0;100;0;100;100;0;100;0;100;0;0;0;0;0;100;100;100;100;0;0;0;100;0;0;0;0;0;0;0;0;0;0;0;0;0;0;100;0;0;0;0;0;0;0;0;0;0;0;0;0;0;0;0;0;0;0;0;0;0;0;0;0;0;100;0;100;100;0;100;100;0;100;0;0;100;100;100;0;0;0;100;0;0;0;100;0;100;0;0;0;0;100;100;0;0;0;0;0;0;0;0;0;100;0;0;100;100;0;100;100;0;0;0;100;100;0;0;0;0;0;0;0;0;0;0;0;0;0;0;0;0;0;0;0;0;0;0;0;0;0;0;0;0;0;0;0;0;0;0;0;0;0;0;0;0;0;0;0;0;0;0;0;0;100;100;0;100;0;0;0;0;0;0;0;0;0;0;0;0;0;0;0;0;0;0;0;0;100;0;100;0;0;100;0;0;0;0;0;0;0;0;0;100;100;0;0;0;0;;;;;
5_1989;100.00;0;0;0;0;0;0;0;100;100;0;0;100;100;0;0;0;100;100;100;0;0;0;0;0;0;0;0;0;0;0;0;0;0;0;0;0;100;100;0;0;0;0;0;0;0;100;0;0;0;100;0;0;0;0;0;0;0;0;0;0;0;0;0;0;0;100;0;100;0;0;100;0;100;100;100;0;0;0;0;0;0;0;0;0;0;0;0;100;0;100;100;0;100;0;100;0;0;0;0;0;100;100;100;100;0;0;0;100;0;0;0;0;0;0;0;0;0;0;0;0;0;0;100;0;0;0;0;0;0;0;0;0;0;0;0;0;0;0;0;0;0;0;0;0;0;0;0;0;0;100;0;100;100;0;100;100;0;100;0;0;100;100;100;0;0;0;100;0;0;0;100;0;100;0;0;0;0;100;100;0;0;0;0;0;0;0;0;0;100;0;0;100;100;0;100;100;0;0;0;100;100;0;0;0;0;0;0;0;0;0;0;0;0;0;0;0;0;0;0;0;0;0;0;0;0;0;0;0;0;0;0;0;0;0;0;0;0;0;0;0;0;0;0;0;0;0;0;0;0;100;100;0;100;0;0;0;0;0;0;0;0;0;0;0;0;0;0;0;0;0;0;0;0;100;0;100;0;0;100;0;0;0;0;0;0;0;0;0;100;100;0;0;0;0;;;;;
6_1989;100.00;0;0;0;0;0;0;0;100;100;0;0;100;100;0;0;0;100;100;100;0;0;0;0;0;0;0;0;0;0;0;0;0;0;0;0;0;100;100;0;0;0;0;0;0;0;100;0;0;0;100;0;0;0;0;0;0;0;0;0;0;0;0;0;0;0;100;0;100;0;0;100;100;100;100;100;0;0;0;0;0;0;0;0;0;0;0;0;100;0;100;100;0;100;0;100;0;0;0;0;0;100;100;100;100;0;0;0;100;0;0;0;0;0;0;0;0;0;0;0;0;0;0;100;0;0;0;0;0;0;0;0;0;0;0;0;0;0;0;0;0;0;0;0;0;0;0;0;0;0;100;0;100;100;0;100;100;0;100;0;0;100;0;100;0;0;100;100;0;0;0;100;0;100;0;0;0;0;100;100;0;0;0;0;0;0;0;0;0;100;0;0;100;100;0;100;100;0;0;0;100;100;0;0;0;0;0;0;0;0;0;0;0;0;0;0;0;0;0;0;0;0;0;0;0;0;0;0;0;0;0;0;0;0;0;0;0;0;0;0;0;0;0;0;0;0;0;0;0;0;100;100;0;100;0;0;0;0;0;0;0;0;0;0;0;0;0;0;0;0;0;0;0;0;100;0;100;0;0;100;0;0;0;0;0;0;0;0;0;100;100;0;0;0;0;;;;;
7_1989;100.00;0;0;0;0;0;0;0;100;100;0;0;100;100;0;0;0;100;100;100;0;0;0;0;0;0;0;0;0;0;0;0;0;0;0;0;0;100;100;0;0;0;0;0;0;0;100;0;0;0;100;0;0;0;0;0;0;0;0;0;0;0;0;0;0;0;100;0;100;0;0;100;100;100;100;100;0;0;0;0;0;0;0;0;0;0;0;0;100;0;100;100;0;100;0;100;0;0;0;0;0;100;100;100;100;0;0;0;100;0;0;0;0;0;0;0;0;0;0;0;0;0;0;100;0;0;0;0;0;0;0;0;0;0;0;0;0;0;0;0;0;0;0;0;0;0;0;0;0;0;100;0;100;100;0;100;100;0;100;0;0;100;0;100;0;0;100;100;0;0;0;100;0;100;0;0;0;0;0;100;0;0;0;0;0;0;0;0;0;100;0;0;100;100;0;100;100;0;0;0;100;100;0;0;0;0;0;0;0;0;0;0;0;0;0;0;0;0;0;0;0;0;0;0;0;0;0;0;0;0;0;0;0;0;0;0;0;0;0;0;0;0;0;0;0;0;0;0;0;0;100;100;0;100;0;0;0;0;0;0;0;0;0;0;0;0;0;0;0;0;0;0;0;0;100;0;100;0;0;100;0;0;0;0;0;0;0;0;0;100;100;0;0;0;0;;;;;
8_1989;100.00;0;0;0;0;0;0;0;100;100;0;0;100;100;0;0;0;100;100;100;0;0;0;0;0;0;0;0;0;0;0;0;0;0;0;0;0;100;100;0;0;0;0;0;0;0;100;0;0;0;100;0;0;0;0;0;0;0;0;0;0;0;0;0;0;0;100;0;100;0;0;100;100;100;100;100;0;0;0;0;0;0;0;0;0;0;0;0;100;0;100;100;0;100;0;100;0;0;0;0;0;100;100;100;100;0;0;0;100;0;0;0;0;0;0;0;0;0;0;0;0;0;0;100;0;0;0;0;0;0;0;0;0;0;0;0;0;0;0;0;0;0;0;0;0;0;0;0;0;0;100;0;100;100;0;100;100;0;100;0;0;100;0;100;0;0;100;100;0;0;0;100;0;100;0;0;0;0;0;100;0;0;0;0;0;0;0;0;0;100;0;0;100;100;0;100;100;0;0;0;100;100;0;0;0;0;0;0;0;0;0;0;0;0;0;0;0;0;0;0;0;0;0;0;0;0;0;0;0;0;0;0;0;0;0;0;0;0;0;0;0;0;0;0;0;0;0;0;0;0;100;100;0;100;0;0;0;0;0;0;0;0;0;0;0;0;0;0;0;0;0;0;0;0;0;0;100;0;0;100;0;0;0;0;0;0;0;0;0;100;100;0;0;0;0;;;;;
9_1989;100.00;0;0;0;0;0;0;0;100;100;0;0;100;100;0;0;0;100;100;100;0;0;0;0;0;0;0;0;0;0;0;0;0;0;0;0;0;100;100;0;0;0;0;0;0;0;100;0;0;0;100;0;0;0;0;0;0;0;0;0;0;0;0;0;0;0;100;0;100;0;0;0;100;100;100;100;0;0;0;0;0;0;0;0;0;0;0;0;100;0;100;100;0;100;0;100;0;0;0;0;0;100;100;100;100;0;0;0;100;0;0;0;0;0;0;0;0;0;0;0;0;0;0;100;0;0;0;0;0;0;0;0;0;0;0;0;0;0;0;0;0;0;0;0;0;0;0;0;0;0;100;0;100;100;0;100;100;0;100;0;0;100;0;100;0;0;100;100;0;0;0;100;0;100;0;0;0;0;0;100;0;0;0;0;0;0;0;0;0;0;0;0;100;100;0;100;100;0;0;0;100;100;0;0;0;0;0;0;0;0;0;0;0;0;0;0;0;0;0;0;0;0;0;0;0;0;0;0;0;0;0;0;0;0;0;0;0;0;0;0;0;0;0;0;0;0;0;0;0;0;100;100;0;100;0;0;0;0;0;0;0;0;0;0;0;0;0;0;0;0;0;0;0;0;0;0;100;0;0;100;0;0;0;0;0;0;0;0;0;100;100;0;0;0;0;;;;;
10_1989;100.00;0;0;100;100;0;0;0;100;100;0;0;100;100;0;0;0;100;100;100;0;0;0;0;0;0;0;0;0;0;0;0;0;0;0;0;0;100;100;0;0;0;0;0;0;100;100;0;0;100;100;0;0;0;0;0;0;0;0;0;0;0;0;0;100;0;100;0;0;0;0;0;100;0;100;100;0;0;0;0;0;0;0;0;0;0;0;0;100;0;100;100;0;100;0;100;0;0;0;0;0;100;100;100;100;0;0;0;100;0;0;0;0;0;0;0;0;0;0;0;0;0;0;100;0;0;0;0;0;0;0;0;0;0;0;0;0;0;0;0;0;0;0;0;0;0;0;0;0;0;100;0;100;100;0;100;100;0;100;0;0;100;100;0;0;0;100;100;0;0;0;100;0;100;0;0;0;0;100;100;0;0;0;0;0;0;0;0;0;100;0;0;100;100;0;100;100;0;0;0;100;100;0;0;0;0;0;0;0;0;0;0;0;0;0;0;0;0;0;0;0;0;0;0;0;0;0;0;0;0;0;0;0;0;0;0;0;0;0;0;0;0;0;0;0;0;0;0;0;0;100;100;0;100;0;0;0;0;0;0;0;0;0;0;0;0;0;0;0;0;0;0;0;0;0;0;100;0;0;100;0;0;0;0;0;0;0;0;0;100;100;0;0;0;0;;;;;
11_1989;100.00;100;0;100;100;100;0;0;100;100;0;0;100;100;0;0;0;100;100;100;0;0;0;0;0;0;0;0;0;0;0;0;0;0;0;0;0;100;100;0;0;0;0;0;0;100;100;0;100;100;100;0;0;0;0;0;0;0;0;0;0;0;0;0;100;0;100;0;100;0;0;100;0;0;100;100;0;0;0;0;0;0;0;0;0;0;0;0;100;0;100;100;0;100;0;100;0;0;0;0;0;100;100;100;100;0;0;0;100;0;0;0;0;0;0;0;0;0;0;0;0;0;0;0;0;0;0;0;0;0;0;0;0;0;0;0;0;0;0;0;0;0;0;0;0;0;0;0;0;0;100;0;100;100;100;100;100;0;100;0;100;100;100;100;0;0;100;100;100;0;0;100;0;0;0;0;100;0;100;100;0;0;0;0;0;0;0;0;0;100;0;0;100;100;0;100;100;0;0;0;100;100;0;0;0;0;0;0;0;0;0;0;0;0;0;0;0;0;0;0;0;0;0;0;0;0;0;0;0;0;0;0;0;0;0;0;0;0;0;0;0;0;0;0;0;0;0;0;0;0;100;100;0;100;0;0;0;0;0;0;0;0;0;0;0;0;0;0;0;0;0;0;0;0;0;0;100;100;0;100;0;0;0;0;0;0;0;0;0;100;100;0;0;0;0;;;;;
12_1989;100.00;100;0;100;100;100;0;0;100;100;0;0;100;100;0;0;0;100;100;100;0;0;0;0;0;0;0;0;0;0;0;0;0;0;0;0;0;100;100;0;0;0;0;0;0;100;100;0;100;100;100;0;0;0;0;0;0;0;0;0;0;0;0;0;100;0;100;0;100;0;0;100;0;0;100;100;0;0;0;0;0;0;0;0;0;0;0;0;100;0;100;100;0;100;0;100;0;0;0;0;0;100;100;100;100;0;0;0;100;0;0;0;0;0;0;0;0;0;0;0;0;0;0;3.225806452;0;0;0;0;0;0;0;0;0;0;0;0;0;0;0;0;0;0;0;0;0;0;0;0;0;0;100;0;100;100;100;100;100;0;100;0;0;100;100;100;0;0;100;100;100;0;0;100;0;100;0;0;100;0;100;100;0;0;0;0;0;0;0;0;0;100;0;0;100;100;0;100;100;0;0;0;100;100;0;0;0;0;0;0;0;0;0;0;0;0;0;0;0;0;0;0;0;0;0;0;0;0;0;0;0;0;0;0;0;0;0;0;0;0;0;0;0;0;0;0;0;0;0;0;0;0;100;100;0;100;0;0;0;0;0;0;0;0;0;0;0;0;0;0;0;0;0;0;0;0;0;0;100;100;0;100;0;0;0;0;0;0;0;0;0;100;100;0;0;0;0;;;;;
1_1990;100.00;100;0;100;100;100;0;0;100;100;0;0;100;100;0;0;0;100;100;100;0;0;0;0;0;0;0;0;0;0;0;0;0;0;0;0;0;100;100;0;0;0;0;0;0;100;100;0;100;100;100;0;0;0;0;0;0;0;0;0;0;0;0;0;100;0;100;0;100;0;0;100;0;0;100;100;0;0;0;0;0;0;0;0;0;0;0;0;100;0;100;100;0;100;0;100;0;0;0;0;0;100;100;100;100;0;0;0;100;0;0;0;0;0;0;0;0;0;0;0;0;0;0;3.225806452;0;0;0;0;0;0;0;0;0;0;0;0;0;0;0;0;0;0;0;0;0;0;0;0;0;0;100;0;100;100;0;100;100;0;100;0;0;0;100;100;0;0;100;100;100;0;0;100;0;100;0;0;100;0;100;100;0;0;0;0;0;0;0;0;0;100;0;0;100;100;0;100;100;0;0;0;100;100;0;0;0;0;0;0;0;0;0;0;0;0;0;0;0;0;0;0;0;0;0;0;0;0;0;0;0;0;0;0;0;0;0;0;0;0;0;0;0;0;0;0;0;0;0;0;0;0;100;100;0;100;0;0;0;0;0;0;0;0;0;0;0;0;0;0;0;0;0;0;0;0;0;0;100;100;0;100;0;0;0;0;0;0;0;0;0;100;100;0;0;0;0;;;;;
2_1990;100.00;100;0;100;100;100;0;0;100;100;0;0;100;100;0;0;0;100;100;100;0;0;0;0;0;0;0;0;0;0;0;0;0;0;0;0;0;100;100;0;0;0;0;0;0;100;100;0;100;100;100;0;0;0;0;0;0;0;0;0;0;0;0;0;100;0;100;0;100;0;0;100;0;0;100;100;0;0;0;0;0;0;0;0;0;0;0;0;100;0;100;100;0;100;0;100;0;0;0;0;0;100;100;100;100;0;0;0;100;0;0;0;0;0;0;0;0;0;0;0;0;0;0;0;0;0;0;0;0;0;0;0;0;0;0;0;0;0;0;0;0;0;0;0;0;0;0;0;0;0;100;0;100;100;100;100;100;0;100;0;0;0;100;100;0;0;100;100;100;0;0;75;0;100;0;0;100;0;100;100;0;0;0;0;0;0;0;0;0;100;0;0;100;100;0;100;75;0;0;0;100;100;0;0;0;0;0;0;0;0;0;0;0;0;0;0;0;0;0;0;0;0;0;0;0;0;0;0;0;0;0;0;0;0;0;0;0;0;0;0;0;0;0;0;0;0;0;0;0;0;100;100;0;100;0;0;0;0;0;0;0;0;0;0;0;0;0;0;0;0;0;0;0;0;0;0;100;100;0;100;0;0;0;0;0;0;0;0;0;100;100;0;0;0;0;;;;;
3_1990;100.00;100;0;100;100;100;0;0;100;100;0;0;0;100;0;0;0;100;100;100;0;0;0;0;0;0;0;0;0;0;0;0;0;0;0;0;0;100;100;0;0;0;0;0;0;100;100;0;100;100;100;0;0;0;0;0;0;0;0;0;0;0;0;0;100;0;100;0;100;0;0;100;0;0;100;100;0;0;0;0;0;0;0;0;0;0;0;0;100;0;100;100;0;100;0;0;0;0;0;0;0;100;100;100;100;0;0;0;100;0;0;0;0;0;0;0;0;0;0;0;0;0;0;3.225806452;0;0;0;0;0;0;0;0;0;0;0;0;0;0;0;0;0;0;0;0;0;0;0;0;0;0;100;0;100;0;0;100;100;0;100;0;0;0;100;100;0;0;100;100;0;0;0;32.25806452;0;100;0;0;100;0;100;100;0;0;0;0;0;0;0;0;0;100;0;0;100;100;0;100;32.25806452;0;0;0;100;100;0;0;0;0;0;0;0;0;0;0;0;0;0;0;0;0;0;0;0;0;0;0;0;0;0;0;0;0;0;0;0;0;0;0;0;0;0;0;0;0;0;0;0;0;0;0;0;0;100;100;0;100;0;0;0;0;0;0;0;0;0;0;0;0;0;0;0;0;0;0;0;0;0;0;100;100;0;100;0;0;0;0;0;0;0;0;0;100;100;0;0;0;0;;;;;
4_1990;0.00;100;0;100;100;100;0;0;100;100;0;0;100;100;0;0;0;100;100;100;0;0;0;0;0;0;0;0;0;0;0;0;0;0;0;0;0;100;100;0;0;0;0;0;0;100;100;0;100;100;0;0;0;0;0;0;0;0;0;0;0;0;0;0;100;0;100;0;100;0;0;100;0;0;100;100;0;0;0;0;0;0;0;0;0;0;0;0;100;0;100;100;0;100;0;100;0;0;0;0;0;100;100;100;100;0;0;0;100;0;0;0;0;0;0;0;0;0;0;0;0;0;0;0;0;0;0;0;0;0;0;0;0;0;0;0;0;0;0;0;0;0;0;0;0;0;0;0;0;0;100;0;100;0;0;0;100;0;100;0;0;0;100;100;0;0;100;100;0;0;0;100;0;100;0;0;100;0;100;100;0;0;0;0;0;0;0;0;0;100;0;0;100;100;0;100;100;0;0;0;100;100;0;0;0;0;0;0;0;0;0;0;0;0;0;0;0;0;0;0;0;0;0;0;0;0;0;0;0;0;0;0;0;0;0;0;0;0;0;0;0;0;0;0;0;0;0;0;0;0;100;100;0;100;0;0;0;0;0;0;0;0;0;0;0;0;0;0;0;0;0;0;0;0;0;0;100;100;0;100;0;0;0;0;0;0;0;0;0;100;100;0;0;0;0;;;;;
5_1990;0.00;100;0;100;100;100;0;0;100;100;0;0;100;100;0;0;0;100;100;100;0;0;0;0;0;0;0;0;0;0;0;0;0;0;0;0;0;100;100;0;0;0;0;0;0;100;100;0;100;100;100;0;0;0;0;0;0;0;0;0;0;0;0;0;100;0;100;0;100;0;0;100;0;0;100;100;0;0;0;0;0;0;0;0;0;0;0;0;100;0;100;100;0;100;0;100;0;0;0;0;0;100;100;100;100;0;0;0;100;0;0;0;0;0;0;0;0;0;0;0;0;0;0;3.225806452;0;0;0;0;0;0;0;0;0;0;0;0;0;0;0;0;0;0;0;0;0;0;0;0;0;0;100;0;100;0;0;0;100;0;100;0;0;0;100;100;0;0;100;100;0;0;0;100;0;100;0;0;100;0;100;100;0;0;0;0;0;0;0;0;0;100;0;0;100;100;0;100;100;0;0;0;100;100;0;0;0;0;0;0;0;0;0;0;0;0;0;0;0;0;0;0;0;0;0;0;0;0;0;0;0;0;0;0;0;0;0;0;0;0;0;0;0;0;0;0;0;0;0;0;0;0;100;100;0;100;0;0;0;0;0;0;0;0;0;0;0;0;0;0;0;0;0;0;0;0;0;0;100;100;0;100;0;0;0;0;0;0;0;0;0;100;100;0;0;0;0;;;;;
6_1990;0.00;100;0;100;100;100;0;0;100;100;0;0;100;100;0;0;0;100;100;100;0;0;0;0;0;0;0;0;0;0;0;0;0;0;0;0;0;100;100;0;0;0;0;0;0;100;100;0;100;100;100;0;0;0;0;0;0;0;0;0;0;0;0;0;100;0;100;0;100;0;0;100;0;0;100;100;0;0;0;0;0;0;0;0;0;0;0;0;100;0;100;100;0;100;0;100;0;0;0;0;0;100;100;100;100;0;0;0;100;0;0;0;0;0;0;0;0;0;0;0;0;0;0;0;0;0;0;0;0;0;0;0;0;0;0;0;0;0;0;0;0;0;0;0;0;0;0;0;0;0;100;0;100;0;0;100;100;0;100;0;0;0;100;100;0;0;100;100;0;0;0;100;0;100;0;0;0;0;100;100;0;0;0;0;0;0;0;0;0;100;0;0;100;100;0;100;100;0;0;0;100;100;0;0;0;0;0;0;0;0;0;0;0;0;0;0;0;0;0;0;0;0;0;0;0;0;0;0;0;0;0;0;0;0;0;0;0;0;0;0;0;0;0;0;0;0;0;0;0;0;100;100;0;100;0;0;0;0;0;0;0;0;0;0;0;0;0;0;0;0;0;0;0;0;0;0;100;100;0;100;0;0;0;0;0;0;0;0;0;100;100;0;0;0;0;;;;;
7_1990;0.00;100;0;100;100;0;0;0;100;100;0;0;100;100;0;0;0;100;100;100;0;0;0;0;0;0;0;0;0;0;0;0;0;0;0;0;0;0;100;0;0;0;0;0;0;100;100;0;100;100;100;0;0;0;0;0;0;0;0;0;0;0;0;0;100;0;100;0;100;0;0;100;0;0;100;100;0;0;0;0;0;0;0;0;0;0;0;0;100;0;100;100;0;100;0;100;0;0;0;0;0;100;100;100;100;0;0;0;100;0;0;0;0;0;0;0;0;0;0;0;0;0;0;3.225806452;0;0;0;0;0;0;0;0;0;0;0;0;0;0;0;0;0;0;0;0;0;0;0;0;0;0;100;0;100;0;0;100;100;0;100;0;0;0;100;100;0;0;100;100;0;0;0;100;0;100;0;0;0;0;100;100;0;0;0;0;0;0;0;0;0;100;0;0;100;100;0;100;100;0;0;0;100;100;0;0;0;0;0;0;0;0;0;0;0;0;0;0;0;0;0;0;0;0;0;0;0;0;0;0;0;0;0;0;0;0;0;0;0;0;0;0;0;0;0;0;0;0;0;0;0;0;100;100;0;0;0;0;0;0;0;0;0;0;0;0;0;0;0;0;0;0;0;0;0;0;0;0;100;100;0;100;0;0;0;0;0;0;0;0;0;100;100;0;0;0;0;;;;;
8_1990;0.00;100;0;100;100;100;0;0;100;100;0;0;100;100;0;0;0;100;100;100;0;0;0;0;0;0;0;0;0;0;0;0;0;0;0;0;0;100;100;0;0;0;0;0;0;100;100;0;100;100;100;0;0;0;0;0;0;0;0;0;0;0;0;0;100;0;100;0;100;0;0;100;0;0;100;100;0;0;0;0;0;0;0;0;0;0;0;0;100;0;100;100;0;100;0;100;0;0;0;0;0;100;100;100;100;0;0;0;100;0;0;0;0;0;0;0;0;0;0;0;0;0;0;3.225806452;0;0;0;0;0;0;0;0;0;0;0;0;0;0;0;0;0;0;0;0;0;0;0;0;0;0;100;0;100;0;0;100;100;0;100;0;0;0;100;100;0;0;100;100;0;0;0;100;0;100;0;0;0;0;100;100;0;0;0;0;0;0;0;0;0;100;0;0;100;100;0;100;100;0;0;0;100;100;0;0;0;0;0;0;0;0;0;0;0;0;0;0;0;0;0;0;0;0;0;0;0;0;0;0;0;0;0;0;0;0;0;0;0;0;0;0;0;0;0;0;0;0;0;0;0;0;100;100;0;29.03225806;0;0;0;0;0;0;0;0;0;0;0;0;0;0;0;0;0;0;0;0;0;0;100;100;0;100;0;0;0;0;0;0;0;0;0;100;100;0;0;0;0;;;;;
9_1990;0.00;100;0;0;100;100;0;0;100;100;0;0;100;100;0;0;0;100;100;100;0;0;0;0;0;0;0;0;0;0;0;0;0;0;0;0;0;100;100;0;0;0;0;0;0;100;100;0;100;100;100;0;0;0;0;0;0;0;0;0;0;0;0;0;100;0;100;0;100;0;0;100;0;0;100;100;0;0;0;0;0;0;0;0;0;0;0;0;100;0;100;100;0;100;0;100;0;0;0;0;0;100;100;100;100;0;0;0;100;0;0;0;0;0;0;0;0;0;0;0;0;0;0;0;0;0;0;0;0;0;0;0;0;0;0;0;0;0;0;0;0;0;0;0;0;0;0;0;0;0;100;0;100;0;0;100;100;0;100;0;0;0;0;100;0;0;100;100;0;0;0;100;0;100;0;0;0;0;100;100;0;0;0;0;0;0;0;0;0;100;0;0;100;100;0;100;100;0;0;0;100;100;0;0;0;0;0;0;0;0;0;0;0;0;0;0;0;0;0;0;0;0;0;0;0;0;0;0;0;0;0;0;0;0;0;0;0;0;0;0;0;0;0;0;0;0;0;0;0;0;100;100;0;0;0;0;0;0;0;0;0;0;0;0;0;0;0;0;0;0;0;0;0;0;0;0;100;100;0;100;0;0;0;0;0;0;0;0;0;100;100;0;0;0;0;;;;;
10_1990;0.00;100;0;100;100;100;0;0;100;100;0;0;100;100;0;0;0;100;100;0;0;0;0;0;0;0;0;0;0;0;0;0;0;0;0;0;0;100;100;0;0;0;0;0;0;100;100;0;100;100;3.225806452;0;0;0;0;0;0;0;0;0;0;0;0;0;100;0;96.77419355;0;100;0;0;100;0;0;100;100;0;0;0;0;0;0;0;0;0;0;0;0;100;0;100;100;0;100;0;100;0;0;0;0;0;100;100;100;100;0;0;0;100;0;0;0;0;0;0;0;0;0;0;0;0;0;0;3.225806452;0;0;0;0;0;0;0;0;0;0;0;0;0;0;0;0;0;0;0;0;0;0;0;0;0;0;100;0;100;0;0;100;100;0;100;0;0;0;100;100;0;0;100;100;100;0;0;100;0;100;0;0;0;0;100;100;0;0;0;0;0;0;0;0;0;100;0;0;100;100;0;100;100;0;0;0;100;100;0;0;0;0;0;0;0;0;0;0;0;0;0;0;0;0;0;0;0;0;0;0;0;0;0;0;0;0;0;0;0;0;0;0;0;0;0;0;0;0;0;0;0;0;0;0;0;0;100;100;0;0;0;0;0;0;0;0;0;0;0;0;0;0;0;0;0;0;0;0;0;0;0;0;100;100;0;100;0;0;0;0;0;0;0;0;0;100;100;0;0;0;0;;;;;
11_1990;0.00;0;0;100;0;100;0;0;0;100;0;0;100;100;0;0;0;100;100;0;0;0;0;0;0;0;0;0;0;0;0;0;0;0;0;0;0;100;100;0;0;0;0;0;0;100;100;0;0;0;0;0;0;0;0;0;0;0;0;0;0;0;0;0;100;0;100;0;100;0;0;100;0;0;100;100;0;0;0;0;0;0;0;0;0;0;0;0;100;0;100;100;0;100;0;100;0;0;0;0;0;100;100;100;100;0;0;0;100;0;0;0;0;0;0;0;0;0;0;0;0;0;0;0;0;0;0;0;0;0;0;0;0;0;0;0;0;0;0;0;0;0;0;0;0;0;0;0;0;0;100;0;100;0;0;100;100;0;100;0;0;0;100;100;0;0;100;100;100;0;0;100;0;100;0;0;100;0;100;100;0;0;0;0;0;0;0;0;0;100;0;0;100;100;0;100;100;0;0;0;100;100;0;0;0;0;0;0;0;0;0;0;0;0;0;0;0;0;0;0;0;0;0;0;0;0;0;0;0;0;0;0;0;0;0;0;0;0;0;0;0;0;0;0;0;0;0;0;0;0;100;100;0;0;0;0;0;0;0;0;0;0;0;0;0;0;0;0;0;0;0;0;0;0;0;0;100;100;0;100;0;0;0;0;0;0;0;0;0;100;100;0;0;0;0;;;;;
12_1990;0.00;0;0;0;0;100;0;0;0;100;0;0;100;100;0;0;0;100;100;0;0;0;0;0;0;0;0;0;0;0;0;0;0;0;0;0;0;100;100;0;0;0;0;0;0;100;100;0;0;0;3.225806452;0;0;0;0;0;0;0;0;0;0;0;0;0;100;0;100;0;100;0;0;100;0;0;100;100;0;0;0;0;0;0;0;0;0;0;0;0;100;0;100;100;0;100;0;100;0;0;0;0;0;100;100;100;100;0;0;0;100;0;0;0;0;0;0;0;0;0;0;0;0;0;0;3.225806452;0;0;0;0;0;0;0;0;0;0;0;0;0;0;0;0;0;0;0;0;0;0;0;0;0;0;100;0;100;0;0;100;100;0;100;0;0;0;100;100;0;0;100;100;100;0;0;100;0;100;0;0;100;0;100;100;0;0;0;0;0;0;0;0;0;100;0;0;100;100;0;100;100;0;0;0;100;100;0;0;0;0;0;0;0;0;0;0;0;0;0;0;0;0;0;0;0;0;0;0;0;0;0;0;0;0;0;0;0;0;0;0;0;0;0;0;0;0;0;0;0;0;0;0;0;0;100;100;0;0;0;0;0;0;0;0;0;0;0;0;0;0;0;0;0;0;0;0;0;0;0;0;100;100;0;100;0;0;0;0;0;0;0;0;0;100;100;0;0;0;0;;;;;
1_1991;0.00;0;0;0;0;100;0;0;0;100;0;0;100;100;0;0;0;100;100;0;0;0;0;0;0;0;0;0;0;0;0;0;0;0;0;0;0;100;100;0;0;0;0;0;0;100;100;0;0;0;0;0;0;0;0;0;0;0;0;0;0;0;0;0;100;0;100;0;100;0;0;100;0;0;100;100;0;0;0;0;0;0;0;0;0;0;0;0;100;0;100;100;0;100;0;100;0;0;0;0;0;100;100;100;100;0;0;0;100;0;0;0;0;0;0;0;0;0;0;0;0;0;0;48.38709677;0;0;0;0;0;0;0;0;0;0;0;0;0;0;0;0;0;0;0;0;0;0;0;0;0;0;100;0;100;0;0;100;100;0;100;0;0;0;100;100;0;0;100;100;100;0;0;100;0;100;0;0;100;0;100;100;0;0;0;0;0;0;0;0;0;100;0;0;100;100;0;100;100;0;0;0;100;100;0;0;0;0;0;0;0;0;0;0;0;0;0;0;0;0;0;0;0;0;0;0;0;0;0;0;0;0;0;0;0;0;0;0;0;0;0;0;0;0;0;0;0;0;0;0;0;0;100;100;0;0;0;0;0;0;0;0;0;0;0;0;0;0;0;0;0;0;0;0;0;0;0;0;100;100;0;100;0;0;0;0;0;0;0;0;0;100;100;0;0;0;0;;;;;
2_1991;0.00;0;0;0;0;100;0;0;0;100;0;0;100;100;0;0;0;100;100;0;0;0;0;0;0;0;0;0;0;0;0;0;0;0;0;0;0;100;100;0;0;0;0;0;0;100;100;0;0;100;0;0;0;0;0;0;0;0;0;0;0;0;0;0;100;0;100;0;100;0;0;100;0;0;100;100;0;0;0;0;0;0;0;0;0;0;0;0;100;0;100;100;0;100;0;0;0;0;0;0;0;100;100;100;100;0;0;0;100;0;0;0;0;0;0;0;0;0;0;0;0;0;0;0;0;0;0;0;0;0;0;0;0;0;0;0;0;0;0;0;0;0;0;0;0;0;0;0;0;0;100;0;100;0;0;100;100;0;100;0;0;0;100;100;0;0;100;100;0;0;0;100;0;100;0;0;100;0;100;100;0;0;0;0;0;0;0;0;0;100;0;0;100;100;0;100;100;0;0;0;100;100;0;0;0;0;0;0;0;0;0;0;0;0;0;0;0;0;0;0;0;0;0;0;0;0;0;0;0;0;0;0;0;0;0;0;0;0;0;0;0;0;0;0;0;0;0;0;0;0;100;100;0;0;0;0;0;0;0;0;0;0;0;0;0;0;0;0;0;0;0;0;0;0;0;0;100;100;0;100;0;0;0;0;0;0;0;0;0;100;100;0;0;0;0;;;;;
3_1991;0.00;0;0;0;0;100;0;0;0;100;0;0;100;100;0;0;0;100;100;0;0;0;0;0;0;0;0;0;0;0;0;0;0;0;0;0;0;100;100;0;0;0;0;0;0;100;100;0;0;100;0;0;0;0;0;0;0;0;0;0;0;0;0;0;100;0;100;0;100;0;0;100;100;0;100;100;0;0;0;0;0;0;0;0;0;0;0;0;100;0;100;100;0;100;0;0;0;0;0;0;0;100;100;100;100;0;0;0;100;0;0;0;0;0;0;0;0;0;0;0;0;0;0;3.225806452;0;0;0;0;0;0;0;0;0;0;0;0;0;0;0;0;0;0;0;0;0;0;0;0;0;0;100;0;100;0;0;100;100;0;100;0;0;0;100;100;0;0;100;100;0;0;0;100;0;100;0;0;0;0;100;100;0;0;0;0;0;0;0;0;0;100;0;0;100;100;0;100;100;0;0;0;100;100;0;0;0;0;0;0;0;0;0;0;0;0;0;0;0;0;0;0;0;0;0;0;0;0;0;0;0;0;0;0;0;0;0;0;0;0;0;0;0;0;0;0;0;0;0;0;0;0;100;3.225806452;0;0;0;0;0;0;0;0;0;0;0;0;0;0;0;0;0;0;0;0;0;0;0;0;100;100;0;100;0;0;0;0;0;0;0;0;0;100;100;0;0;0;0;;;;;
4_1991;0.00;0;0;0;0;100;0;0;0;100;0;0;100;100;0;0;0;100;100;0;0;0;0;0;0;0;0;0;0;0;0;0;0;0;0;0;0;100;100;0;0;0;0;0;0;100;100;0;0;100;0;0;0;0;0;0;0;0;0;0;0;0;0;0;100;0;100;0;100;0;0;100;100;0;100;96.66666667;0;0;0;0;0;0;0;0;0;0;0;0;100;0;100;100;0;100;0;0;0;0;0;0;0;100;0;100;100;0;0;0;100;0;0;0;0;0;0;0;0;0;0;0;0;0;0;0;0;0;0;0;0;0;0;0;0;0;0;0;0;0;0;0;0;0;0;0;0;0;0;0;0;0;100;0;100;0;0;100;100;0;100;0;0;0;100;100;0;0;100;100;0;0;0;100;0;100;0;0;0;0;100;100;0;0;0;0;0;0;0;0;0;100;0;0;0;100;0;100;100;0;0;0;100;100;0;0;0;0;0;0;0;0;0;0;0;0;0;0;0;0;0;0;0;0;0;0;0;0;0;0;0;0;0;0;0;0;0;0;0;0;0;0;0;0;0;0;0;0;0;0;0;0;100;0;0;0;0;0;0;0;0;0;0;0;0;0;0;0;0;0;0;0;0;0;0;0;0;0;100;100;0;100;0;0;0;0;0;0;0;0;0;100;100;0;0;0;0;;;;;
5_1991;0.00;0;0;0;0;100;0;0;0;100;0;0;100;100;0;0;0;100;100;0;0;0;0;0;0;0;0;0;0;0;0;0;0;0;0;0;0;100;100;0;0;0;0;0;0;100;100;0;0;100;0;0;0;0;0;0;0;0;0;0;0;0;0;0;100;0;100;0;100;0;0;100;100;0;100;100;0;0;0;0;0;0;0;0;0;0;0;0;100;0;100;100;0;100;0;0;0;0;0;0;0;100;100;100;100;0;0;0;100;0;0;0;0;0;0;0;0;0;0;0;0;0;0;54.83870968;0;0;0;0;0;0;0;0;0;0;0;0;0;0;0;0;0;0;0;0;0;0;0;0;0;0;100;0;100;0;0;100;100;0;100;0;0;0;100;0;0;0;100;100;0;0;0;100;0;100;0;0;0;0;100;100;0;0;0;0;0;0;0;0;0;100;0;0;100;100;0;100;100;0;0;0;100;100;0;0;0;0;0;0;0;0;0;0;0;0;0;0;0;0;0;0;0;0;0;0;0;0;0;0;0;0;0;0;0;0;0;0;0;0;0;0;0;0;0;0;0;0;0;0;0;0;100;58.06451613;0;6.451612903;0;0;0;0;0;0;0;0;0;0;0;0;0;0;0;0;0;0;0;0;0;0;100;100;0;100;0;0;0;0;0;0;0;0;0;90.32258065;100;0;0;0;0;;;;;
6_1991;0.00;0;0;0;0;100;0;0;0;100;0;0;100;100;0;0;0;100;100;0;0;0;0;0;0;0;0;0;0;0;0;0;0;0;0;0;0;100;100;0;0;0;0;0;0;100;100;0;0;100;0;0;0;0;0;0;0;0;0;0;0;0;0;0;100;0;100;0;100;0;0;100;100;0;100;100;0;0;0;0;0;0;0;0;0;0;0;0;100;0;100;100;0;100;0;0;0;0;0;0;0;100;100;100;100;0;0;0;100;0;0;0;0;0;0;0;0;0;0;0;0;0;0;100;0;0;0;0;0;0;0;0;0;0;0;0;0;0;0;0;0;0;0;0;0;0;0;0;0;0;100;0;100;0;0;100;100;0;100;0;0;0;0;0;0;0;100;100;0;0;0;100;0;100;0;0;0;0;100;100;0;0;0;0;0;0;0;0;0;100;0;0;100;100;0;100;100;0;0;0;100;100;0;0;0;0;0;0;0;0;0;0;0;0;0;0;0;0;0;0;0;0;0;0;0;0;0;0;0;0;0;0;0;0;0;0;0;0;0;0;0;0;0;0;0;0;0;0;0;0;100;100;0;0;0;0;0;0;0;0;0;0;0;0;0;0;0;0;0;0;0;0;0;0;0;0;100;100;0;100;0;0;0;0;0;0;0;0;0;100;100;0;0;0;0;;;;;
7_1991;0.00;0;0;0;0;100;0;0;0;100;0;0;100;100;0;0;0;100;100;0;0;0;0;0;0;0;0;0;0;0;0;0;0;0;0;0;0;100;100;0;0;0;0;0;0;100;100;0;0;100;0;0;0;0;0;0;0;0;0;0;0;0;0;0;100;0;3.225806452;0;100;0;0;100;0;0;100;100;0;0;0;0;0;0;0;0;0;0;0;0;100;0;100;100;0;100;0;0;0;0;0;0;0;100;100;100;100;0;0;0;100;0;0;0;0;0;0;0;0;0;0;0;0;0;0;100;0;0;0;0;0;0;0;0;0;0;0;0;0;0;0;0;0;0;0;0;0;0;0;0;0;0;100;0;100;0;0;0;100;0;100;0;0;0;0;0;0;0;100;100;0;0;0;100;0;100;0;0;0;0;100;100;0;0;0;0;0;0;0;0;0;100;0;0;100;100;0;100;100;0;0;0;100;100;0;0;0;0;0;0;0;0;0;0;0;0;0;0;0;0;0;0;0;0;0;0;0;0;0;0;0;0;0;0;0;0;0;0;0;0;0;0;0;0;0;0;0;0;0;0;0;0;100;100;0;0;0;0;0;0;0;0;0;0;0;0;0;0;0;0;0;0;0;0;0;0;0;0;100;100;0;100;0;0;0;0;0;0;0;0;0;100;100;0;0;0;0;;;;;
8_1991;0.00;0;0;0;0;100;0;0;0;100;0;0;100;100;0;0;0;100;100;0;0;0;0;0;0;0;0;0;0;0;0;0;0;0;0;0;0;100;100;0;0;0;0;0;0;100;100;0;0;100;0;0;0;0;0;0;0;0;0;0;0;0;0;0;100;0;100;0;100;0;0;100;0;0;100;100;0;0;0;0;0;0;0;0;0;0;0;0;100;0;100;100;0;100;0;0;0;0;0;0;0;100;100;100;100;0;0;0;100;0;0;0;0;0;0;0;0;0;0;0;0;0;0;100;0;0;0;0;0;0;0;0;0;0;0;0;0;0;0;0;0;0;0;0;0;0;0;0;0;0;100;0;100;0;0;100;100;0;100;0;0;0;0;0;0;0;100;100;0;0;0;100;0;100;0;0;0;0;100;100;0;0;0;0;0;0;0;0;0;100;0;0;100;100;0;100;100;0;0;0;100;100;0;0;0;0;0;0;0;0;0;0;0;0;0;0;0;0;0;0;0;0;0;0;0;0;0;0;0;0;0;0;0;0;0;0;0;0;0;0;0;0;0;0;0;0;0;0;0;0;100;100;0;0;0;0;0;0;0;0;0;0;0;0;0;0;0;0;0;0;0;0;0;0;0;0;100;100;0;100;0;0;0;0;0;0;0;0;0;100;100;0;0;0;0;;;;;
9_1991;0.00;0;0;0;0;100;0;0;0;100;0;0;100;100;0;0;0;100;100;0;0;0;0;0;0;0;0;0;0;0;0;0;0;0;0;0;0;100;100;0;0;0;0;0;0;100;100;0;0;100;0;0;0;0;0;0;0;0;0;0;0;0;0;0;100;0;100;0;100;0;0;100;0;0;100;100;0;0;0;0;0;0;0;0;0;0;0;0;100;0;100;100;0;100;0;0;0;0;0;0;0;100;100;100;100;0;0;0;100;0;0;0;0;0;0;0;0;0;0;0;0;0;0;100;0;0;0;0;0;0;0;0;0;0;0;0;0;0;0;0;0;0;0;0;0;0;0;0;0;0;100;0;100;0;0;100;100;0;100;0;0;0;0;0;0;0;100;100;0;0;0;100;0;100;0;0;0;0;100;100;0;0;0;0;0;0;0;0;0;100;0;0;100;100;0;100;56.66666667;0;0;0;100;100;0;0;0;0;0;0;0;0;0;0;0;0;0;0;0;0;0;0;0;0;0;0;0;0;0;0;0;0;0;0;0;0;0;0;0;0;0;0;0;0;0;0;0;0;0;0;0;0;100;100;0;0;0;0;0;0;0;0;0;0;0;0;0;0;0;0;0;0;0;0;0;0;0;0;100;100;0;100;0;0;0;0;0;0;0;0;0;100;100;0;0;0;0;;;;;
10_1991;0.00;0;0;0;0;100;0;0;0;100;0;0;100;100;0;0;0;100;100;0;0;0;0;0;0;0;0;0;0;0;0;0;0;0;0;0;0;100;100;0;0;0;0;0;0;100;100;0;0;100;0;0;0;0;0;0;0;0;0;0;0;0;0;0;100;0;51.61290323;0;100;0;0;100;0;0;100;100;0;0;0;0;0;0;0;0;0;0;0;0;100;0;100;100;0;100;0;0;0;0;0;0;0;100;100;100;100;0;0;0;100;0;0;0;0;0;0;0;0;0;0;0;0;0;0;100;0;0;0;0;0;0;0;0;0;0;0;0;0;0;0;0;0;0;0;0;0;0;0;0;0;0;100;0;100;0;0;100;100;0;100;0;0;0;100;0;0;0;100;100;100;0;0;100;0;100;0;0;0;0;100;100;0;0;0;0;0;0;0;0;0;100;0;0;100;100;0;100;100;0;0;0;100;100;0;0;0;0;0;0;0;0;0;0;0;0;0;0;0;0;0;0;0;0;0;0;0;0;0;0;0;0;0;0;0;0;0;0;0;0;0;0;0;0;0;0;0;0;0;0;0;0;100;100;0;0;0;0;0;0;0;0;0;0;0;0;0;0;0;0;0;0;0;0;0;0;0;0;100;100;0;100;0;0;0;0;0;0;0;0;0;100;100;0;0;0;0;;;;;
11_1991;0.00;0;0;0;0;100;0;0;0;100;0;0;100;100;0;0;0;100;100;0;0;0;0;0;0;0;0;0;0;0;0;0;0;0;0;0;0;100;100;0;0;0;0;0;0;100;100;0;0;100;0;0;0;0;0;0;0;0;0;0;0;0;0;0;100;0;100;0;100;0;0;0;0;0;0;100;0;0;0;0;0;0;0;0;0;0;0;0;100;0;100;100;0;100;0;0;0;0;0;0;0;100;100;100;100;0;0;0;100;0;0;0;0;0;0;0;0;0;0;0;0;0;0;100;0;0;0;0;0;0;0;0;0;0;0;0;0;0;0;0;0;0;0;0;0;0;0;0;0;0;100;0;100;0;0;100;100;0;100;0;0;0;100;0;0;0;100;100;100;0;0;80;0;100;0;0;100;0;100;100;0;0;0;0;0;0;0;0;0;100;0;0;93.33333333;100;0;100;83.33333333;0;0;0;100;100;0;0;0;0;0;0;0;0;0;0;0;0;0;0;0;0;0;0;0;0;0;0;0;0;0;0;0;0;0;0;0;0;0;0;0;0;0;0;0;0;0;0;0;0;0;0;0;0;100;100;0;0;0;0;0;0;0;0;0;0;0;0;0;0;0;0;0;0;0;0;0;0;0;0;100;100;0;100;0;0;0;0;0;0;0;0;0;0;100;0;0;0;0;;;;;
12_1991;100.00;0;0;0;0;100;0;0;100;100;0;0;100;100;0;0;0;100;100;100;0;0;0;0;0;0;0;0;0;0;0;0;0;0;0;0;0;100;100;0;0;0;0;0;0;100;100;0;0;100;0;0;0;0;0;0;0;0;0;0;0;0;0;0;100;0;100;0;100;0;0;0;0;0;0;100;0;0;0;0;0;0;0;0;0;0;0;0;100;0;100;100;0;100;0;0;0;0;0;0;0;100;100;100;100;0;0;0;100;0;0;0;0;0;0;0;0;0;0;0;0;0;0;100;0;0;0;0;0;0;0;0;0;0;0;0;0;0;0;0;0;0;0;0;0;0;0;0;0;0;100;0;100;0;0;100;100;0;100;0;0;0;100;0;0;0;100;0;100;0;0;100;0;100;0;0;100;0;100;100;0;0;0;0;0;0;0;0;0;0;0;0;100;100;0;100;100;0;0;0;100;100;0;0;0;0;0;0;0;0;0;0;0;0;0;0;0;0;0;0;0;0;0;0;0;0;0;0;0;0;0;0;0;0;0;0;0;0;0;0;0;0;0;0;0;0;0;0;0;0;100;100;0;0;0;0;0;0;0;0;0;0;0;0;0;0;0;0;0;0;0;0;0;0;0;0;100;0;0;100;0;0;0;0;0;0;0;0;0;3.225806452;100;0;0;0;0;;;;;
1_1992;0.00;0;0;0;0;0;0;0;0;100;0;0;0;0;0;0;0;100;100;0;0;0;0;0;0;0;0;0;0;0;0;0;0;0;0;0;0;0;100;0;0;100;0;0;0;0;100;0;0;0;3.225806452;0;0;0;0;0;0;0;0;0;0;0;0;0;0;0;100;0;0;90.32258065;0;0;0;0;0;100;0;0;0;0;0;0;0;0;0;0;0;0;100;0;100;0;0;100;0;0;0;0;0;0;0;100;100;100;100;0;0;0;100;0;0;0;0;0;0;0;0;0;0;0;0;0;0;100;0;0;0;0;0;0;0;0;0;0;0;0;0;0;0;0;0;0;0;0;0;0;0;0;0;0;100;0;0;0;0;0;0;0;100;0;0;0;0;0;0;0;0;0;0;0;100;100;0;0;0;0;0;0;0;100;0;0;0;0;0;0;0;0;0;0;0;0;100;100;0;100;100;0;0;0;100;100;0;0;0;0;0;0;0;0;0;0;0;0;0;0;0;0;0;0;0;0;0;0;0;0;0;0;0;0;0;0;0;0;0;0;0;0;0;0;0;0;0;0;0;0;0;0;0;0;100;100;0;0;0;0;0;0;0;0;0;0;0;0;0;0;0;0;0;0;0;0;0;0;0;0;0;0;0;0;0;0;0;0;0;0;0;0;0;100;100;0;0;0;0;;;;;
2_1992;0.00;0;0;0;0;0;0;0;0;100;0;0;0;0;0;0;0;100;100;0;0;0;0;0;0;0;0;0;0;0;0;0;0;0;0;0;0;0;100;0;0;0;0;0;0;0;100;0;0;0;0;0;0;0;0;0;0;0;0;0;0;0;0;0;0;0;100;0;0;100;0;0;0;0;0;100;0;0;0;0;0;0;0;0;0;0;0;0;100;0;100;0;0;100;0;0;0;0;0;0;0;100;100;100;100;0;0;0;100;0;0;0;0;0;0;0;0;0;0;0;0;0;0;100;0;0;0;0;0;0;0;0;0;0;0;0;0;0;0;0;0;0;0;0;0;0;0;0;0;0;100;0;0;0;0;0;0;0;100;0;0;0;0;0;0;0;0;0;0;0;100;93.10344828;0;0;0;0;0;0;0;100;0;0;0;0;0;0;0;0;0;0;0;0;100;100;0;100;86.20689655;0;0;0;100;100;0;0;0;0;0;0;0;0;0;0;0;0;0;0;0;0;0;0;0;0;0;0;0;0;0;0;0;0;0;0;0;0;0;0;0;0;0;0;0;0;0;0;0;0;0;0;0;0;100;100;0;0;0;0;0;0;0;0;0;0;0;0;0;0;0;0;0;0;0;0;0;0;0;0;0;0;0;0;0;0;0;0;0;0;0;0;0;100;100;0;0;0;0;;;;;
3_1992;0.00;0;0;0;0;0;0;0;0;100;0;0;0;0;0;0;0;100;100;0;0;0;0;0;0;0;0;0;0;0;0;0;0;0;0;0;0;0;100;0;0;0;0;0;0;0;100;0;0;0;3.225806452;0;0;0;0;0;0;0;0;0;0;0;0;0;0;0;100;0;0;0;0;0;0;0;0;100;0;0;0;0;0;0;0;0;0;0;0;0;100;0;100;0;0;100;0;0;0;0;0;0;0;100;100;100;100;0;0;0;100;0;0;0;0;0;0;0;0;0;0;0;0;0;0;100;0;0;0;0;0;0;0;0;0;0;0;0;0;0;0;0;0;0;0;0;0;0;0;0;0;0;100;0;0;0;0;0;0;0;100;0;0;0;0;0;0;0;0;0;0;0;96.77419355;100;0;0;0;0;0;0;0;100;0;0;0;0;0;0;0;0;0;0;0;0;100;100;0;100;100;0;0;0;100;100;0;0;0;0;0;0;0;0;0;0;0;0;0;0;0;0;0;0;0;0;0;0;0;0;0;0;0;0;0;0;0;0;0;0;0;0;0;0;0;0;0;0;0;0;0;0;0;0;100;100;0;0;0;0;0;0;0;0;0;0;0;0;0;0;0;0;0;0;0;0;0;0;0;0;0;0;0;0;0;0;0;0;0;0;0;0;0;100;100;0;0;0;0;;;;;
4_1992;0.00;0;0;0;0;0;0;0;0;100;0;0;0;0;0;0;0;100;100;0;0;0;0;0;0;0;0;0;0;0;0;0;0;0;0;0;0;0;100;0;0;100;0;0;0;0;100;0;0;0;0;0;0;0;0;0;0;0;0;0;0;0;0;0;0;0;100;0;0;0;0;0;0;0;0;100;0;0;0;0;0;0;0;0;0;0;0;0;100;0;100;0;0;100;0;0;0;0;0;0;0;100;100;100;100;0;0;0;100;0;0;0;0;0;0;0;0;0;0;0;0;0;0;100;0;0;0;0;0;0;0;0;0;0;0;0;0;0;0;0;0;0;0;0;0;0;0;0;0;0;100;0;0;0;0;0;0;0;100;0;0;0;0;0;0;0;0;0;0;0;100;100;0;0;0;0;0;0;0;100;0;0;0;0;0;0;0;0;0;0;0;0;100;100;0;100;100;0;0;0;100;100;0;0;0;0;0;0;0;0;0;0;0;0;0;0;0;0;0;0;0;0;0;0;0;0;0;0;0;0;0;0;0;0;0;0;0;0;0;0;0;0;0;0;0;0;0;0;0;0;100;100;0;0;0;0;0;0;0;0;0;0;0;0;0;0;0;0;0;0;0;0;0;0;0;0;0;0;0;0;0;0;0;0;0;0;0;0;0;100;100;0;0;0;0;;;;;
5_1992;0.00;0;0;0;0;0;0;0;0;100;0;0;0;0;0;0;0;100;100;0;0;0;0;0;0;0;0;0;0;0;0;0;0;0;0;0;0;0;100;0;0;100;0;0;0;0;100;0;0;0;3.225806452;0;0;0;0;0;0;0;0;0;0;0;0;0;0;0;100;0;0;67.74193548;0;0;0;0;0;100;0;0;0;0;0;0;0;0;0;0;0;0;100;0;100;0;0;100;0;0;0;0;0;0;0;100;100;100;100;0;0;0;100;0;0;0;0;0;0;0;0;0;0;0;0;0;0;100;0;0;0;0;0;0;0;0;0;0;0;0;0;0;0;0;0;0;0;0;0;0;0;0;0;0;100;0;0;0;0;0;0;0;100;0;0;0;0;0;0;0;0;0;0;0;100;100;0;0;0;0;0;0;0;100;0;0;0;0;0;0;0;0;0;0;0;0;100;100;0;100;100;0;0;0;100;100;0;0;0;0;0;0;0;0;0;0;0;0;0;0;0;0;0;0;0;0;0;0;0;0;0;0;0;0;0;0;0;0;0;0;0;0;0;0;0;0;0;0;0;0;0;0;0;0;100;100;0;0;0;0;0;0;0;0;0;0;0;0;0;0;0;0;0;0;0;0;0;0;0;0;0;0;0;0;0;0;0;0;0;0;0;0;0;100;100;0;0;0;0;;;;;
6_1992;0.00;0;0;0;0;0;0;0;0;100;0;0;0;0;0;0;0;100;100;0;0;0;0;0;0;0;0;0;0;0;0;0;0;0;0;0;0;0;100;0;0;100;0;0;0;0;100;0;0;0;0;0;0;0;0;0;0;0;0;0;0;0;0;0;0;0;100;0;0;73.33333333;0;0;0;0;0;100;0;0;0;0;0;0;0;0;0;0;0;0;100;0;100;0;0;100;0;0;0;0;0;0;0;100;100;100;100;0;0;0;100;0;0;0;0;0;0;0;0;0;0;0;0;0;0;100;0;0;0;0;0;0;0;0;0;0;0;0;0;0;0;0;0;0;0;0;0;0;0;0;0;0;100;0;0;0;0;0;0;0;100;0;0;0;0;0;0;0;0;0;0;0;96.66666667;100;0;0;0;0;0;0;0;100;0;0;0;0;0;0;0;0;0;0;0;0;100;100;0;100;100;0;0;0;100;100;0;0;0;0;0;0;0;0;0;0;0;0;0;0;0;0;0;0;0;0;0;0;0;0;0;0;0;0;0;0;0;0;0;0;0;0;0;0;0;0;0;0;0;0;0;0;0;0;100;100;0;0;0;0;0;0;0;0;0;0;0;0;0;0;0;0;0;0;0;0;0;0;0;0;0;0;0;0;0;0;0;0;0;0;0;0;0;100;100;0;0;0;0;;;;;
7_1992;0.00;0;0;0;0;0;0;0;0;100;0;0;0;0;0;0;0;100;100;0;0;0;0;0;0;0;0;0;0;0;0;0;0;0;0;0;0;0;100;0;0;100;0;0;0;0;100;0;0;0;3.225806452;0;0;0;0;0;0;0;0;0;0;0;0;0;0;0;100;0;0;90.32258065;0;0;0;0;0;100;0;0;0;0;0;0;0;0;0;0;0;0;100;0;100;0;0;100;0;0;0;0;0;0;0;100;100;100;100;0;0;0;100;0;0;0;0;0;0;0;0;0;0;0;0;0;0;100;0;0;0;0;0;0;0;0;0;0;0;0;0;0;0;0;0;0;0;0;0;0;0;0;0;0;100;0;0;0;0;0;0;0;100;0;0;0;0;0;0;0;0;0;0;0;96.77419355;100;0;0;0;0;0;0;0;100;0;0;0;0;0;0;0;0;0;0;0;0;100;100;0;100;100;0;0;0;100;100;0;0;0;0;0;0;0;0;0;0;0;0;0;0;0;0;0;0;0;0;0;0;0;0;0;0;0;0;0;0;0;0;0;0;0;0;0;0;0;0;0;0;0;0;0;0;0;0;100;100;0;0;0;0;0;0;0;0;0;0;0;0;0;0;0;0;0;0;0;0;0;0;0;0;0;0;0;0;0;0;0;0;0;0;0;0;0;100;100;0;0;0;0;;;;;
8_1992;0.00;0;0;0;0;0;0;0;0;100;0;0;0;0;0;0;0;100;100;0;0;0;0;0;0;0;0;0;0;0;0;0;0;0;0;0;0;0;100;0;0;100;0;0;0;0;100;0;0;0;3.225806452;0;0;0;0;0;0;0;0;0;0;0;0;0;0;0;100;0;0;54.83870968;0;0;0;0;0;100;0;0;0;0;0;0;0;0;0;0;0;0;100;0;100;0;0;100;0;0;0;0;0;0;0;100;100;100;100;0;0;0;100;0;0;0;0;0;0;0;0;0;0;0;0;0;0;100;0;0;0;0;0;0;0;0;0;0;0;0;0;0;0;0;0;0;0;0;0;0;0;0;0;0;100;0;0;0;0;0;0;0;100;0;0;0;0;0;0;0;0;0;0;0;96.77419355;100;0;0;0;0;0;0;0;100;0;0;0;0;0;0;0;0;0;0;0;0;100;100;0;100;100;0;0;0;100;100;0;0;0;0;0;0;0;0;0;0;0;0;0;0;0;0;0;0;0;0;0;0;0;0;0;0;0;0;0;0;0;0;0;0;0;0;0;0;0;0;0;0;0;0;0;0;0;0;100;100;0;0;0;0;0;0;0;0;0;0;0;0;0;0;0;0;0;0;0;0;0;0;0;0;0;0;0;0;0;0;0;0;0;0;0;0;0;100;100;0;0;0;0;;;;;
9_1992;0.00;0;0;0;0;0;0;0;0;100;0;0;0;0;0;0;0;100;100;0;0;0;0;0;0;0;0;0;0;0;0;0;0;0;0;0;0;0;100;0;0;100;0;0;0;0;100;0;0;0;0;0;0;0;0;0;0;0;0;0;0;0;0;0;0;0;100;0;0;60;0;0;0;0;0;100;0;0;0;0;0;0;0;0;0;0;0;0;100;0;100;0;0;100;0;0;0;0;0;0;0;100;100;100;100;0;0;0;100;0;0;0;0;0;0;0;0;0;0;0;0;0;0;100;0;0;0;0;0;0;0;0;0;0;0;0;0;0;0;0;0;0;0;0;0;0;0;0;0;0;100;0;0;0;0;0;0;0;100;0;0;0;0;0;0;0;0;0;0;0;100;100;0;0;0;0;0;0;0;100;0;0;0;0;0;0;0;0;0;0;0;0;100;100;0;100;100;0;0;0;100;100;0;0;0;0;0;0;0;0;0;0;0;0;0;0;0;0;0;0;0;0;0;0;0;0;0;0;0;0;0;0;0;0;0;0;0;0;0;0;0;0;0;0;0;0;0;0;0;0;100;100;0;0;0;0;0;0;0;0;0;0;0;0;0;0;0;0;0;0;0;0;0;0;0;0;0;0;0;0;0;0;0;0;0;0;0;0;0;100;100;0;0;0;0;;;;;
10_1992;0.00;0;0;0;0;0;0;0;0;100;0;0;0;0;0;0;0;100;100;0;0;0;0;0;0;0;0;0;0;0;0;0;0;0;0;0;0;0;100;0;0;100;0;0;0;0;100;0;0;0;3.225806452;0;0;0;0;0;0;0;0;0;0;0;0;0;0;0;100;0;0;74.19354839;0;0;0;0;0;100;0;0;0;0;0;0;0;0;0;0;0;0;100;0;100;0;0;100;0;0;0;0;0;0;0;100;100;100;100;0;0;0;93.5483871;0;0;0;0;0;0;0;0;0;0;0;0;0;0;100;0;0;0;0;0;0;0;0;0;0;0;0;0;0;0;0;0;0;0;0;0;0;0;0;0;0;100;0;0;0;0;0;0;0;100;0;0;0;0;0;0;0;0;0;0;0;100;100;0;0;0;0;0;0;0;100;0;0;0;0;0;0;0;0;0;0;0;0;100;100;0;100;100;0;0;0;100;100;0;0;0;0;0;0;0;0;0;0;0;0;0;0;0;0;0;0;0;0;0;0;0;0;0;0;0;0;0;0;0;0;0;0;0;0;0;0;0;0;0;0;0;0;0;0;0;0;100;100;0;0;0;0;0;0;0;0;0;0;0;0;0;0;0;0;0;0;0;0;0;0;0;0;0;0;0;0;0;0;0;0;0;0;0;0;0;100;100;0;0;0;0;;;;;
11_1992;0.00;0;0;0;0;0;0;0;0;100;0;0;0;0;0;0;0;100;100;0;0;0;0;0;0;0;0;0;0;0;0;0;0;0;0;0;0;0;100;0;0;100;0;0;0;0;100;0;0;0;10;0;0;0;0;0;0;0;0;0;0;0;0;0;0;0;100;0;0;76.66666667;0;0;0;0;0;100;0;0;0;0;0;0;0;0;0;0;0;0;100;0;100;0;0;100;0;0;0;0;0;0;0;100;100;100;100;0;0;0;100;0;0;0;0;0;0;0;0;0;0;0;0;0;0;100;0;0;0;0;0;0;0;0;0;0;0;0;0;0;0;0;0;0;0;0;0;0;0;0;0;0;100;0;0;0;0;0;0;0;100;0;0;0;0;0;0;0;0;0;0;0;100;100;0;0;0;0;0;0;0;100;0;0;0;0;0;0;0;0;0;0;0;0;100;100;0;100;100;0;0;0;100;100;0;0;0;0;0;0;0;0;0;0;0;0;0;0;0;0;0;0;0;0;0;0;0;0;0;0;0;0;0;0;0;0;0;0;0;0;0;0;0;0;0;0;0;0;0;0;0;0;100;100;0;0;0;0;0;0;0;0;0;0;0;0;0;0;0;0;0;0;0;0;0;0;0;0;0;0;0;0;0;0;0;0;0;0;0;0;0;0;100;0;0;0;0;;;;;
12_1992;0.00;0;0;0;0;0;0;0;0;100;0;0;0;0;0;0;0;100;100;0;0;0;0;0;0;0;0;0;0;0;0;0;0;0;0;0;0;0;100;0;0;100;0;0;0;0;100;0;0;0;100;0;0;0;0;0;0;0;0;0;0;0;0;0;0;0;100;0;0;74.19354839;0;0;0;0;0;100;0;0;0;0;0;0;0;0;0;0;0;0;100;0;100;0;0;96.77419355;0;0;0;0;0;0;0;100;100;100;100;0;0;0;100;0;0;0;0;0;0;0;0;0;0;0;0;0;0;100;0;0;0;0;0;0;0;0;0;0;0;0;0;0;0;0;0;0;0;0;0;0;0;0;0;0;100;0;0;0;0;0;0;0;100;0;0;0;0;0;0;0;0;0;0;0;100;100;0;0;0;0;0;0;0;100;0;0;0;0;0;0;0;0;0;0;0;0;100;100;0;100;100;0;0;0;100;100;0;0;0;0;0;0;0;0;0;0;0;0;0;0;0;0;0;0;0;0;0;0;0;0;0;0;0;0;0;0;0;0;0;0;0;0;0;0;0;0;0;0;0;0;0;0;0;0;100;100;0;0;0;0;0;0;0;0;0;0;0;0;0;0;0;0;0;0;0;0;0;0;0;0;0;0;0;0;0;0;0;0;0;0;0;0;0;3.225806452;100;0;0;0;0;;;;;
1_1993;0.00;0;0;0;0;0;0;0;0;100;0;0;0;0;0;0;0;100;100;0;0;0;0;0;0;0;0;0;0;0;0;0;0;0;0;0;0;0;100;0;0;100;0;0;0;0;100;0;0;0;100;0;0;0;0;0;0;0;0;0;0;0;0;0;0;0;100;0;0;96.77419355;0;0;0;0;0;100;0;0;0;0;0;0;0;0;0;0;0;0;100;0;100;0;0;100;0;0;0;0;0;0;0;100;100;100;100;0;0;0;100;0;0;0;0;0;0;0;0;0;0;0;0;0;0;100;0;0;0;0;0;0;0;0;0;0;0;0;0;0;0;0;0;0;0;0;0;0;0;0;0;0;100;0;0;0;0;0;0;0;100;0;0;0;0;0;0;0;0;0;0;0;100;100;0;0;0;0;0;0;0;100;0;0;0;0;0;0;0;0;0;0;0;0;100;100;0;100;100;0;0;0;100;100;0;0;0;0;0;0;0;0;0;0;0;0;0;0;0;0;0;0;0;0;0;0;0;0;0;0;0;0;0;0;0;0;0;0;0;0;0;0;0;0;0;0;0;0;0;0;0;0;100;100;0;0;0;0;0;0;0;0;0;0;0;0;0;0;0;0;0;0;0;0;0;0;0;0;0;0;0;0;0;0;0;0;0;0;0;0;0;3.225806452;100;0;0;0;0;;;;;
2_1993;0.00;0;0;0;0;0;0;0;0;100;0;0;0;0;0;0;0;100;100;0;0;0;0;0;0;0;0;0;0;0;0;0;0;0;0;0;0;0;100;0;0;100;0;0;0;0;100;0;0;0;100;0;0;0;0;0;0;0;0;0;0;0;0;0;0;0;100;0;0;96.42857143;0;100;0;0;0;100;0;0;0;0;0;0;0;0;0;0;0;0;100;0;100;0;0;100;0;0;0;0;0;0;0;100;100;100;100;0;0;0;100;0;0;0;0;0;0;0;0;0;0;0;0;0;0;100;0;0;0;0;0;0;0;0;0;0;0;0;0;0;0;0;0;0;0;0;0;0;0;0;0;0;100;0;0;0;0;0;0;0;100;0;0;0;0;0;0;0;0;0;0;0;100;100;0;0;0;0;0;0;0;100;0;0;0;0;0;0;0;0;0;0;0;0;100;100;0;100;100;0;0;0;100;100;0;0;0;0;0;0;0;0;0;0;0;0;0;0;0;0;0;0;0;0;0;0;0;0;0;0;0;0;0;0;0;0;0;0;0;0;0;0;0;0;0;0;0;0;0;0;0;0;100;100;0;0;0;0;0;0;0;0;0;0;0;0;0;0;0;0;0;0;0;0;0;0;0;0;0;0;0;0;0;0;0;0;0;0;0;0;0;0;100;0;0;0;0;;;;;
3_1993;0.00;0;0;0;0;0;0;0;0;100;0;0;0;0;0;0;0;100;100;0;0;0;0;0;0;0;0;0;0;0;0;0;0;0;0;0;0;0;100;0;0;100;0;0;0;0;100;0;0;0;100;0;0;0;0;0;0;0;0;0;0;0;0;0;0;0;100;0;0;100;0;0;0;0;0;100;0;0;0;0;0;0;0;0;0;0;0;0;100;0;100;0;0;100;0;0;0;0;0;0;0;100;100;100;100;0;0;0;100;0;0;0;0;0;0;0;0;0;0;0;0;0;0;100;0;0;0;0;0;0;0;0;0;0;0;0;0;0;0;0;0;0;0;0;0;0;0;0;0;0;100;0;0;0;0;0;0;0;100;0;0;0;0;0;0;0;0;0;0;0;100;100;0;0;0;0;0;0;0;100;0;0;0;0;0;0;0;0;0;0;0;0;100;100;0;100;100;0;0;0;100;100;0;0;0;0;0;0;0;0;0;0;0;0;0;0;0;0;0;0;0;0;0;0;0;0;0;0;0;0;0;0;0;0;0;0;0;0;0;0;0;0;0;0;0;0;0;0;0;0;100;100;0;0;0;0;0;0;0;0;0;0;0;0;0;0;0;0;0;0;0;0;0;0;0;0;0;0;0;0;0;0;0;0;0;0;0;0;0;3.225806452;58.06451613;0;0;0;0;;;;;
4_1993;0.00;0;0;0;0;0;0;0;0;100;0;0;0;0;0;0;0;100;100;0;0;0;0;0;0;0;0;0;0;0;0;0;0;0;0;0;0;0;100;0;0;100;0;0;0;0;100;0;0;0;0;0;0;0;0;0;0;0;0;0;0;0;0;0;0;0;100;0;0;100;0;0;0;0;0;100;0;0;0;0;0;0;0;0;0;0;0;0;100;0;100;0;0;100;0;0;0;0;0;0;0;100;100;100;100;0;0;0;100;0;0;0;0;0;0;0;0;0;0;0;0;0;0;100;0;0;0;0;0;0;0;0;0;0;0;0;0;0;0;0;0;0;0;0;0;0;0;0;0;0;100;0;0;0;0;0;0;0;100;0;0;0;0;0;0;0;0;0;0;0;100;100;0;0;0;0;0;0;0;100;0;0;0;0;0;0;0;0;0;0;0;0;100;100;0;100;100;0;0;0;100;100;0;0;0;0;0;0;0;0;0;0;0;0;0;0;0;0;0;0;0;0;0;0;0;0;0;0;0;0;0;0;0;0;0;0;0;0;0;0;0;0;0;0;0;0;0;0;0;0;100;100;0;0;0;0;0;0;0;0;0;0;0;0;0;0;0;0;0;0;0;0;0;0;0;0;0;0;0;0;0;0;0;0;0;0;0;0;0;0;93.33333333;0;0;0;0;;;;;
5_1993;0.00;0;0;0;0;0;0;0;0;100;0;0;0;0;0;0;0;100;100;0;0;0;0;0;0;0;0;0;0;0;0;0;0;0;0;0;0;0;100;0;0;100;0;0;0;0;100;0;0;0;0;0;0;0;0;0;0;0;0;0;0;0;0;0;0;0;100;0;0;100;0;0;0;0;0;100;0;0;0;0;0;0;0;0;0;0;0;0;100;0;100;0;0;100;0;0;0;0;0;0;0;100;100;100;100;0;0;0;100;0;0;0;0;0;0;0;0;0;0;0;0;0;0;100;0;0;0;0;0;0;0;0;0;0;0;0;0;0;0;0;0;0;0;0;0;0;0;0;0;0;100;0;0;0;0;0;0;0;100;0;0;0;0;0;0;0;0;0;0;0;100;100;0;0;0;0;0;0;0;100;0;0;0;0;0;0;0;0;0;0;0;0;100;100;0;100;100;0;0;0;100;100;0;0;0;0;0;0;0;0;0;0;0;0;0;0;0;0;0;0;0;0;0;0;0;0;0;0;0;0;0;0;0;0;0;0;0;0;0;0;0;0;0;0;0;0;0;0;0;0;100;100;0;0;0;0;0;0;0;0;0;0;0;0;0;0;0;0;0;0;0;0;0;0;0;0;0;0;0;0;0;0;0;0;0;0;0;0;0;19.35483871;100;0;0;0;0;;;;;
6_1993;0.00;0;0;0;0;0;0;0;0;100;0;0;0;0;0;0;0;100;100;0;0;0;0;0;0;0;0;0;0;0;0;0;0;0;0;0;0;0;100;0;0;100;0;0;0;0;100;0;0;0;0;0;0;0;0;0;0;0;0;0;0;0;0;0;0;0;100;0;0;100;0;0;0;0;0;100;0;0;0;0;0;0;0;0;0;0;0;0;100;0;100;0;0;100;0;0;0;0;0;0;0;100;100;100;100;0;0;0;100;0;0;0;0;0;0;0;0;0;0;0;0;0;0;100;0;0;0;0;0;0;0;0;0;0;0;0;0;0;0;0;0;0;0;0;0;0;0;0;0;0;100;0;0;0;0;0;0;0;100;0;0;0;0;0;0;0;0;0;0;0;93.33333333;100;0;0;0;0;0;0;0;100;0;0;0;0;0;0;0;0;0;0;0;0;100;100;0;100;100;0;0;0;100;100;0;0;0;0;0;0;0;0;0;0;0;0;0;0;0;0;0;0;0;0;0;0;0;0;0;0;0;0;0;0;0;0;0;0;0;0;0;0;0;0;0;0;0;0;0;0;0;0;100;100;0;0;0;0;0;0;0;0;0;0;0;0;0;0;0;0;0;0;0;0;0;0;0;0;0;0;0;0;0;0;0;0;0;0;0;0;0;100;100;0;0;0;0;;;;;
7_1993;0.00;0;0;0;0;0;0;0;0;100;0;0;0;0;0;0;0;100;100;0;0;0;0;0;0;0;0;0;0;0;0;0;0;0;0;0;0;0;100;0;0;100;0;0;0;0;100;0;0;0;0;0;0;0;0;0;0;0;0;0;0;0;0;0;0;0;100;0;0;77.41935484;0;0;0;0;0;100;0;0;0;0;0;0;0;0;0;0;0;0;100;0;100;0;0;100;0;100;0;0;0;0;0;100;100;100;100;0;0;0;100;0;0;0;0;0;0;0;0;0;0;0;0;0;0;100;0;0;0;0;0;0;0;0;0;0;0;0;0;0;0;0;0;0;0;0;0;0;0;0;0;0;100;0;0;0;0;0;0;0;100;0;0;0;0;0;0;0;0;0;0;0;0;100;0;0;0;0;0;0;0;100;0;0;0;0;0;0;0;0;0;0;0;0;100;100;0;100;100;0;0;0;100;100;0;0;0;0;0;0;0;0;0;0;0;0;0;0;0;0;0;0;0;0;0;0;0;0;0;0;0;0;0;0;0;0;0;0;0;0;0;0;0;0;0;0;0;0;0;0;0;0;100;100;0;0;0;0;0;0;0;0;0;0;0;0;0;0;0;0;0;0;0;0;0;0;0;0;0;0;0;0;0;0;0;0;0;0;0;0;0;100;100;0;0;0;0;;;;;
8_1993;0.00;0;0;0;0;0;0;0;0;100;0;0;0;0;0;0;0;100;100;0;0;0;0;0;0;0;0;0;0;0;0;0;0;0;0;0;0;0;100;0;0;100;0;0;0;0;100;0;0;0;0;0;0;0;0;0;0;0;0;0;0;0;0;0;0;0;100;0;0;90.32258065;0;0;0;0;0;100;0;0;0;0;0;0;0;0;0;0;0;0;100;0;100;0;0;100;0;100;0;0;0;0;0;100;100;100;100;0;0;0;100;0;0;0;0;0;0;0;0;0;0;0;0;0;0;100;0;0;0;0;0;0;0;0;0;0;0;0;0;0;0;0;0;0;0;0;0;0;0;0;0;0;100;0;0;0;0;0;0;0;100;0;0;0;0;0;0;0;0;0;0;0;100;100;0;0;0;0;0;0;0;100;0;0;0;0;0;0;0;0;0;0;0;0;100;100;0;100;100;0;0;0;100;100;0;0;0;0;0;0;0;0;0;0;0;0;0;0;0;0;0;0;0;0;0;0;0;0;0;0;0;0;0;0;0;0;0;0;0;0;0;0;0;0;0;0;0;0;0;0;0;0;100;100;0;0;0;0;0;0;0;0;0;0;0;0;0;0;0;0;0;0;0;0;0;0;0;0;0;0;0;0;0;0;0;0;0;0;0;0;0;100;100;0;0;0;0;;;;;
9_1993;0.00;0;0;0;0;0;0;0;0;100;0;0;0;0;0;0;0;100;100;0;0;0;0;0;0;0;0;0;0;0;0;0;0;0;0;0;0;0;100;0;0;100;0;0;0;0;100;0;0;0;0;0;0;0;0;0;0;0;0;0;0;0;0;0;0;0;100;0;0;0;0;0;0;0;0;100;0;0;0;0;0;0;0;0;0;0;0;0;100;0;100;0;0;100;0;0;0;0;0;0;0;100;100;100;100;0;0;0;100;0;0;0;0;0;0;0;0;0;0;0;0;0;0;100;0;0;0;0;0;0;0;0;0;0;0;0;0;0;0;0;0;0;0;0;0;0;0;0;0;0;100;0;0;0;0;0;0;0;100;0;0;0;0;0;0;0;0;0;0;0;100;100;0;0;0;0;0;0;0;100;0;0;0;0;0;0;0;0;0;0;0;0;100;100;0;100;100;0;0;0;100;100;0;0;0;0;0;0;0;0;0;0;0;0;0;0;0;0;0;0;0;0;0;0;0;0;0;0;0;0;0;0;0;0;0;0;0;0;0;0;0;0;0;0;0;0;0;0;0;0;100;100;0;0;0;0;0;0;0;0;0;0;0;0;0;0;0;0;0;0;0;0;0;0;0;0;0;0;0;0;0;0;0;0;0;0;0;0;0;100;100;0;0;0;0;;;;;
10_1993;0.00;0;0;0;0;0;0;0;0;100;0;0;0;0;0;0;0;100;100;0;0;0;0;0;0;0;0;0;0;0;0;0;0;0;0;0;0;0;100;0;0;100;0;0;0;0;100;0;0;0;0;0;0;0;0;0;0;0;0;0;0;0;0;0;0;0;100;0;0;77.41935484;0;0;0;0;0;100;0;0;0;0;0;0;0;0;0;0;0;0;100;0;100;0;0;100;0;100;0;0;0;0;0;100;100;100;100;0;0;0;100;0;0;0;0;0;0;0;0;0;0;0;0;0;0;100;0;0;0;0;0;0;0;0;0;0;0;0;0;0;0;0;0;0;0;0;0;0;0;0;0;0;100;0;0;0;0;0;0;0;100;0;0;0;0;0;0;0;0;0;0;0;100;100;0;0;0;0;0;0;0;100;0;0;0;0;0;0;0;0;0;0;0;0;100;100;0;100;96.77419355;0;0;0;100;100;0;0;0;0;0;0;0;0;0;0;0;0;0;0;0;0;0;0;0;0;0;0;0;0;0;0;0;0;0;0;0;0;0;0;0;0;0;0;0;0;0;0;0;0;0;0;0;0;100;100;0;0;0;0;0;0;0;0;0;0;0;0;0;0;0;0;0;0;0;0;0;0;0;0;0;0;0;0;0;0;0;0;0;0;0;0;0;100;100;0;0;0;0;;;;;
11_1993;0.00;0;0;0;0;0;0;0;0;100;0;0;0;0;0;0;0;100;100;0;0;0;0;0;0;0;0;0;0;0;0;0;0;0;0;0;0;0;100;0;0;100;0;0;0;0;100;0;0;0;0;0;0;0;0;0;0;0;0;0;0;0;0;0;0;0;100;0;0;100;0;100;0;0;0;100;0;0;0;0;0;0;0;0;0;0;0;0;100;0;100;0;0;100;0;100;0;0;0;0;0;100;100;100;100;0;0;0;100;0;0;0;0;0;0;0;0;0;0;0;0;0;0;100;0;0;0;0;0;0;0;0;0;0;0;0;0;0;0;0;0;0;0;0;0;0;0;0;0;0;100;0;0;0;0;0;0;0;100;0;0;0;0;0;0;0;100;0;0;0;100;100;0;0;0;0;0;0;0;100;0;0;0;0;0;0;0;0;0;0;0;0;100;100;0;100;100;0;0;0;100;100;0;0;0;0;0;0;0;0;0;0;0;0;0;0;0;0;0;0;0;0;0;0;0;0;0;0;0;0;0;0;0;0;0;0;0;0;0;0;0;0;0;0;0;0;0;0;0;0;100;100;0;0;0;0;0;0;0;0;0;0;0;0;0;0;0;0;0;0;0;0;0;0;0;0;0;0;0;0;0;0;0;0;0;0;0;0;0;100;100;0;0;0;0;;;;;
12_1993;0.00;0;0;0;0;0;0;0;0;100;0;0;0;0;0;0;0;100;100;0;0;0;0;0;0;0;0;0;0;0;0;0;0;0;0;0;0;0;100;0;0;100;0;0;0;0;100;0;0;0;0;0;0;0;0;0;0;0;0;0;0;0;0;0;0;0;100;0;0;100;0;100;0;0;0;100;0;0;0;0;0;0;0;0;0;0;0;0;100;0;100;0;0;100;0;100;0;0;0;0;0;100;100;100;100;0;0;0;100;0;0;0;0;0;0;0;0;0;0;0;0;0;0;100;0;0;0;0;0;0;0;0;0;0;0;0;0;0;0;0;0;0;0;0;0;0;0;0;0;0;100;0;0;0;0;0;0;0;100;0;0;0;100;0;0;0;100;0;0;0;100;100;0;0;0;0;0;0;0;100;0;0;0;0;0;0;0;0;0;0;0;0;100;100;0;100;100;0;0;0;100;100;0;0;0;0;0;0;0;0;0;0;0;0;0;0;0;0;0;0;0;0;0;0;0;0;0;0;0;0;0;0;0;0;0;0;0;0;0;0;0;0;0;0;0;0;0;0;0;0;100;100;0;0;0;0;0;0;0;0;0;0;0;0;0;0;0;0;0;0;0;0;0;0;0;0;0;0;0;100;0;0;0;0;0;0;0;0;0;100;100;0;0;0;0;;;;;
1_1994;0.00;0;0;0;0;0;0;0;0;100;0;0;0;0;0;0;0;100;100;0;0;0;0;0;0;0;0;0;0;0;0;0;0;0;0;0;0;0;100;0;0;100;0;0;0;0;100;0;0;0;0;0;0;0;0;0;0;0;0;0;0;0;0;0;0;0;100;0;0;96.77419355;0;100;0;0;0;100;0;0;0;0;0;0;0;0;0;0;0;0;100;0;100;100;0;100;0;100;0;0;0;0;0;100;100;100;100;0;0;0;58.06451613;0;0;0;0;0;0;0;0;0;0;0;0;0;0;100;0;0;0;0;0;0;0;0;0;0;0;0;0;0;0;0;0;0;0;0;0;0;0;0;0;0;100;0;100;0;0;0;100;0;100;0;0;0;100;0;0;0;100;0;0;0;100;58.06451613;0;100;0;0;0;0;0;100;0;0;0;0;0;0;0;0;0;0;0;0;100;100;0;100;58.06451613;0;0;0;100;100;0;0;0;0;0;0;0;0;0;0;0;0;0;0;0;0;0;0;0;0;0;0;0;0;0;0;0;0;0;0;0;0;0;0;0;0;0;0;0;0;0;0;0;0;0;0;0;0;100;100;0;0;0;0;0;0;0;0;0;0;0;0;0;0;0;0;0;0;0;0;0;0;0;0;100;0;0;100;0;0;0;0;0;0;0;0;0;100;100;0;0;0;0;;;;;
2_1994;0.00;0;0;0;0;0;0;0;0;100;0;0;0;0;0;0;0;100;100;0;0;0;0;0;0;0;0;0;0;0;0;0;0;0;0;0;0;0;100;0;0;100;0;0;0;0;100;0;0;0;0;0;0;0;0;0;0;0;0;0;0;0;0;0;0;0;100;0;0;96.42857143;0;100;0;0;0;100;0;0;0;0;0;0;0;0;0;0;0;0;100;0;100;100;0;100;0;100;0;0;0;0;0;100;100;100;100;0;0;0;0;0;0;0;0;0;0;0;0;0;0;0;0;0;0;100;0;0;0;0;0;0;0;0;0;0;0;0;0;0;0;0;0;0;0;0;0;0;0;0;0;0;100;0;100;0;0;0;100;0;100;0;0;0;100;0;0;0;100;0;0;0;100;100;0;100;0;0;0;0;0;100;0;0;0;0;0;0;0;0;0;0;0;0;100;100;0;100;100;0;0;0;100;100;0;0;0;0;0;0;0;0;0;0;0;0;0;0;0;0;0;0;0;0;0;0;0;0;0;0;0;0;0;0;0;0;0;0;0;0;0;0;0;0;0;0;0;0;0;0;0;0;100;100;0;0;0;0;0;0;0;0;0;0;0;0;0;0;0;0;0;0;0;0;0;0;0;0;100;0;0;100;0;0;0;0;0;0;0;0;0;100;100;0;0;0;0;;;;;
3_1994;0.00;0;0;0;0;0;0;0;0;100;0;0;0;0;0;0;0;100;100;0;0;0;0;0;0;0;0;0;0;0;0;0;0;0;0;0;0;0;100;0;0;100;0;0;0;0;100;0;0;0;0;0;0;0;0;0;0;0;0;0;0;0;0;0;0;0;100;0;0;93.5483871;0;100;0;0;0;100;0;0;0;0;0;0;0;0;0;0;0;0;100;0;100;100;0;100;0;0;0;0;0;0;0;100;100;100;100;0;0;0;45.16129032;0;0;0;0;0;0;0;0;0;0;0;0;0;0;100;0;0;0;0;0;0;0;0;0;0;0;0;0;0;0;0;0;0;0;0;0;0;0;0;0;0;100;0;100;0;0;0;100;0;100;0;100;0;100;0;0;0;100;0;0;0;100;100;0;100;0;0;0;0;0;100;0;0;0;0;0;0;0;0;0;0;0;0;100;100;0;100;100;0;0;0;100;100;0;0;0;0;0;0;0;0;0;0;0;0;0;0;0;0;0;0;0;0;0;0;0;0;0;0;0;0;0;0;0;0;0;0;0;0;0;0;0;0;0;0;0;0;0;0;0;0;100;100;0;0;0;0;0;0;0;0;0;0;0;0;0;0;0;0;0;0;0;0;0;0;0;0;100;0;0;100;0;0;0;0;0;0;0;0;0;100;100;0;0;0;0;;;;;
4_1994;0.00;0;0;0;0;0;0;0;0;100;0;0;0;0;0;0;0;100;100;0;0;0;0;0;0;0;0;0;0;0;0;0;0;0;0;0;0;0;100;0;0;100;0;0;0;0;100;0;0;0;0;0;0;0;0;0;0;0;0;0;0;0;0;0;0;0;100;0;0;96.66666667;0;100;0;0;0;100;0;0;0;0;0;0;0;0;0;0;0;0;100;0;100;100;0;100;0;0;0;0;0;0;0;100;100;100;100;0;0;0;100;0;0;0;0;0;0;0;0;0;0;0;0;0;0;100;0;0;0;0;0;0;0;0;0;0;0;0;0;0;0;0;0;0;0;0;0;0;0;0;0;0;100;0;100;0;0;100;100;0;100;0;0;0;0;0;0;0;100;0;0;0;100;100;0;100;0;0;0;0;0;100;0;0;0;0;0;0;0;0;0;0;0;0;100;100;0;100;100;0;0;0;100;100;0;0;0;0;0;0;0;0;0;0;0;0;0;0;0;0;0;0;0;0;0;0;0;0;0;0;0;0;0;0;0;0;0;0;0;0;0;0;0;0;0;0;0;0;0;0;0;0;100;100;0;0;0;0;0;0;0;0;0;0;0;0;0;0;0;0;0;0;0;0;0;0;0;0;100;0;0;100;0;0;0;0;0;0;0;0;0;100;100;0;0;0;0;;;;;
5_1994;0.00;0;0;0;0;0;0;0;0;100;0;0;0;0;0;0;0;100;100;0;0;0;0;0;0;0;0;0;0;0;0;0;0;0;0;0;0;0;100;0;0;100;0;0;0;0;100;0;0;0;0;0;0;0;0;0;0;0;0;0;0;0;0;0;0;0;100;0;0;93.5483871;0;100;0;0;0;100;0;0;0;0;0;0;0;0;0;0;0;0;100;0;100;100;0;100;0;0;0;0;0;0;0;100;100;100;100;0;0;0;100;0;0;0;0;0;0;0;0;0;0;0;0;0;0;100;0;0;0;0;0;0;0;0;0;0;0;0;0;0;0;0;0;0;0;0;0;0;0;0;0;0;100;0;100;0;0;0;100;0;100;0;0;0;0;0;0;0;100;0;0;0;74.19354839;100;0;100;0;0;0;0;0;100;0;0;0;0;0;0;0;0;0;0;0;0;100;100;0;100;100;0;0;0;100;100;0;0;0;0;0;0;0;0;0;0;0;0;0;0;0;0;0;0;0;0;0;0;0;0;0;0;0;0;0;0;0;0;0;0;0;0;0;0;0;0;0;0;0;0;0;0;0;0;100;100;0;0;0;0;0;0;0;0;0;0;0;0;0;0;0;0;0;0;0;0;0;0;0;0;100;0;0;100;0;0;0;0;0;0;0;0;0;100;100;0;0;0;0;;;;;
6_1994;0.00;0;0;0;0;0;0;0;0;100;0;0;0;0;0;0;0;100;100;0;0;0;0;0;0;0;0;0;0;0;0;0;0;0;0;0;0;0;100;0;0;100;0;0;0;0;100;0;0;0;0;0;0;0;0;0;0;0;0;0;0;0;0;0;0;0;100;0;0;100;0;100;0;0;0;100;0;0;0;0;0;0;0;0;0;0;0;0;100;0;100;100;0;100;0;0;0;0;0;0;0;100;100;100;100;0;0;0;100;0;0;0;0;0;0;0;0;0;0;0;0;0;0;100;0;0;0;0;0;0;0;0;0;0;0;0;0;0;0;0;0;0;0;0;0;0;0;0;0;0;100;0;100;0;0;0;100;0;100;0;0;0;0;0;0;0;100;0;0;0;100;100;0;100;0;0;0;0;0;100;0;0;0;0;0;0;0;0;0;0;0;0;100;100;0;100;100;0;0;0;100;100;0;0;0;0;0;0;0;0;0;0;0;0;0;0;0;0;0;0;0;0;0;0;0;0;0;0;0;0;0;0;0;0;0;0;0;0;0;0;0;0;0;0;0;0;0;0;0;0;100;100;0;0;0;0;0;0;0;0;0;0;0;0;0;0;0;0;0;0;0;0;0;0;0;0;100;0;0;100;0;0;0;0;0;0;0;0;0;100;100;0;0;0;0;;;;;
7_1994;0.00;0;0;0;0;0;0;0;0;100;0;0;0;0;0;0;0;100;100;0;0;0;0;0;0;0;0;0;0;0;0;0;0;0;0;0;0;0;100;0;0;100;0;0;0;0;100;0;0;0;0;0;0;0;0;0;0;0;0;0;0;0;0;0;0;0;100;0;0;93.5483871;0;0;0;0;0;100;0;0;0;0;0;0;0;0;0;0;0;0;100;0;100;100;0;100;0;0;0;0;0;0;0;100;100;100;100;0;0;0;100;0;0;0;0;0;0;0;0;0;0;0;0;0;0;100;0;0;0;0;0;0;0;0;0;0;0;0;0;0;0;0;0;0;0;0;0;0;0;0;0;0;100;0;100;0;0;100;100;0;100;0;0;0;0;0;0;0;100;0;0;0;100;100;0;0;0;0;0;0;0;100;0;0;0;0;0;0;0;0;0;0;0;0;100;100;0;100;100;0;0;0;100;100;0;0;0;0;0;0;0;0;0;0;0;0;0;0;0;0;0;0;0;0;0;0;0;0;0;0;0;0;0;0;0;0;0;0;0;0;0;0;0;0;0;0;0;0;0;0;0;0;100;100;0;0;0;0;0;0;0;0;0;0;0;0;0;0;0;0;0;0;0;0;0;0;0;0;100;0;0;100;0;0;0;0;0;0;0;0;0;100;100;0;0;0;0;;;;;
8_1994;0.00;0;0;0;0;0;0;0;0;100;0;0;0;0;0;0;0;100;100;0;0;0;0;0;0;0;0;0;0;0;0;0;0;0;0;0;0;0;100;0;0;100;0;0;0;0;100;0;0;0;0;0;0;0;0;0;0;0;0;0;0;0;0;0;0;0;100;0;0;93.5483871;0;0;0;0;0;100;0;0;0;0;0;0;0;0;0;0;0;0;100;0;100;100;0;100;0;0;0;0;0;0;0;100;100;100;100;0;0;0;100;0;0;0;0;0;0;0;0;0;0;0;0;0;0;100;0;0;0;0;0;0;0;0;0;0;0;0;0;0;0;0;0;0;0;0;0;0;0;0;0;0;100;0;100;0;0;100;0;0;100;0;0;0;0;0;0;0;100;0;0;0;100;100;0;0;0;0;0;0;0;100;0;0;0;0;0;0;0;0;0;0;0;0;100;100;0;100;100;0;0;0;100;100;0;0;0;0;0;0;0;0;0;0;0;0;0;0;0;0;0;0;0;0;0;0;0;0;0;0;0;0;0;0;0;0;0;0;0;0;0;0;0;0;0;0;0;0;0;0;0;0;100;100;0;0;0;0;0;0;0;0;0;0;0;0;0;0;0;0;0;0;0;0;0;0;0;0;100;0;0;100;0;0;0;0;0;0;0;0;0;100;100;0;0;0;0;;;;;
9_1994;0.00;0;0;0;0;0;0;0;0;100;0;0;0;0;0;0;0;100;100;0;0;0;0;0;0;0;0;0;0;0;0;0;0;0;0;0;0;0;100;0;0;100;0;0;0;0;100;0;0;0;0;0;0;0;0;0;0;0;0;0;0;0;0;0;0;0;100;0;0;0;0;0;0;0;0;100;0;0;0;0;0;0;0;0;0;0;0;0;100;0;100;100;0;100;0;0;0;0;0;0;0;100;100;100;100;0;0;0;100;0;0;0;0;0;0;0;0;0;0;0;0;0;0;100;0;0;0;0;0;0;0;0;0;0;0;0;0;0;0;0;0;0;0;0;0;0;0;0;0;0;100;0;100;0;0;100;0;0;100;0;0;0;0;0;0;0;100;0;0;0;100;100;0;100;0;0;0;0;0;100;0;0;0;0;0;0;0;0;0;0;0;0;100;100;0;100;100;0;0;0;100;100;0;0;0;0;0;0;0;0;0;0;0;0;0;0;0;0;0;0;0;0;0;0;0;0;0;0;0;0;0;0;0;0;0;0;0;0;0;0;0;0;0;0;0;0;0;0;0;0;100;100;0;3.333333333;0;0;0;0;0;0;0;0;0;0;0;0;0;0;0;0;0;0;0;0;0;0;100;0;0;100;0;0;0;0;0;0;0;0;0;100;100;0;0;0;0;;;;;
10_1994;0.00;0;0;0;0;0;0;0;0;100;0;0;0;0;0;0;0;100;100;0;0;0;0;0;0;0;0;0;0;0;0;0;0;0;0;0;0;0;100;0;0;100;0;0;0;0;100;0;0;0;0;0;0;0;0;0;0;0;0;0;0;0;0;0;0;0;100;0;0;96.77419355;0;0;0;0;0;100;0;0;0;0;0;0;0;0;0;0;0;0;100;0;100;100;0;100;0;0;0;0;0;0;0;100;100;100;100;0;0;0;100;0;0;0;0;0;0;0;0;0;0;0;0;0;0;100;0;0;0;0;0;0;0;0;0;0;0;0;0;0;0;0;0;0;0;0;0;0;0;0;0;0;100;0;100;0;0;100;0;0;100;0;0;0;0;0;0;0;0;0;0;0;100;100;0;100;0;0;0;0;0;100;0;0;0;0;0;0;0;0;0;0;0;0;100;100;0;100;100;0;0;0;100;100;0;0;0;0;0;0;0;0;0;0;0;0;0;0;0;0;0;0;0;0;0;0;0;0;0;0;0;0;0;0;0;0;0;0;0;0;0;0;0;0;0;0;0;0;0;0;0;0;100;100;0;0;0;0;0;0;0;0;0;0;0;0;0;0;0;0;0;0;0;0;0;0;0;0;100;0;0;100;0;0;0;0;0;0;0;0;0;100;100;0;0;0;0;;;;;
11_1994;0.00;0;0;0;0;0;0;0;0;100;0;0;0;0;0;0;0;100;100;0;0;0;0;0;0;0;0;0;0;0;0;0;0;0;0;0;0;0;100;0;0;100;0;0;0;0;100;0;0;0;0;0;0;0;0;0;0;0;0;0;0;0;0;0;0;0;100;0;0;100;0;100;0;0;0;100;0;0;0;0;0;0;0;0;0;0;0;0;100;0;100;100;0;100;0;0;0;0;0;0;0;100;100;100;100;0;0;0;100;0;0;0;0;0;0;0;0;0;0;0;0;0;0;100;0;0;0;0;0;0;0;0;0;0;0;0;0;0;0;0;0;0;0;0;0;0;0;0;0;0;100;0;100;0;0;100;0;0;100;0;0;0;0;0;0;0;0;0;0;0;100;100;0;100;0;0;0;0;0;100;0;0;0;0;0;0;0;0;0;0;0;0;100;100;0;100;100;0;0;0;100;100;0;0;0;0;0;0;0;0;0;0;0;0;0;0;0;0;0;0;0;0;0;0;0;0;0;0;0;0;0;0;0;0;0;0;0;0;0;0;0;0;0;0;0;0;0;0;0;0;100;100;0;0;0;0;0;0;0;0;0;0;0;0;0;0;0;0;0;0;0;0;0;0;0;0;100;0;0;100;0;0;0;0;0;0;0;0;0;100;100;0;0;0;0;;;;;
12_1994;0.00;0;0;0;0;0;0;0;0;100;0;0;0;0;0;0;0;100;100;100;0;0;0;0;0;0;0;0;0;0;0;0;0;0;0;0;0;0;100;0;0;100;0;0;0;0;100;0;0;0;0;0;0;0;0;0;0;0;0;0;0;0;0;0;0;0;100;0;0;100;0;100;0;0;0;100;0;0;0;0;0;0;0;0;0;0;0;0;100;0;100;100;0;100;0;0;0;0;0;0;0;100;100;100;100;0;0;0;100;0;0;0;0;0;0;0;0;0;0;0;0;0;0;100;0;0;0;0;0;0;0;0;0;0;0;0;0;0;0;0;0;0;0;0;0;0;0;0;0;0;100;0;0;0;0;100;100;0;100;0;0;0;0;0;0;0;0;0;0;0;100;100;0;100;0;0;0;0;0;100;0;0;0;0;0;0;0;0;0;0;0;0;100;100;0;100;100;0;0;0;100;100;0;0;0;0;0;0;0;0;0;0;0;0;0;0;0;0;0;0;0;0;0;0;0;0;0;0;0;0;0;0;0;0;0;0;0;0;0;0;0;0;0;0;0;0;0;0;0;0;100;100;0;6.451612903;0;0;0;0;0;0;0;0;0;0;0;0;0;0;0;0;0;0;0;0;0;0;100;0;0;100;0;0;0;0;0;0;0;0;0;100;100;0;0;0;0;;;;;
1_1995;0.00;0;0;0;0;0;0;0;0;100;0;0;0;0;0;0;0;100;100;0;0;0;0;0;0;0;0;0;0;0;0;0;0;0;0;0;0;0;100;0;0;100;0;0;0;0;100;0;0;100;0;0;0;0;0;0;0;0;0;0;0;0;0;0;0;0;100;0;0;100;0;0;0;0;0;100;0;0;0;0;0;0;0;0;0;0;0;0;100;0;100;0;0;100;0;0;0;0;0;0;0;100;100;100;100;0;0;0;100;0;0;0;0;0;0;0;0;0;0;0;0;0;0;100;0;0;0;0;0;0;0;0;0;0;0;0;0;0;0;0;0;0;0;0;0;0;0;0;0;0;100;0;0;0;0;0;0;0;100;0;0;0;0;0;0;0;0;0;0;0;100;100;0;0;0;0;0;0;0;100;0;0;0;0;0;0;0;0;0;0;0;0;100;100;0;100;100;0;0;0;100;100;0;0;0;0;0;0;0;0;0;0;0;0;0;0;0;0;0;0;0;0;0;0;0;0;0;0;0;0;0;0;0;0;0;0;0;0;0;0;0;0;0;0;0;0;0;0;0;0;100;100;0;100;0;0;0;0;0;0;0;0;0;0;0;0;0;0;0;0;0;0;0;0;0;0;100;0;0;100;0;0;0;0;0;0;0;0;0;100;100;0;0;0;0;;;;;
2_1995;0.00;0;0;0;0;0;0;0;0;100;0;0;0;0;0;0;0;100;100;0;0;0;0;0;0;0;0;0;0;0;0;0;0;0;0;0;0;0;100;0;0;100;0;0;0;0;100;0;0;100;0;0;0;0;0;0;0;0;0;0;0;0;0;0;0;0;100;0;0;100;0;0;0;0;0;100;0;0;0;0;0;0;0;0;0;0;0;0;100;0;100;0;0;100;0;0;0;0;0;0;0;100;100;100;100;0;0;0;100;0;0;0;0;0;0;0;0;0;0;0;0;0;0;100;0;0;0;0;0;0;0;0;0;0;0;0;0;0;0;0;0;0;0;0;0;0;0;0;0;0;100;0;0;0;0;0;0;0;100;0;0;0;0;0;0;0;0;0;0;0;100;100;0;0;0;0;0;0;0;100;0;0;0;0;0;0;0;0;0;0;0;0;100;100;0;100;100;0;0;0;100;100;0;0;0;0;0;0;0;0;0;0;0;0;0;0;0;0;0;0;0;0;0;0;0;0;0;0;0;0;0;0;0;0;0;0;0;0;0;0;0;0;0;0;0;0;0;0;0;0;100;100;0;100;0;0;0;0;0;0;0;0;0;0;0;0;0;0;0;0;0;0;0;0;0;0;0;0;0;100;0;0;0;0;0;0;0;0;0;100;100;0;0;0;0;;;;;
3_1995;0.00;0;0;0;0;0;0;0;0;100;0;0;0;0;0;0;0;100;100;0;0;0;0;0;0;0;0;0;0;0;0;0;0;0;0;0;0;0;100;0;0;100;0;0;0;0;100;0;0;100;0;0;0;0;0;0;0;0;0;0;0;0;0;0;0;0;100;0;0;100;0;0;0;0;0;100;0;0;0;0;0;0;0;0;0;0;0;0;100;0;100;0;0;100;0;0;0;0;0;0;0;100;100;100;100;0;0;0;100;0;0;0;0;0;0;0;0;0;0;0;0;0;0;100;0;0;0;0;0;0;0;0;0;0;0;0;0;0;0;0;0;0;0;0;0;0;0;0;0;0;100;0;0;0;0;0;0;0;100;0;0;0;0;0;0;0;0;0;0;0;100;100;0;0;0;0;0;0;0;100;0;0;0;0;0;0;0;0;0;0;0;0;100;100;0;100;100;0;0;0;100;70.96774194;0;0;0;0;0;0;0;0;0;0;0;0;0;0;0;0;0;0;0;0;0;0;0;0;0;0;0;0;0;0;0;0;0;0;0;0;0;0;0;0;0;0;0;0;0;0;0;0;100;100;0;100;0;0;0;0;0;0;0;0;0;0;0;0;0;0;0;0;0;0;0;0;0;0;0;0;0;100;0;0;0;0;0;0;0;0;0;100;16.12903226;0;0;0;0;;;;;
4_1995;0.00;0;0;0;0;0;0;0;0;100;0;0;0;0;0;0;0;100;100;0;0;0;0;0;0;0;0;0;0;0;0;0;0;0;0;0;0;0;100;0;0;100;0;0;0;0;100;0;0;100;0;0;0;0;0;0;0;0;0;0;0;0;0;0;0;0;100;0;0;100;0;0;0;0;0;100;0;0;0;0;0;0;0;0;0;0;0;0;100;0;100;0;0;100;0;0;0;0;0;0;0;100;100;100;100;0;0;0;43.33333333;0;0;0;0;0;0;0;0;0;0;0;0;0;0;100;0;0;0;0;0;0;0;0;0;0;0;0;0;0;0;0;0;0;0;0;0;0;0;0;0;0;100;0;0;0;0;0;0;0;100;0;0;0;0;0;0;0;0;0;0;0;100;100;0;0;0;0;0;0;0;100;0;0;0;0;0;0;0;0;0;0;0;0;100;100;0;100;100;0;0;0;100;13.33333333;0;0;0;0;0;0;0;0;0;0;0;0;0;0;0;0;0;0;0;0;0;0;0;0;0;0;0;0;0;0;0;0;0;0;0;0;0;0;0;0;0;0;0;0;0;0;0;0;100;100;0;100;0;0;0;0;0;0;0;0;0;0;0;0;0;0;0;0;0;0;0;0;0;0;0;0;0;100;0;0;0;0;0;0;0;0;0;100;13.33333333;0;0;0;0;;;;;
5_1995;0.00;0;0;0;0;0;0;0;0;100;0;0;0;0;0;0;0;100;100;0;0;0;0;0;0;0;0;0;0;0;0;0;0;0;0;0;0;0;100;0;0;100;0;0;0;0;100;0;0;100;0;0;0;0;0;0;0;0;0;0;0;0;0;0;0;0;100;0;0;100;0;0;0;0;0;100;0;0;0;0;0;0;0;0;0;0;0;0;100;0;100;0;0;100;0;0;0;0;0;0;0;100;100;100;100;0;0;0;100;0;0;0;0;0;0;0;0;0;0;0;0;0;0;100;0;0;0;0;0;0;0;0;0;0;0;0;0;0;0;0;0;0;0;0;0;0;0;0;0;0;100;0;0;0;0;0;0;0;100;0;0;0;0;0;0;0;0;0;0;0;100;100;0;0;0;0;0;0;0;100;0;0;0;0;0;0;0;0;0;0;0;0;100;100;0;100;100;0;0;0;100;100;0;0;0;0;0;0;0;0;0;0;0;0;0;0;0;0;0;0;0;0;0;0;0;0;0;0;0;0;0;0;0;0;0;0;0;0;0;0;0;0;0;0;0;0;0;0;0;0;100;100;0;100;0;0;0;0;0;0;0;0;0;0;0;0;0;0;0;0;0;0;0;0;0;0;0;0;0;100;0;0;0;0;0;0;0;0;0;100;100;0;0;0;0;;;;;
6_1995;0.00;0;0;0;0;0;0;0;0;100;0;0;0;0;0;0;0;100;100;0;0;0;0;0;0;0;0;0;0;0;0;0;0;0;0;0;0;0;100;0;0;100;0;0;0;0;100;0;0;100;0;0;0;0;0;0;0;0;0;0;0;0;0;0;0;0;100;0;0;100;0;0;0;0;0;100;0;0;0;0;0;0;0;0;0;0;0;0;100;0;100;0;0;100;0;0;0;0;0;0;0;100;100;100;100;0;0;0;100;0;0;0;0;0;0;0;0;0;0;0;0;0;0;100;0;0;0;0;0;0;0;0;0;0;0;0;0;0;0;0;0;0;0;0;0;0;0;0;0;0;100;0;0;0;0;0;0;0;100;0;0;0;0;0;0;0;0;0;0;0;100;100;0;0;0;0;0;0;0;100;0;0;0;0;0;0;0;0;0;0;0;0;100;100;0;100;100;0;0;0;100;100;0;0;0;0;0;0;0;0;0;0;0;0;0;0;0;0;0;0;0;0;0;0;0;0;0;0;0;0;0;0;0;0;0;0;0;0;0;0;0;0;0;0;0;0;0;0;0;0;100;100;0;100;0;0;0;0;0;0;0;0;0;0;0;0;0;0;0;0;0;0;0;0;0;0;0;0;0;100;0;0;0;0;0;0;0;0;0;100;0;0;0;0;0;;;;;
7_1995;0.00;0;0;0;0;0;0;0;0;100;0;0;0;0;0;0;0;100;100;0;0;0;0;0;0;0;0;0;0;0;0;0;0;0;0;0;0;0;100;0;0;100;0;0;0;0;100;0;0;100;0;0;0;0;0;0;0;0;0;0;0;0;0;0;0;0;100;0;0;100;0;0;0;0;0;100;0;0;0;0;0;0;0;0;0;0;0;0;100;0;100;0;0;100;0;0;0;0;0;0;0;100;100;100;100;0;0;0;100;0;0;0;0;0;0;0;0;0;0;0;0;0;0;100;0;0;0;0;0;0;0;0;0;0;0;0;0;0;0;0;0;0;0;0;0;0;0;0;0;0;100;0;0;0;0;0;0;0;100;0;0;0;0;0;0;0;0;0;0;0;100;100;0;0;0;0;0;0;0;100;0;0;0;0;0;0;0;0;0;0;0;0;100;100;0;100;100;0;0;0;100;100;0;0;0;0;0;0;0;0;0;0;0;0;0;0;0;0;0;0;0;0;0;0;0;0;0;0;0;0;0;0;0;0;0;0;0;0;0;0;0;0;0;0;0;0;0;0;0;0;100;100;0;100;0;0;0;0;0;0;0;0;0;0;0;0;0;0;0;0;0;0;0;0;0;0;0;0;0;100;0;0;0;0;0;0;0;0;0;100;3.225806452;0;0;0;0;;;;;
8_1995;0.00;0;0;0;0;0;0;0;0;100;0;0;0;0;0;0;0;100;100;0;0;0;0;0;0;0;0;0;0;0;0;0;0;0;0;0;0;0;100;0;0;100;0;0;0;0;100;0;0;100;0;0;0;0;0;0;0;0;0;0;0;0;0;0;0;0;100;0;0;100;0;0;0;0;0;100;0;0;0;0;0;0;0;0;0;0;0;0;100;0;100;0;0;100;0;0;0;0;0;0;0;100;100;100;100;0;0;0;100;0;0;0;0;0;0;0;0;0;0;0;0;0;0;100;0;0;0;0;0;0;0;0;0;0;0;0;0;0;0;0;0;0;0;0;0;0;0;0;0;0;100;0;0;0;0;0;0;0;100;0;0;0;0;0;0;0;0;0;0;0;100;100;0;0;0;0;0;0;0;100;0;0;0;0;0;0;0;0;0;0;0;0;100;100;0;100;100;0;0;0;100;100;0;0;0;0;0;0;0;0;0;0;0;0;0;0;0;0;0;0;0;0;0;0;0;0;0;0;0;0;0;0;0;0;0;0;0;0;0;0;0;0;0;0;0;0;0;0;0;0;100;100;0;100;0;0;0;0;0;0;0;0;0;0;0;0;0;0;0;0;0;0;0;0;0;0;0;0;0;100;0;0;0;0;0;0;0;0;0;100;100;0;0;0;0;;;;;
9_1995;0.00;0;0;100;100;0;0;0;0;100;0;0;0;0;0;0;0;100;100;0;0;0;0;0;0;0;0;0;0;0;0;0;0;0;0;0;0;0;100;0;0;100;0;0;0;100;100;0;0;100;0;0;0;0;0;0;0;0;0;0;0;0;0;0;0;0;100;0;0;100;0;0;0;0;0;100;0;0;0;0;0;0;0;0;0;0;0;0;100;0;100;0;0;100;0;0;0;0;0;0;0;100;100;100;100;0;0;0;100;0;0;0;0;0;0;0;0;0;0;0;0;0;0;100;0;0;0;0;0;0;0;0;0;0;0;0;0;0;0;0;0;0;0;0;0;0;0;0;0;0;100;0;0;0;0;0;0;0;100;0;0;0;0;0;0;0;0;0;0;0;100;100;0;100;0;0;0;0;0;100;0;0;0;0;0;0;0;0;0;0;0;0;100;100;0;100;100;0;0;0;100;100;0;0;0;0;0;0;0;0;0;0;0;0;0;0;0;0;0;0;0;0;0;0;0;0;0;0;0;0;0;0;0;0;0;0;0;0;0;0;0;0;0;0;0;0;0;0;0;0;100;100;0;100;0;0;0;0;0;0;0;0;0;0;0;0;0;0;0;0;0;0;0;0;0;0;0;0;0;100;0;0;0;0;0;0;0;0;0;100;70;0;0;0;0;;;;;
10_1995;0.00;0;0;0;100;0;0;0;0;100;0;0;0;0;0;0;0;100;100;0;0;0;0;0;0;0;0;0;0;0;0;0;0;0;0;0;0;0;100;0;0;100;0;0;0;0;100;0;0;100;0;0;0;0;0;0;0;0;0;0;0;0;0;0;0;0;100;0;0;100;0;0;0;0;0;100;0;0;0;0;0;0;0;0;0;0;0;0;100;0;100;0;0;100;0;0;0;0;0;0;0;100;100;100;100;0;0;0;100;0;0;0;0;0;0;0;0;0;0;0;0;0;0;100;0;0;0;0;0;0;0;0;0;0;0;0;0;0;0;0;0;0;0;0;0;0;0;0;0;0;100;0;0;0;0;0;0;0;100;0;0;0;0;0;0;0;0;0;0;0;100;100;0;0;0;0;0;0;0;100;0;0;0;0;0;0;0;0;0;0;0;0;100;100;0;100;100;0;0;0;100;100;0;0;0;0;0;0;0;0;0;0;0;0;0;0;0;0;0;0;0;0;0;0;0;0;0;0;0;0;0;0;0;0;0;0;0;0;0;0;0;0;0;0;0;0;0;0;0;0;100;100;0;100;0;0;0;0;0;0;0;0;0;0;0;0;0;0;0;0;0;0;0;0;0;0;0;0;0;100;0;0;0;0;0;0;0;0;0;100;100;0;0;0;0;;;;;
11_1995;0.00;0;0;0;0;0;0;0;0;100;0;0;0;0;0;0;0;100;100;0;0;0;0;0;0;0;0;0;0;0;0;0;0;0;0;0;0;0;100;0;0;100;0;0;0;0;100;0;0;100;0;0;0;0;0;0;0;0;0;0;0;0;0;0;0;0;100;0;0;100;0;0;0;0;0;100;0;0;0;0;0;0;0;0;0;0;0;0;100;0;100;0;0;100;0;0;0;0;0;0;0;100;100;100;100;0;0;0;100;0;0;0;0;0;0;0;0;0;0;0;0;0;0;100;0;0;0;0;0;0;0;0;0;0;0;0;0;0;0;0;0;0;0;0;0;0;0;0;0;0;100;0;0;0;0;0;0;0;100;0;0;0;0;0;0;0;0;0;0;0;100;100;0;0;0;0;0;0;0;100;0;0;0;0;0;0;0;0;0;0;0;0;100;100;0;100;100;0;0;0;100;100;0;0;0;0;0;0;0;0;0;0;0;0;0;0;0;0;0;0;0;0;0;0;0;0;0;0;0;0;0;0;0;0;0;0;0;0;0;0;0;0;0;0;0;0;0;0;0;0;100;100;0;100;0;0;0;0;0;0;0;0;0;0;0;0;0;0;0;0;0;0;0;0;0;0;0;0;0;100;0;0;0;0;0;0;0;0;0;100;100;0;0;0;0;;;;;
12_1995;0.00;0;0;0;0;0;0;0;0;100;0;0;0;100;0;0;0;100;100;0;0;0;0;0;0;0;0;0;0;0;0;0;0;0;0;0;0;0;100;0;0;100;0;0;0;0;100;0;0;100;0;0;0;0;0;0;0;0;0;0;0;0;0;0;0;0;100;0;0;93.5483871;0;0;0;0;0;100;0;0;0;0;0;0;0;0;0;0;0;0;100;0;100;0;0;100;0;0;0;0;0;0;0;100;100;100;100;0;0;0;100;0;0;0;0;0;0;0;0;0;0;0;0;0;0;100;0;0;0;0;0;0;0;0;0;0;0;0;0;0;0;0;0;0;0;0;0;0;0;0;0;0;100;0;0;0;0;0;0;0;100;0;100;0;0;0;0;0;0;100;0;0;100;100;0;0;0;0;0;0;0;100;0;0;0;0;0;0;0;0;0;0;0;0;100;100;0;100;100;0;0;0;100;100;0;0;0;0;0;0;0;0;0;0;0;0;0;0;0;0;0;0;0;0;0;0;0;0;0;0;0;0;0;0;0;0;0;0;0;0;0;0;0;0;0;0;0;0;0;0;0;0;100;100;0;100;0;0;0;0;0;0;0;0;0;0;0;0;0;0;0;0;0;0;0;0;0;0;0;0;0;100;0;0;0;0;0;0;0;0;0;100;100;0;0;0;0;;;;;
1_1996;0.00;0;0;0;0;0;0;0;0;100;100;0;0;0;0;0;0;100;100;0;0;0;0;0;0;0;0;0;0;0;0;0;0;0;0;0;0;0;100;0;0;100;0;0;0;0;100;0;0;100;0;0;0;0;0;0;0;0;0;0;0;0;0;0;0;0;100;0;0;100;0;0;0;0;0;100;0;0;0;0;0;0;0;0;0;0;0;0;100;0;100;0;0;100;0;0;0;0;0;0;0;100;100;100;100;0;0;0;100;0;0;0;0;0;0;0;0;0;0;0;0;0;0;100;0;0;0;0;0;0;0;0;0;0;0;0;0;0;0;0;0;0;0;0;0;0;0;0;0;0;100;0;0;0;0;0;0;0;100;0;100;0;0;0;0;0;0;0;0;0;100;100;0;0;0;0;0;0;0;100;0;0;0;0;0;0;0;0;0;0;0;0;100;100;0;100;100;0;0;0;100;100;0;0;0;0;0;0;0;0;0;0;0;0;0;0;0;0;0;0;0;0;0;0;0;0;0;0;0;0;0;0;0;0;0;0;0;0;0;0;0;0;0;0;0;0;0;0;0;0;100;100;0;100;0;0;0;0;0;0;0;0;0;0;0;0;0;0;0;0;0;0;0;0;0;0;0;0;0;100;0;0;0;0;0;0;0;0;0;100;100;0;0;0;0;;;;;
2_1996;0.00;0;0;0;0;0;0;0;0;100;0;0;0;100;0;0;0;100;100;0;0;0;0;0;0;0;0;0;0;0;0;0;0;0;0;0;0;0;100;0;0;100;0;0;0;0;100;0;0;100;0;0;0;0;0;0;0;0;0;0;0;0;0;0;0;0;100;0;0;100;0;0;0;0;0;100;0;0;0;0;0;0;0;0;0;0;0;0;100;0;100;100;0;100;0;0;0;0;0;0;0;100;100;100;100;0;0;0;100;0;0;0;0;0;0;0;0;0;0;0;0;0;0;100;0;0;0;0;0;0;0;0;0;0;0;0;0;0;0;0;0;0;0;0;0;0;0;0;0;0;100;0;0;0;0;0;0;0;100;0;100;0;0;0;0;0;0;0;0;0;100;100;0;0;0;0;0;0;0;100;0;0;0;0;0;0;0;0;0;0;0;0;100;100;0;100;100;0;0;0;100;100;0;0;0;0;0;0;0;0;0;0;0;0;0;0;0;0;0;0;0;0;0;0;0;0;0;0;0;0;0;0;0;0;0;0;0;0;0;0;0;0;0;0;0;0;0;0;0;0;100;100;0;100;0;0;0;0;0;0;0;0;0;0;0;0;0;0;0;0;0;0;0;0;0;0;0;0;0;100;0;0;0;0;0;0;0;0;0;100;100;0;0;0;0;;;;;
3_1996;0.00;0;0;0;0;0;0;0;0;100;0;0;0;0;0;0;0;100;100;0;0;0;0;0;0;0;0;0;0;0;0;0;0;0;0;0;0;0;100;0;0;100;0;0;0;0;100;0;0;100;0;0;0;0;0;0;0;0;0;0;0;0;0;0;0;0;100;0;0;100;0;0;0;0;0;100;0;0;0;0;0;0;0;0;0;0;0;0;100;0;100;0;0;100;0;0;0;0;0;0;0;100;100;100;0;0;0;0;100;0;0;0;0;0;0;0;0;0;0;0;0;0;0;100;0;0;0;0;0;0;0;0;0;0;0;0;0;0;0;0;0;0;0;0;0;0;0;0;0;0;100;0;0;0;0;100;0;0;100;0;100;0;0;0;0;0;0;0;0;0;100;100;0;0;0;0;0;0;0;100;0;0;0;0;0;0;0;0;0;0;0;0;100;100;0;100;100;0;0;0;100;100;0;0;0;0;0;0;0;0;0;0;0;0;0;0;0;0;0;0;0;0;0;0;0;0;0;0;0;0;0;0;0;0;0;0;0;0;0;0;0;0;0;0;0;0;0;0;0;0;100;100;0;100;0;0;0;0;0;0;0;0;0;0;0;0;0;0;0;0;0;0;0;0;0;0;0;0;0;100;0;0;0;0;0;0;0;0;0;100;100;0;0;0;0;;;;;
4_1996;0.00;0;0;0;0;0;0;0;0;100;0;0;0;0;0;0;0;100;100;0;0;0;0;0;0;0;0;0;0;0;0;0;0;0;0;0;0;0;100;0;0;100;0;0;0;0;100;0;0;100;0;0;0;0;0;0;0;0;0;0;0;0;0;0;0;0;100;0;0;100;0;0;0;0;0;100;0;0;0;0;0;0;0;0;0;0;0;0;100;0;100;0;0;100;0;0;0;0;0;0;0;100;100;100;0;0;0;0;100;0;0;0;0;0;0;0;0;0;0;0;0;0;0;100;0;0;0;0;0;0;0;0;0;0;0;0;0;0;0;0;0;0;0;0;0;0;0;0;0;0;100;0;0;0;0;0;0;0;100;0;100;0;0;0;0;0;0;100;0;0;100;100;0;0;0;0;0;0;0;100;0;0;0;0;0;0;0;0;0;0;0;0;100;100;0;100;100;0;0;0;100;100;0;0;0;0;0;0;0;0;0;0;0;0;0;0;0;0;0;0;0;0;0;0;0;0;0;0;0;0;0;0;0;0;0;0;0;0;0;0;0;0;0;0;0;0;0;0;0;0;100;100;0;100;0;0;0;0;0;0;0;0;0;0;0;0;0;0;0;0;0;0;0;0;0;0;0;0;0;100;0;0;0;0;0;0;0;0;0;100;100;0;0;0;0;;;;;
5_1996;0.00;0;0;0;0;0;0;0;0;100;0;0;0;0;0;0;0;100;100;0;0;0;0;0;0;0;0;0;0;0;0;0;0;0;0;0;0;0;100;0;0;100;0;0;0;0;100;0;0;100;0;0;0;0;0;0;0;0;0;0;0;0;0;0;0;0;100;0;0;100;0;0;0;0;0;100;0;0;0;0;0;0;0;0;0;0;0;0;100;0;100;0;0;100;0;0;0;0;0;0;0;0;100;100;0;0;0;0;100;0;0;0;0;0;0;0;0;0;0;0;0;0;0;100;0;0;0;0;0;0;0;0;0;0;0;0;0;0;0;0;0;0;0;0;0;0;0;0;0;0;100;0;0;0;0;100;0;0;100;0;100;0;0;0;0;0;100;100;0;0;100;100;0;0;0;0;0;0;0;100;0;0;0;0;0;0;0;0;0;0;0;0;100;100;0;100;0;0;0;0;100;100;0;0;0;0;0;0;0;0;0;0;0;0;0;0;0;0;0;0;0;0;0;0;0;0;0;0;0;0;0;0;0;0;0;0;0;0;0;0;0;0;0;0;0;0;0;0;0;0;100;100;0;100;0;0;0;0;0;0;0;0;0;0;0;0;0;0;0;0;0;0;0;0;0;0;0;0;0;100;0;0;0;0;0;0;0;0;0;100;100;0;0;0;0;;;;;
6_1996;0.00;0;0;0;100;0;0;0;0;100;0;0;0;0;0;0;0;100;100;0;0;0;0;0;0;0;0;0;0;0;0;0;0;0;0;0;0;0;100;0;0;100;0;0;0;0;100;0;0;100;0;0;0;0;0;0;0;0;0;0;0;0;0;0;0;0;100;0;0;100;0;0;0;0;0;100;0;0;0;0;0;0;0;0;0;0;0;0;100;0;100;0;0;100;0;0;0;0;0;0;0;0;100;100;0;0;0;0;100;0;0;0;0;0;0;0;0;0;0;0;0;0;0;100;0;0;0;0;0;0;0;0;0;0;0;0;0;0;0;0;0;0;0;0;0;0;0;0;0;0;100;0;100;0;0;0;0;0;100;0;100;0;0;0;0;0;100;100;0;0;100;100;0;0;0;0;0;0;0;100;0;0;0;0;0;0;0;0;0;0;0;0;100;100;0;100;0;0;0;0;100;100;0;0;0;0;0;0;0;0;0;0;0;0;0;0;0;0;0;0;0;0;0;0;0;0;0;0;0;0;0;0;0;0;0;0;0;0;0;0;0;0;0;0;0;0;0;0;0;0;100;100;0;100;0;0;0;0;0;0;0;0;0;0;0;0;0;0;0;0;0;0;0;0;0;0;0;0;0;100;0;0;0;0;0;0;0;0;0;100;100;0;0;0;0;;;;;
7_1996;0.00;0;0;0;0;0;0;0;0;100;0;0;0;0;0;0;0;100;100;0;0;0;0;0;0;0;0;0;0;0;0;0;0;0;0;0;0;0;100;0;0;100;0;0;0;0;100;0;0;100;0;0;0;0;0;0;0;0;0;0;0;0;0;0;0;0;100;0;0;100;0;0;0;0;0;100;0;0;0;0;0;0;0;0;0;0;0;0;100;0;100;0;0;100;0;0;0;0;0;0;0;0;100;100;0;0;0;0;100;0;0;0;0;0;0;0;0;0;0;0;0;0;0;100;0;0;0;0;0;0;0;0;0;0;0;0;0;0;0;0;0;0;0;0;0;0;0;0;0;0;100;0;0;0;0;0;0;0;100;0;100;0;0;0;0;0;100;100;0;0;100;100;0;0;0;0;0;0;0;100;0;0;0;0;0;0;0;0;0;0;0;0;100;100;0;100;0;0;0;0;100;100;0;0;0;0;0;0;0;0;0;0;0;0;0;0;0;0;0;0;0;0;0;0;0;0;0;0;0;0;0;0;0;0;0;0;0;0;0;0;0;0;0;0;0;0;0;0;0;0;100;100;0;100;0;0;0;0;0;0;0;0;0;0;0;0;0;0;0;0;0;0;0;0;0;0;0;0;0;100;0;0;0;0;0;0;0;0;0;100;100;0;0;0;0;;;;;
8_1996;0.00;0;0;0;0;0;0;0;0;100;0;0;0;0;0;0;0;100;100;0;0;0;0;0;0;0;0;0;0;0;0;0;0;0;0;0;0;0;100;0;0;100;0;0;0;0;100;0;0;100;0;0;0;0;0;0;0;0;0;0;0;0;0;0;0;0;100;0;0;100;0;0;0;0;0;100;0;0;0;0;0;0;0;0;0;0;0;0;100;0;100;0;0;100;0;0;0;0;0;0;0;0;100;100;0;0;0;0;100;0;0;0;0;0;0;0;0;0;0;0;0;0;0;100;0;0;0;0;0;0;0;0;0;0;0;0;0;0;0;0;0;0;0;0;0;0;0;0;0;0;100;0;0;0;0;100;0;0;100;0;100;0;0;0;0;0;100;100;0;0;96.77419355;100;0;0;0;0;0;0;0;100;0;0;0;0;0;0;0;0;0;0;0;0;100;100;0;100;0;0;0;0;100;100;0;0;0;0;0;0;0;0;0;0;0;0;0;0;0;0;0;0;0;0;0;0;0;0;0;0;0;0;0;0;0;0;0;0;0;0;0;0;0;0;0;0;0;0;0;0;0;0;100;100;0;100;0;0;0;0;0;0;0;0;0;0;0;0;0;0;0;0;0;0;0;0;0;0;0;0;0;100;0;0;0;0;0;0;0;0;0;100;100;0;0;0;0;;;;;
9_1996;0.00;0;0;100;0;0;0;0;0;100;100;0;0;100;0;0;0;100;100;0;0;0;0;0;0;0;0;0;0;0;0;0;0;0;0;0;0;0;100;0;0;100;0;0;0;100;100;0;0;100;0;0;0;0;0;0;0;0;0;0;0;0;0;0;0;0;100;0;0;100;0;0;0;0;0;100;0;0;0;0;0;0;0;0;0;0;0;0;100;0;100;100;0;100;0;0;0;0;0;0;0;0;100;100;0;0;0;0;100;0;0;0;0;0;0;0;0;0;0;0;0;0;0;100;0;0;0;0;0;0;0;0;0;0;0;0;0;0;0;0;0;0;0;0;0;0;0;0;0;0;100;0;100;100;0;100;0;0;100;0;100;0;0;0;0;0;100;100;0;0;100;100;0;100;0;0;0;0;0;100;0;0;0;0;0;0;0;0;0;0;0;0;100;100;0;100;0;0;0;0;100;100;0;0;0;0;0;0;0;0;0;0;0;0;0;0;0;0;0;0;0;0;0;0;0;0;0;0;0;0;0;0;0;0;0;0;0;0;0;0;0;0;0;0;0;0;0;0;0;0;100;100;0;100;0;0;0;0;0;0;0;0;0;0;0;0;0;0;0;0;0;0;0;0;0;0;0;0;0;100;0;0;0;0;0;0;0;0;0;100;100;0;0;0;0;;;;;
10_1996;0.00;0;0;100;0;0;0;0;0;100;100;0;0;100;0;0;0;100;100;0;0;0;0;0;0;0;0;0;0;0;0;0;0;0;0;0;0;0;100;0;0;100;0;0;0;100;77.41935484;0;0;100;0;0;0;0;0;0;0;0;0;0;0;0;0;0;0;0;100;0;0;96.77419355;0;0;0;0;0;100;0;0;0;0;0;0;0;0;0;0;0;0;100;0;100;0;0;100;0;0;0;0;0;0;0;0;100;100;0;0;0;0;100;0;0;0;0;0;0;0;0;0;0;0;0;0;0;100;0;0;0;0;0;0;0;0;0;0;0;0;0;0;0;0;0;0;0;0;0;0;0;0;0;0;100;0;100;100;0;0;0;0;100;0;100;0;0;0;0;0;100;100;0;0;100;100;0;100;0;0;0;0;0;100;0;0;0;0;0;0;0;0;0;0;0;0;100;100;0;100;0;0;0;0;100;100;0;0;0;0;0;0;0;0;0;0;0;0;0;0;0;0;0;0;0;0;0;0;0;0;0;0;0;0;0;0;0;0;0;0;0;0;0;0;0;0;0;0;0;0;0;0;0;0;100;100;0;100;0;0;0;0;0;0;0;0;0;0;0;0;0;0;0;0;0;0;0;0;0;0;0;0;0;100;0;0;0;0;0;0;0;0;0;100;100;0;0;0;0;;;;;
11_1996;0.00;100;0;100;100;100;0;0;0;100;100;0;100;100;0;0;0;100;100;100;0;0;0;0;0;0;0;0;0;0;0;0;0;0;0;0;0;0;100;0;0;100;0;0;0;100;100;0;0;100;0;0;0;0;0;0;0;0;0;0;0;0;0;0;100;0;100;0;0;100;0;100;0;0;0;100;0;0;0;0;0;0;0;0;0;0;0;0;100;0;100;100;0;100;0;100;0;0;0;0;0;0;100;100;0;0;0;0;100;0;0;0;0;0;0;0;0;0;0;0;0;0;0;100;0;0;0;0;0;0;0;0;0;0;0;0;0;0;0;0;0;0;0;0;0;0;0;0;0;0;100;0;100;100;0;100;0;0;100;0;100;0;100;0;0;0;100;100;0;0;100;93.33333333;0;100;0;0;0;0;0;100;0;0;0;0;0;0;0;0;0;0;0;0;100;100;0;100;0;0;0;0;100;100;0;0;0;0;0;0;0;0;0;0;0;0;0;0;0;0;0;0;0;0;0;0;0;0;0;0;0;0;0;0;0;0;0;0;0;0;0;0;0;0;0;0;0;0;0;0;0;0;100;100;0;100;0;0;0;0;0;0;0;0;0;0;0;0;0;0;0;0;0;0;0;0;0;0;0;0;0;100;0;0;0;0;0;0;0;0;0;100;100;0;0;0;0;;;;;
12_1996;0.00;100;0;100;100;100;0;0;0;100;100;0;100;0;0;0;0;100;100;100;0;0;0;0;0;0;0;0;0;0;0;0;0;0;0;0;0;0;100;0;0;100;0;0;0;100;100;0;100;100;0;0;0;0;0;0;0;0;0;0;0;0;0;0;100;0;100;0;0;100;0;100;0;0;100;100;0;0;0;0;0;0;0;0;0;0;0;0;100;0;100;100;100;100;0;100;0;0;0;0;0;0;100;100;0;0;0;0;100;0;0;0;0;0;0;0;0;0;0;0;0;0;0;100;0;0;0;0;0;0;0;0;0;0;0;0;0;0;0;0;0;0;0;0;0;0;0;0;0;0;100;0;100;0;0;100;100;0;100;0;100;0;100;0;100;0;100;100;0;0;100;83.87096774;0;100;0;0;0;0;100;100;0;0;0;0;0;0;0;0;0;0;0;0;100;100;0;100;0;0;0;0;100;100;0;0;0;0;0;0;0;0;0;0;0;0;0;0;0;0;0;0;0;0;0;0;0;0;0;0;0;0;0;0;0;0;0;0;0;0;0;0;0;0;0;0;0;0;0;0;0;0;100;100;0;100;0;0;0;0;0;0;0;0;0;0;0;0;0;0;0;0;0;0;0;0;0;0;100;0;0;100;0;0;0;0;0;0;0;0;0;100;100;0;0;0;0;;;;;
1_1997;0.00;100;0;100;100;100;0;0;0;100;100;0;100;100;0;0;0;100;100;100;0;0;0;0;0;0;0;0;0;0;0;0;0;0;0;0;0;0;100;0;0;100;0;0;0;100;100;0;100;100;0;0;0;0;0;0;0;0;0;0;0;0;0;0;100;0;100;0;0;100;0;100;0;0;100;100;0;0;0;0;0;0;0;0;0;0;0;0;100;0;100;100;0;100;0;100;0;0;0;0;0;0;100;100;0;0;0;0;100;0;0;0;0;0;0;0;0;0;0;0;0;0;0;100;0;0;0;0;0;0;0;0;0;0;0;0;0;0;0;0;0;0;0;0;0;0;0;0;0;0;100;0;100;0;0;100;100;0;100;0;100;0;100;0;100;0;100;100;0;0;100;100;0;100;0;0;0;0;100;100;0;0;0;0;0;0;0;0;0;0;0;0;100;100;0;100;0;0;0;0;100;100;0;0;0;0;0;0;0;0;0;0;0;0;0;0;0;0;0;0;0;0;0;0;0;0;0;0;0;0;0;0;0;0;0;0;0;0;0;0;0;0;0;0;0;0;0;0;0;0;100;100;0;100;0;0;0;0;0;0;0;0;0;0;0;0;0;0;0;0;0;0;0;0;0;0;100;0;0;100;0;0;0;0;0;0;0;0;0;100;100;0;0;0;0;;;;;
2_1997;0.00;100;0;100;100;100;0;0;0;100;100;0;100;0;0;0;0;100;100;100;0;0;0;0;0;0;0;0;0;0;0;0;0;0;0;0;0;0;100;0;0;100;0;0;0;0;100;0;100;100;0;0;0;0;0;0;0;0;0;0;0;0;0;0;100;0;100;0;0;100;0;100;0;0;100;100;0;0;0;0;0;0;0;0;0;0;0;0;100;0;100;0;0;100;0;100;0;0;0;0;0;0;100;100;0;0;0;0;100;0;0;0;0;0;0;0;0;0;0;0;0;0;0;100;0;0;0;0;0;0;0;0;0;0;0;0;0;0;0;0;0;0;0;0;0;0;0;0;0;0;100;0;100;0;0;100;100;0;100;0;0;0;100;0;100;0;100;100;0;0;100;100;0;100;0;0;0;0;100;100;0;0;0;0;0;0;0;0;0;0;0;0;100;100;0;100;0;0;0;0;100;100;0;0;0;0;0;0;0;0;0;0;0;0;0;0;0;0;0;0;0;0;0;0;0;0;0;0;0;0;0;0;0;0;0;0;0;0;0;0;0;0;0;0;0;0;0;0;0;0;100;100;0;100;0;0;0;0;0;0;0;0;0;0;0;0;0;0;0;0;0;0;0;0;0;0;100;0;0;100;0;0;0;0;0;0;0;0;0;100;100;0;0;0;0;;;;;
3_1997;0.00;100;0;100;100;100;0;0;0;100;100;0;100;100;0;0;0;100;100;100;0;0;0;0;0;0;0;0;0;0;0;0;0;0;0;0;0;0;100;0;0;100;0;0;0;100;100;0;100;100;0;0;0;0;0;0;0;0;0;0;0;0;0;0;100;0;100;0;0;100;0;100;0;0;100;100;0;0;0;0;0;0;0;0;0;0;0;0;100;0;100;100;0;100;0;100;0;0;0;0;0;0;100;100;0;0;0;0;100;0;0;0;0;0;0;0;0;0;0;0;0;0;0;100;0;0;0;0;0;0;0;0;0;0;0;0;0;0;0;0;0;0;0;0;0;0;0;0;0;0;100;0;100;0;0;100;100;0;100;0;0;0;100;0;100;0;100;100;0;0;100;100;0;100;0;0;0;0;100;100;0;0;0;0;0;0;0;0;0;0;0;0;100;100;0;100;0;0;0;0;100;100;0;0;0;0;0;0;0;0;0;0;0;0;0;0;0;0;0;0;0;0;0;0;0;0;0;0;0;0;0;0;0;0;0;0;0;0;0;0;0;0;0;0;0;0;0;0;0;0;100;100;0;100;0;0;0;0;0;0;0;0;0;0;0;0;0;0;0;0;0;0;0;0;0;0;100;0;0;100;0;0;0;0;0;0;0;0;0;100;100;0;0;0;0;;;;;
4_1997;0.00;100;0;100;100;100;0;0;0;100;100;0;100;100;0;0;0;100;100;100;0;0;0;0;0;0;0;0;0;0;0;0;0;0;0;0;0;0;100;0;0;100;0;0;0;100;100;0;100;100;0;0;0;0;0;0;0;0;0;0;0;0;0;0;100;0;100;0;0;100;0;100;0;0;100;100;0;0;0;0;0;0;0;0;0;0;0;0;100;0;100;100;0;100;0;100;0;0;0;0;0;0;100;100;0;0;0;0;100;0;0;0;0;0;0;0;0;0;0;0;0;0;0;100;0;0;0;0;0;0;0;0;0;0;0;0;0;0;0;0;0;0;0;0;0;0;0;0;0;0;100;0;100;0;0;100;100;0;100;0;0;0;0;0;100;0;100;100;0;0;100;100;0;100;0;0;0;0;100;100;0;0;0;0;0;0;0;0;0;0;0;0;100;100;0;100;0;0;0;0;100;100;0;0;0;0;0;0;0;0;0;0;0;0;0;0;0;0;0;0;0;0;0;0;0;0;0;0;0;0;0;0;0;0;0;0;0;0;0;0;0;0;0;0;0;0;0;0;0;0;100;100;0;100;0;0;0;0;0;0;0;0;0;0;0;0;0;0;0;0;0;0;0;0;0;0;100;0;0;100;0;0;0;0;0;0;0;0;0;100;100;0;0;0;0;;;;;
5_1997;0.00;100;0;100;100;100;0;0;0;100;100;0;100;100;0;0;0;100;100;100;0;0;0;0;0;0;0;0;0;0;0;0;0;0;0;0;0;0;100;0;0;100;0;0;0;100;100;0;100;100;0;0;0;0;0;0;0;0;0;0;0;0;0;0;100;0;100;0;0;100;0;100;0;0;100;100;0;0;0;0;0;0;0;0;0;0;0;0;100;0;100;100;0;100;0;100;0;0;0;0;0;0;100;100;0;0;0;0;100;0;0;0;0;0;0;0;0;0;0;0;0;0;0;100;0;0;0;0;0;0;0;0;0;0;0;0;0;0;0;0;0;0;0;0;0;0;0;0;0;0;100;0;0;0;0;100;100;0;100;0;0;0;0;0;0;0;100;100;0;0;100;100;0;100;0;0;0;0;100;100;0;0;0;0;0;0;0;0;0;0;0;0;100;100;0;100;0;0;0;0;100;100;0;0;0;0;0;0;0;0;0;0;0;0;0;0;0;0;0;0;0;0;0;0;0;0;0;0;0;0;0;0;0;0;0;0;0;0;0;0;0;0;0;0;0;0;0;0;0;0;100;100;0;100;0;0;0;0;0;0;0;0;0;0;0;0;0;0;0;0;0;0;0;0;0;0;100;0;0;100;0;0;0;0;0;0;0;0;0;100;100;0;0;0;0;;;;;
6_1997;0.00;100;0;100;100;100;0;0;0;100;100;0;100;100;0;0;0;100;100;100;0;0;0;0;0;0;0;0;0;0;0;0;0;0;0;0;0;0;100;0;0;100;0;0;0;0;100;0;100;100;0;0;0;0;0;0;0;0;0;0;0;0;0;0;100;0;100;0;0;100;0;100;0;0;0;100;0;0;0;0;0;0;0;0;0;0;0;0;100;0;100;100;0;100;0;0;0;0;0;0;0;0;100;100;0;0;0;0;100;0;0;0;0;0;0;0;0;0;0;0;0;0;0;100;0;0;0;0;0;0;0;0;0;0;0;0;0;0;0;0;0;0;0;0;0;0;0;0;0;0;100;0;100;0;0;100;100;0;100;0;0;0;0;0;0;0;100;100;0;0;100;100;0;0;0;0;0;0;100;100;0;0;0;0;0;0;0;0;0;0;0;0;100;100;0;100;0;0;0;0;100;100;0;0;0;0;0;0;0;0;0;0;0;0;0;0;0;0;0;0;0;0;0;0;0;0;0;0;0;0;0;0;0;0;0;0;0;0;0;0;0;0;0;0;0;0;0;0;0;0;100;100;0;100;0;0;0;0;0;0;0;0;0;0;0;0;0;0;0;0;0;0;0;0;0;0;100;0;0;100;0;0;0;0;0;0;0;0;0;100;100;0;0;0;0;;;;;
7_1997;0.00;100;0;100;100;100;0;0;0;100;100;0;100;100;0;0;0;100;100;100;0;0;0;0;0;0;0;0;0;0;0;0;0;0;0;0;0;0;100;0;0;100;0;0;0;0;100;0;100;100;0;0;0;0;0;0;0;0;0;0;0;0;0;0;100;0;100;0;0;100;0;100;0;0;100;100;0;0;0;0;0;0;0;0;0;0;0;0;100;0;100;100;0;100;0;100;0;0;0;0;0;0;100;100;0;0;0;0;100;0;0;0;0;0;0;0;0;0;0;0;0;0;0;100;0;0;0;0;0;0;0;0;0;0;0;0;0;0;0;0;0;0;0;0;0;0;0;0;0;0;100;0;100;0;0;100;100;0;100;0;0;0;0;0;0;0;100;100;0;0;100;100;0;100;0;0;0;0;100;100;0;0;0;0;0;0;0;0;0;0;0;0;100;100;0;100;0;0;0;0;100;100;0;0;0;0;0;0;0;0;0;0;0;0;0;0;0;0;0;0;0;0;0;0;0;0;0;0;0;0;0;0;0;0;0;0;0;0;0;0;0;0;0;0;0;0;0;0;0;0;100;100;0;100;0;0;0;0;0;0;0;0;0;0;0;0;0;0;0;0;0;0;0;0;0;0;100;0;0;100;0;0;0;0;0;0;0;0;0;100;100;0;0;0;0;;;;;
8_1997;0.00;100;0;100;100;100;0;0;0;100;100;0;100;100;0;0;0;100;100;100;0;0;0;0;0;0;0;0;0;0;0;0;0;0;0;0;0;0;100;0;0;100;0;0;0;100;100;0;100;100;0;0;0;0;0;0;0;0;0;0;0;0;0;0;100;0;100;0;0;100;0;100;0;0;100;100;0;0;0;0;0;0;0;0;0;0;0;0;100;0;100;100;0;100;0;100;0;0;0;0;0;0;100;100;0;0;0;0;100;0;0;0;0;0;0;0;0;0;0;0;0;0;0;100;0;0;0;0;0;0;0;0;0;0;0;0;0;0;0;0;0;0;0;0;0;0;0;0;0;0;100;0;100;0;0;100;100;0;100;0;0;0;100;0;0;0;100;100;0;0;100;100;0;100;0;0;0;0;100;100;0;0;0;0;0;0;0;0;0;0;0;0;100;100;0;100;0;0;0;0;100;100;0;0;0;0;0;0;0;0;0;0;0;0;0;0;0;0;0;0;0;0;0;0;0;0;0;0;0;0;0;0;0;0;0;0;0;0;0;0;0;0;0;0;0;0;0;0;0;0;100;100;0;100;0;0;0;0;0;0;0;0;0;0;0;0;0;0;0;0;0;0;0;0;0;0;100;0;0;100;0;0;0;0;0;0;0;0;0;100;100;0;0;0;0;;;;;
9_1997;0.00;100;0;100;100;100;0;0;0;100;100;0;100;100;0;0;0;100;100;100;0;0;0;0;0;0;0;0;0;0;0;0;0;0;0;0;0;0;100;0;0;100;0;0;0;100;100;0;100;100;0;0;0;0;0;0;0;0;0;0;0;0;0;0;100;0;100;0;0;100;0;0;0;0;100;100;0;0;0;0;0;0;0;0;0;0;0;0;100;0;100;100;0;100;0;100;0;0;0;0;0;0;100;100;0;0;0;0;100;0;0;0;0;0;0;0;0;0;0;0;0;0;0;100;0;0;0;0;0;0;0;0;0;0;0;0;0;0;0;0;0;0;0;0;0;0;0;0;0;0;100;0;100;0;0;100;100;0;100;0;100;0;0;0;0;0;100;100;0;0;100;100;0;100;0;0;0;0;100;100;0;0;0;0;0;0;0;0;0;0;0;0;100;100;0;100;0;0;0;0;100;96.66666667;0;0;0;0;0;0;0;0;0;0;0;0;0;0;0;0;0;0;0;0;0;0;0;0;0;0;0;0;0;0;0;0;0;0;0;0;0;0;0;0;0;0;0;0;0;0;0;0;100;100;0;100;0;0;0;0;0;0;0;0;0;0;0;0;0;0;0;0;0;0;0;0;0;0;100;0;0;100;0;0;0;0;0;0;0;0;0;100;100;0;0;0;0;;;;;
10_1997;0.00;100;0;100;100;100;0;0;0;100;100;0;100;100;0;0;0;100;100;100;0;0;0;0;0;0;0;0;0;0;0;0;0;0;0;0;0;0;100;0;0;100;0;0;0;100;100;0;100;100;0;0;0;0;0;0;0;0;0;0;0;0;0;0;100;0;100;0;0;100;0;100;0;0;100;100;0;0;0;0;0;0;0;0;0;0;0;0;100;0;100;100;0;100;0;100;0;0;0;0;0;0;100;100;0;0;0;0;100;0;0;0;0;0;0;0;0;0;0;0;0;0;0;100;0;0;0;0;0;0;0;0;0;0;0;0;0;0;0;0;0;0;0;0;0;0;0;0;0;0;100;0;100;100;0;0;100;0;100;0;100;0;0;0;100;0;100;100;0;0;100;100;0;0;0;0;0;0;100;100;0;0;0;0;0;0;0;0;0;0;0;0;100;100;0;100;0;0;0;0;100;100;0;0;0;0;0;0;0;0;0;0;0;0;0;0;0;0;0;0;0;0;0;0;0;0;0;0;0;0;0;0;0;0;0;0;0;0;0;0;0;0;0;0;0;0;0;0;0;0;100;100;0;100;0;0;0;0;0;0;0;0;0;0;0;0;0;0;0;0;0;0;0;0;0;0;100;0;0;100;0;0;0;0;0;0;0;0;0;100;100;0;0;0;0;;;;;
11_1997;0.00;100;0;100;100;100;0;0;0;100;100;0;100;100;0;0;0;100;100;100;0;0;0;0;0;0;0;0;0;0;0;0;0;0;0;0;0;0;100;0;0;100;0;0;0;100;100;0;100;100;0;0;0;0;0;0;0;0;0;0;0;0;0;0;100;0;100;0;0;100;0;100;0;0;100;100;0;0;0;0;0;0;0;0;0;0;0;0;100;0;100;100;0;100;0;100;0;0;0;0;0;0;100;100;0;0;0;0;100;0;0;0;0;0;0;0;0;0;0;0;0;0;0;100;0;0;0;0;0;0;0;0;0;0;0;0;0;0;0;0;0;0;0;0;0;0;0;0;0;0;100;0;100;100;0;100;100;0;100;0;100;0;0;0;100;0;100;100;0;0;100;100;0;100;0;0;0;0;100;100;0;0;0;0;0;0;0;0;0;0;0;0;100;100;0;100;0;0;0;0;100;0;0;0;0;0;0;0;0;0;0;0;0;0;0;0;0;0;0;0;0;0;0;0;0;0;0;0;0;0;0;0;0;0;0;0;0;0;0;0;0;0;0;0;0;0;0;0;0;0;100;100;0;100;0;0;0;0;0;0;0;0;0;0;0;0;0;0;0;0;0;0;0;0;0;0;100;0;0;100;0;0;0;0;0;0;0;0;0;100;100;0;0;0;0;;;;;
12_1997;0.00;100;0;100;100;100;0;0;0;100;100;0;100;100;0;0;0;100;100;100;0;0;0;0;0;0;0;0;0;0;0;0;0;0;0;0;0;0;100;0;0;100;0;0;0;100;100;0;100;100;0;0;0;0;0;0;0;0;0;0;0;0;0;0;100;0;100;0;0;100;0;100;0;0;100;100;0;0;0;0;0;0;0;0;0;0;0;0;100;0;100;100;0;100;0;100;0;0;0;0;0;0;100;100;0;0;0;0;100;0;0;0;0;0;0;0;0;0;0;0;0;0;0;100;0;0;0;0;0;0;0;0;0;0;0;0;0;0;0;0;0;0;0;0;0;0;0;0;0;0;100;0;100;100;0;100;100;0;100;0;100;0;0;0;100;0;0;100;0;0;100;100;0;100;0;0;0;0;100;100;0;0;0;0;0;0;0;0;0;0;0;0;100;100;0;100;0;0;0;0;100;100;0;0;0;0;0;0;0;0;0;0;0;0;0;0;0;0;0;0;0;0;0;0;0;0;0;0;0;0;0;0;0;0;0;0;0;0;0;0;0;0;0;0;0;0;0;0;0;0;100;100;0;100;0;0;0;0;0;0;0;0;0;0;0;0;0;0;0;0;0;0;0;0;0;0;100;0;0;100;0;0;0;0;0;0;0;0;0;100;100;0;0;0;0;;;;;
1_1998;0.00;100;0;100;100;100;0;0;0;100;100;0;100;100;0;0;0;100;100;0;0;0;0;0;0;0;0;0;0;0;0;0;0;0;0;0;0;0;100;0;0;100;0;0;0;100;100;0;100;0;0;0;0;0;0;0;0;0;0;0;0;0;0;0;100;0;100;0;0;100;0;100;0;0;100;100;0;0;0;0;0;0;0;0;0;0;0;0;100;0;100;100;0;100;0;0;0;0;0;0;0;0;100;100;0;0;0;0;100;0;0;0;0;0;0;0;0;0;0;0;0;0;0;100;0;0;0;0;0;0;0;0;0;0;0;0;0;0;0;0;0;0;0;0;0;0;0;0;0;0;100;0;100;100;0;100;100;0;100;0;100;0;0;0;100;0;100;100;0;0;100;100;0;100;0;0;0;0;100;100;0;0;0;0;0;0;0;0;0;0;0;0;100;100;0;100;0;0;0;0;100;100;0;0;0;0;0;0;0;0;0;0;0;0;0;0;0;0;0;0;0;0;0;0;0;0;0;0;0;0;0;0;0;0;0;0;0;0;0;0;0;0;0;0;0;0;0;0;0;0;100;100;0;100;0;0;0;0;0;0;0;0;0;0;0;0;0;0;0;0;0;0;0;0;0;0;100;0;0;100;0;0;0;0;0;0;0;0;0;100;100;0;0;0;0;;;;;
2_1998;0.00;0;0;100;100;100;0;0;0;100;100;0;100;0;0;0;0;100;100;0;0;0;0;0;0;0;0;0;0;0;0;0;0;0;0;0;0;0;100;0;0;100;0;0;0;100;100;0;100;0;0;0;0;0;0;0;0;0;0;0;0;0;0;0;100;0;100;0;0;100;0;100;0;0;100;100;0;0;0;0;0;0;0;0;0;0;0;0;100;0;100;100;0;100;0;100;0;0;0;0;0;0;100;100;0;0;0;0;100;0;0;0;0;0;0;0;0;0;0;0;0;0;0;100;0;0;0;0;0;0;0;0;0;0;0;0;0;0;0;0;0;0;0;0;0;0;0;0;0;0;100;0;100;0;0;100;100;0;100;0;100;0;0;0;100;0;100;100;0;0;100;100;0;100;0;0;0;0;100;100;0;0;0;0;0;0;0;0;0;0;0;0;100;100;0;100;0;0;0;0;100;100;0;0;0;0;0;0;0;0;0;0;0;0;0;0;0;0;0;0;0;0;0;0;0;0;0;0;0;0;0;0;0;0;0;0;0;0;0;0;0;0;0;0;0;0;0;0;0;0;100;100;0;100;0;0;0;0;0;0;0;0;0;0;0;0;0;0;0;0;0;0;0;0;0;0;100;0;0;100;0;0;0;0;0;0;0;0;0;85.71428571;100;0;0;0;0;;;;;
3_1998;100.00;100;0;100;100;100;0;0;100;100;100;0;100;100;0;0;0;100;100;100;0;0;0;0;0;0;0;0;0;0;0;0;0;0;0;0;0;0;100;0;0;100;0;0;0;100;100;0;100;0;0;0;0;0;0;0;0;0;0;0;0;0;0;0;100;0;100;0;0;100;0;100;0;0;100;100;0;0;0;0;0;0;0;0;0;0;0;0;100;0;100;100;0;100;0;100;0;0;0;0;0;0;100;100;0;0;0;0;100;0;0;0;0;0;0;0;0;0;0;0;0;0;0;100;0;0;0;0;0;0;0;0;0;0;0;0;0;0;0;0;0;0;0;0;0;0;0;0;0;0;100;0;100;100;0;0;100;0;100;0;100;0;0;0;100;0;100;100;0;0;100;100;0;100;0;0;0;0;100;100;0;0;0;0;0;0;0;0;0;0;0;0;100;100;0;100;0;0;0;0;100;100;0;0;0;0;0;0;0;0;0;0;0;0;0;0;0;0;0;0;0;0;0;0;0;0;0;0;0;0;0;0;0;0;0;0;0;0;0;0;0;0;0;0;0;0;0;0;0;0;100;100;0;100;0;0;0;0;0;0;0;0;0;0;0;0;0;0;0;0;0;0;0;0;0;0;100;0;0;100;0;0;0;0;0;0;0;0;0;100;100;0;0;0;0;;;;;
4_1998;100.00;100;0;100;100;100;0;0;100;100;100;0;100;100;0;0;0;100;100;100;0;0;0;0;0;0;0;0;0;0;0;0;0;0;0;0;0;0;100;0;0;100;0;0;0;100;100;0;100;0;0;0;0;0;0;0;0;0;0;0;0;0;0;0;100;0;100;0;0;100;0;100;0;0;100;100;0;0;0;0;0;0;0;0;0;0;0;0;100;0;100;0;0;100;0;100;0;0;0;0;0;0;100;100;0;0;0;0;100;0;0;0;0;0;0;0;0;0;0;0;0;0;0;100;0;0;0;0;0;0;0;0;0;0;0;0;0;0;0;0;0;0;0;0;0;0;0;0;0;0;100;0;100;100;0;0;100;0;100;0;100;0;0;0;0;0;100;100;0;0;100;100;0;100;0;0;0;0;100;100;0;0;0;0;0;0;0;0;0;0;0;0;100;100;0;100;0;0;0;0;100;100;0;0;0;0;0;0;0;0;0;0;0;0;0;0;0;0;0;0;0;0;0;0;0;0;0;0;0;0;0;0;0;0;0;0;0;0;0;0;0;0;0;0;0;0;0;0;0;0;100;100;0;100;0;0;0;0;0;0;0;0;0;0;0;0;0;0;0;0;0;0;0;0;0;0;100;0;0;100;0;0;0;0;0;0;0;0;0;100;100;0;0;0;0;;;;;
5_1998;100.00;100;0;100;100;100;0;0;100;100;100;0;100;100;0;0;0;100;100;100;0;0;0;0;0;0;0;0;0;0;0;0;0;0;0;0;0;0;100;0;0;100;0;0;0;100;100;0;100;0;0;0;0;0;0;0;0;0;0;0;0;0;0;0;100;0;100;0;0;100;0;100;0;0;100;100;0;0;0;0;0;0;0;0;0;0;0;0;100;0;100;0;0;100;0;100;0;0;0;0;0;0;100;100;0;0;0;0;100;0;0;0;0;0;0;0;0;0;0;0;0;0;0;100;0;0;0;0;0;0;0;0;0;0;0;0;0;0;0;0;0;0;0;0;0;0;0;0;0;0;100;0;100;100;0;0;100;0;100;0;100;0;0;0;100;0;100;100;0;0;100;100;0;100;0;0;0;0;100;100;0;0;0;0;0;0;0;0;0;0;0;0;100;100;0;100;0;0;0;0;100;100;0;0;0;0;0;0;0;0;0;0;0;0;0;0;0;0;0;0;0;0;0;0;0;0;0;0;0;0;0;0;0;0;0;0;0;0;0;0;0;0;0;0;0;0;0;0;0;0;100;100;0;100;0;0;0;0;0;0;0;0;0;0;0;0;0;0;0;0;0;0;0;0;0;0;100;0;0;100;0;0;0;0;0;0;0;0;0;100;100;0;0;0;0;;;;;
6_1998;0.00;0;0;0;100;100;0;0;100;100;100;0;100;100;0;0;0;100;100;100;0;0;0;0;0;0;100;0;0;0;0;0;0;0;0;0;0;0;100;0;0;100;0;0;0;100;100;0;100;0;0;0;0;0;0;0;0;0;0;0;0;0;0;0;100;0;100;0;0;100;0;100;0;0;100;100;0;0;0;0;0;0;0;0;0;0;0;0;100;0;100;0;0;100;0;100;0;0;0;0;0;0;100;100;0;0;0;0;100;0;0;0;0;0;0;0;0;0;0;0;0;0;0;100;0;0;0;0;0;0;0;0;0;0;0;0;0;0;0;0;0;0;0;0;0;0;0;0;0;0;100;0;100;0;0;0;100;0;100;0;100;0;0;0;0;0;100;100;0;0;96.66666667;100;0;100;0;0;0;0;100;100;0;0;0;0;0;0;0;0;0;0;0;0;100;100;0;100;0;0;0;0;100;100;0;0;0;0;0;0;0;0;0;0;0;0;0;0;0;0;0;0;0;0;0;0;0;0;0;0;0;0;0;0;0;0;0;0;0;0;0;0;0;0;0;0;0;0;0;0;0;0;100;100;0;100;0;0;0;0;0;0;0;0;0;0;0;0;0;0;0;0;0;0;0;0;0;0;100;0;0;100;0;0;0;0;0;0;0;0;0;100;100;0;0;0;0;;;;;
7_1998;0.00;0;0;0;100;100;0;0;100;100;100;0;100;100;0;0;0;100;100;100;0;0;0;0;0;0;100;0;0;0;0;0;0;0;0;0;0;0;100;0;0;100;0;0;0;100;100;0;100;0;0;0;0;0;0;0;0;0;0;0;0;0;0;0;100;0;100;0;0;100;0;100;0;0;100;100;0;0;0;0;0;0;0;0;0;0;0;0;100;0;100;0;0;100;0;100;0;0;0;0;0;0;100;100;0;0;0;0;100;0;0;0;0;0;0;0;0;0;0;0;0;0;0;100;0;0;0;0;0;0;0;0;0;0;0;0;0;0;0;0;0;0;0;0;0;0;0;0;0;0;100;0;100;100;0;0;100;0;100;0;100;0;0;0;0;0;100;100;0;0;100;100;0;100;0;0;0;0;100;100;0;0;0;0;0;0;0;0;0;0;0;0;100;100;0;100;0;0;0;0;100;100;0;0;0;0;0;0;0;0;0;0;0;0;0;0;0;0;0;0;0;0;0;0;0;0;0;0;0;0;0;0;0;0;0;0;0;0;0;0;0;0;0;0;0;0;0;0;0;0;100;100;0;100;0;0;0;0;0;0;0;0;0;0;0;0;0;0;0;0;0;0;0;0;0;0;100;0;0;100;0;0;0;0;0;0;0;0;0;100;100;0;0;0;0;;;;;
8_1998;0.00;0;0;0;100;100;0;0;100;100;100;0;100;100;0;0;0;100;100;0;0;0;0;0;0;0;100;0;0;0;0;0;0;0;0;0;0;0;100;0;0;100;0;0;0;0;100;0;100;0;0;0;0;0;0;0;0;0;0;0;0;0;0;0;100;0;100;0;0;100;0;100;0;0;0;100;0;0;0;0;0;0;0;0;0;0;0;0;100;0;100;0;0;100;0;100;0;0;0;0;0;0;100;100;0;0;0;0;100;0;0;0;0;0;0;0;0;0;0;0;0;0;0;100;0;0;0;0;0;0;0;0;0;0;0;0;0;0;0;0;0;0;0;0;0;0;0;0;0;0;100;0;100;100;0;0;100;0;100;0;100;0;0;0;0;0;100;100;0;0;96.77419355;100;0;100;0;0;0;0;100;100;0;0;0;0;0;0;0;0;0;0;0;0;100;100;0;100;0;0;0;0;100;100;0;0;0;0;0;0;0;0;0;0;0;0;0;0;0;0;0;0;0;0;0;0;0;0;0;0;0;0;0;0;0;0;0;0;0;0;0;0;0;0;0;0;0;0;0;0;0;0;100;100;0;100;0;0;0;0;0;0;0;0;0;0;0;0;0;0;0;0;0;0;0;0;0;0;100;0;0;100;0;0;0;0;0;0;0;0;0;100;100;0;0;0;0;;;;;
9_1998;0.00;0;0;0;100;100;0;0;0;100;100;0;100;100;0;0;0;100;100;0;0;0;0;0;0;0;100;0;0;0;0;0;0;0;0;0;0;0;100;0;0;100;0;0;0;0;100;0;100;0;0;0;0;0;0;0;0;0;0;0;0;0;0;0;100;0;100;0;0;100;0;100;0;0;100;100;0;0;0;0;0;0;0;0;0;0;0;0;100;0;100;0;0;100;0;100;0;0;0;0;0;0;100;100;0;0;0;0;100;0;0;0;0;0;0;0;0;0;0;0;0;0;0;100;0;0;0;0;0;0;0;0;0;0;0;0;0;0;0;0;0;0;0;0;0;0;0;0;0;0;100;0;100;0;0;0;100;0;100;0;100;0;0;0;0;0;100;100;0;0;100;100;0;100;0;0;0;0;100;100;0;0;0;0;0;0;0;0;0;0;0;0;100;100;0;100;0;0;0;0;100;100;0;0;0;0;0;0;0;0;0;0;0;0;0;0;0;0;0;0;0;0;0;0;0;0;0;0;0;0;0;0;0;0;0;0;0;0;0;0;0;0;0;0;0;0;0;0;0;0;100;100;0;100;0;0;0;0;0;0;0;0;0;0;0;0;0;0;0;0;0;0;0;0;0;0;100;0;0;100;0;0;0;0;0;0;0;0;0;100;100;0;0;0;0;;;;;
10_1998;0.00;0;0;0;100;100;0;0;100;100;100;0;100;100;0;0;0;100;100;100;0;0;0;0;0;0;100;0;0;0;0;0;0;0;0;0;0;0;100;0;0;100;0;0;0;0;100;0;100;0;0;0;0;0;0;0;0;0;0;0;0;0;0;0;100;0;100;0;0;100;0;100;0;0;100;100;0;0;0;0;0;0;0;0;0;0;0;0;100;0;100;100;0;100;0;0;0;0;0;0;0;0;100;100;0;0;0;0;100;0;0;0;0;0;0;0;0;0;0;0;0;0;0;100;0;0;0;0;0;0;0;0;0;0;0;0;0;0;0;0;0;0;0;0;0;0;0;0;0;0;100;0;100;100;0;0;100;0;100;0;100;0;0;0;100;0;100;100;0;0;100;100;0;100;0;0;0;0;100;100;0;0;0;0;0;0;0;0;0;0;0;0;100;100;0;100;0;0;0;0;100;100;0;0;0;0;0;0;0;0;0;0;0;0;0;0;0;0;0;0;0;0;0;0;0;0;0;0;0;0;0;0;0;0;0;0;0;0;0;0;0;0;0;0;0;0;0;0;0;0;100;100;0;100;0;0;0;0;0;0;0;0;0;0;0;0;0;0;0;0;0;0;0;0;0;0;100;0;0;100;0;0;0;0;0;0;0;0;0;100;100;0;0;0;0;;;;;
11_1998;0.00;0;0;100;100;100;0;0;100;100;100;0;100;100;0;0;0;100;100;100;0;0;0;0;0;0;100;0;0;0;0;0;0;0;0;0;0;0;100;0;0;100;0;0;0;0;100;0;0;0;0;0;0;0;0;0;0;0;0;0;0;0;0;0;100;0;100;0;0;100;0;100;0;0;100;100;0;0;0;0;0;0;0;0;0;0;0;0;100;0;100;100;0;100;0;0;0;0;0;0;0;0;100;100;0;0;0;0;100;0;0;0;0;0;0;0;0;0;0;0;0;0;0;100;0;0;0;0;0;0;0;0;0;0;0;0;0;0;0;0;0;0;0;0;0;0;0;0;0;0;100;0;100;100;0;0;100;0;100;0;100;0;0;0;100;0;100;100;0;0;100;100;0;100;0;0;0;0;100;100;0;0;0;0;0;0;0;0;0;0;0;0;100;100;0;100;0;0;0;0;100;100;0;0;0;0;0;0;0;0;0;0;0;0;0;0;0;0;0;0;0;0;0;0;0;0;0;0;0;0;0;0;0;0;0;0;0;0;0;0;0;0;0;0;0;0;0;0;0;0;100;100;0;80;0;0;0;0;0;0;0;0;0;0;0;0;0;0;0;0;0;0;0;0;0;0;100;0;0;100;0;0;0;0;0;0;0;0;0;100;100;0;0;0;0;;;;;
12_1998;0.00;0;0;100;100;100;0;0;100;100;100;0;100;0;0;0;0;100;100;100;0;0;0;0;0;0;100;0;0;0;0;0;0;0;0;0;0;0;100;0;0;100;0;0;0;0;100;0;100;0;0;0;0;0;0;0;0;0;0;0;0;0;0;0;100;0;100;0;0;100;0;100;0;0;100;100;0;0;0;0;0;0;0;0;0;0;0;0;100;0;100;100;0;100;0;0;0;0;0;0;0;0;100;100;0;0;0;0;100;0;0;0;0;0;0;0;0;0;0;0;0;0;0;100;0;0;0;0;0;0;0;0;0;0;0;0;0;0;0;0;0;0;0;0;0;0;0;0;0;0;100;0;100;0;0;0;100;0;100;0;100;0;0;0;100;0;100;100;0;0;100;100;0;100;0;0;0;0;100;100;0;0;0;0;0;0;0;0;0;0;0;0;100;100;0;100;0;0;0;0;100;100;0;0;0;0;0;0;0;0;0;0;0;0;0;0;0;0;0;0;0;0;0;0;0;0;0;0;0;0;0;0;0;0;0;0;0;0;0;0;0;0;0;0;0;0;0;0;0;0;100;100;0;100;0;0;0;0;0;0;0;0;0;0;0;0;0;0;0;0;0;0;0;0;0;0;100;0;0;100;0;0;0;0;0;0;0;0;0;100;100;0;0;0;0;;;;;
1_1999;0.00;0;0;100;100;100;0;0;100;100;0;0;100;0;0;0;0;100;100;100;0;0;0;0;0;0;100;0;0;0;0;0;0;0;0;0;0;0;100;0;0;100;0;0;0;0;100;0;100;0;0;0;0;0;0;0;0;0;0;0;0;0;0;0;100;0;100;0;0;0;0;100;0;0;100;100;0;0;0;0;0;0;0;0;0;0;0;0;100;0;100;100;0;100;0;0;0;0;0;0;0;0;100;100;0;0;0;0;100;0;0;0;0;0;0;0;0;0;0;0;0;0;0;100;0;0;0;0;0;0;0;0;0;0;0;0;0;0;0;0;0;0;0;0;0;0;0;0;0;0;100;0;100;0;0;0;100;0;100;0;100;0;0;0;100;0;100;100;0;0;0;100;0;100;0;0;0;0;100;100;0;0;0;0;0;0;0;0;0;0;0;0;100;100;0;100;0;0;0;0;100;100;0;0;0;0;0;0;0;0;0;0;0;0;0;0;0;0;0;0;0;0;0;0;0;0;0;0;0;0;0;0;0;0;0;0;0;0;0;0;0;0;0;0;0;0;0;0;0;0;100;100;0;0;0;0;0;0;0;0;0;0;0;0;0;0;0;0;0;0;0;0;0;0;0;0;100;0;0;100;0;0;0;0;0;0;0;0;0;96.77419355;100;0;0;0;0;;;;;
2_1999;0.00;0;0;100;100;100;0;0;100;100;0;0;100;0;0;0;0;100;100;100;0;0;0;0;0;0;100;0;0;0;0;0;0;0;0;0;0;0;100;0;0;100;0;0;0;0;100;0;100;0;0;0;0;0;0;0;0;0;0;0;0;0;0;0;100;0;100;0;0;0;0;100;0;0;100;100;0;0;0;0;0;0;0;0;0;0;0;0;100;0;100;100;0;100;0;0;0;0;0;0;0;0;100;100;0;0;0;0;100;0;0;0;0;0;0;0;0;0;0;0;0;0;0;100;0;0;0;0;0;0;0;0;0;0;0;0;0;0;0;0;0;0;0;0;0;0;0;0;0;0;100;0;100;0;0;0;0;0;100;0;100;0;0;0;100;0;100;0;0;0;0;100;0;100;0;0;0;0;100;100;0;0;0;0;0;0;0;0;0;0;0;0;100;100;0;100;0;0;0;0;100;100;0;0;0;0;0;0;0;0;0;0;0;0;0;0;0;0;0;0;0;0;0;0;0;0;0;0;0;0;0;0;0;0;0;0;0;0;0;0;0;0;0;0;0;0;0;0;0;0;100;100;0;0;0;0;0;0;0;0;0;0;0;0;0;0;0;0;0;0;0;0;0;0;0;0;100;0;0;100;0;0;0;0;0;0;0;0;0;100;100;0;0;0;0;;;;;
3_1999;0.00;0;0;100;0;100;0;0;100;100;0;0;100;0;0;0;0;100;100;100;0;0;0;0;0;0;100;0;0;0;0;0;0;0;0;0;0;0;100;0;0;100;0;0;0;0;100;0;0;0;0;0;0;0;0;0;0;0;0;0;0;0;0;0;100;0;100;0;0;0;0;100;0;0;100;100;0;0;0;0;0;0;0;0;0;0;0;0;100;0;100;100;0;100;0;0;0;0;0;0;0;0;100;100;0;0;0;0;100;0;0;0;0;0;0;0;0;0;0;0;0;0;0;100;0;0;0;0;0;0;0;0;0;0;0;0;0;0;0;0;0;0;0;0;0;0;0;0;0;0;100;0;100;0;0;0;0;0;100;0;100;0;0;0;100;0;100;100;0;0;0;100;0;100;0;0;0;0;100;100;0;0;0;0;0;0;0;0;0;0;0;0;100;100;0;100;0;0;0;0;100;100;0;0;0;0;0;0;0;0;0;0;0;0;0;0;0;0;0;0;0;0;0;0;0;0;0;0;0;0;0;0;0;0;0;0;0;0;0;0;0;0;0;0;0;0;0;0;0;0;100;100;0;0;0;0;0;0;0;0;0;0;0;0;0;0;0;0;0;0;0;0;0;0;0;0;0;0;0;100;0;0;0;0;0;0;0;0;0;100;100;0;0;0;0;;;;;
4_1999;0.00;0;0;100;0;100;0;0;0;100;0;0;100;0;0;0;0;100;100;100;0;0;0;0;0;0;100;0;0;0;0;0;0;0;0;0;0;0;100;0;0;100;0;0;0;0;100;0;0;0;0;0;0;0;0;0;0;0;0;0;0;0;0;0;100;0;100;0;0;0;0;100;0;0;100;100;0;0;0;0;0;0;0;0;0;0;0;0;100;0;100;100;0;100;0;0;0;0;0;0;0;0;100;100;0;0;0;0;100;0;0;0;0;0;0;0;0;0;0;0;0;0;0;100;0;0;0;0;0;0;0;0;0;0;0;0;0;0;0;0;0;0;0;0;0;0;0;0;0;0;100;0;100;0;0;0;0;0;100;0;100;0;0;0;100;0;100;100;0;0;0;100;0;100;0;0;0;0;0;100;0;0;0;0;0;0;0;0;0;0;0;0;100;100;0;100;0;0;0;0;100;100;0;0;0;0;0;0;0;0;0;0;0;0;0;0;0;0;0;0;0;0;0;0;0;0;0;0;0;0;0;0;0;0;0;0;0;0;0;0;0;0;0;0;0;0;0;0;0;0;100;100;0;0;0;0;0;0;0;0;0;0;0;0;0;0;0;0;0;0;0;0;0;0;0;0;0;0;0;100;0;0;0;0;0;0;0;0;0;100;100;0;0;0;0;;;;;
5_1999;0.00;0;0;100;100;100;0;0;0;100;0;0;100;0;0;0;0;100;100;100;0;0;0;0;0;0;100;0;0;0;0;0;0;0;0;0;0;0;100;0;0;100;0;0;0;0;100;0;100;0;0;0;0;0;0;0;0;0;0;0;0;0;0;0;100;0;100;0;0;0;0;100;0;0;100;100;0;0;0;0;0;0;0;0;0;0;0;0;100;0;100;0;0;100;0;0;0;0;0;0;0;0;100;100;0;0;0;0;100;0;0;0;0;0;0;0;0;0;0;0;0;0;0;100;0;0;0;0;0;0;0;0;0;0;0;0;0;0;0;0;0;0;0;0;0;0;0;0;0;0;100;0;100;0;0;0;0;0;100;0;100;0;0;0;0;0;100;0;0;0;0;100;0;100;0;0;0;0;100;100;0;0;0;0;0;0;0;0;0;0;0;0;100;100;0;100;0;0;0;0;100;100;0;0;0;0;0;0;0;0;0;0;0;0;0;0;0;0;0;0;0;0;0;0;0;0;0;0;0;0;0;0;0;0;0;0;0;0;0;0;0;0;0;0;0;0;0;0;0;0;100;100;0;0;0;0;0;0;0;0;0;0;0;0;0;0;0;0;0;0;0;0;0;0;0;0;0;0;0;100;0;0;0;0;0;0;0;0;0;100;100;0;0;0;0;;;;;
6_1999;0.00;0;0;100;100;100;0;0;0;100;0;0;100;0;0;0;0;100;100;0;0;0;0;0;0;0;100;0;0;0;0;0;0;0;0;0;0;0;100;0;0;100;0;0;0;0;100;0;100;0;0;0;0;0;0;0;0;0;0;0;0;0;0;0;100;0;100;0;0;0;0;100;0;0;100;100;0;0;0;0;0;0;0;0;0;0;0;0;100;0;100;0;0;100;0;0;0;0;0;0;0;0;100;100;0;0;0;0;100;0;0;0;0;0;0;0;0;0;0;0;0;0;0;100;0;0;0;0;0;0;0;0;0;0;0;0;0;0;0;0;0;0;0;0;0;0;0;0;0;0;100;0;100;0;0;0;0;0;100;0;100;0;0;0;0;0;100;0;0;0;0;100;0;100;0;0;0;0;100;100;0;0;0;0;0;0;0;0;0;0;0;0;100;100;0;100;0;0;0;0;100;100;0;0;0;0;0;0;0;0;0;0;0;0;0;0;0;0;0;0;0;0;0;0;0;0;0;0;0;0;0;0;0;0;0;0;0;0;0;0;0;0;0;0;0;0;0;0;0;0;100;100;0;0;0;0;0;0;0;0;0;0;0;0;0;0;0;0;0;0;0;0;0;0;0;0;0;0;0;100;0;0;0;0;0;0;0;0;0;100;100;0;0;0;0;;;;;
7_1999;0.00;0;0;100;100;100;0;0;0;100;0;0;0;0;0;0;0;100;100;0;0;0;0;0;0;0;100;0;0;0;0;0;0;0;0;0;0;0;100;0;0;100;0;0;0;0;100;0;100;0;0;0;0;0;0;0;0;0;0;0;0;0;0;0;100;0;100;0;0;0;0;100;0;0;100;100;0;0;0;0;0;0;0;0;0;0;0;0;100;0;100;0;0;100;0;0;0;0;0;0;0;0;100;100;0;0;0;0;100;0;0;0;0;0;0;0;0;0;0;0;0;0;0;100;0;0;0;0;0;0;0;0;0;0;0;0;0;0;0;0;0;0;0;0;0;0;0;0;0;0;100;0;100;0;0;0;0;0;100;0;100;0;0;0;0;0;100;0;0;0;0;100;0;100;0;0;0;0;100;100;0;0;0;0;0;0;0;0;0;0;0;0;100;100;0;100;0;0;0;0;100;100;0;0;0;0;0;0;0;0;0;0;0;0;0;0;0;0;0;0;0;0;0;0;0;0;0;0;0;0;0;0;0;0;0;0;0;0;0;0;0;0;0;0;0;0;0;0;0;0;100;100;0;0;0;0;0;0;0;0;0;0;0;0;0;0;0;0;0;0;0;0;0;0;0;0;0;0;0;100;0;0;0;0;0;0;0;0;0;100;100;0;0;0;0;;;;;
8_1999;0.00;0;0;100;100;100;0;0;0;100;0;0;100;0;0;0;0;100;100;0;0;0;0;0;0;0;100;0;0;0;0;0;0;0;0;0;0;0;100;0;0;100;0;0;0;0;100;0;100;0;0;0;0;0;0;0;0;0;0;0;0;0;0;0;100;0;100;0;0;0;0;100;0;0;100;100;0;0;0;0;0;0;0;0;0;0;0;0;100;0;100;0;0;100;0;0;0;0;0;0;0;0;100;100;0;0;0;0;100;0;0;0;0;0;0;0;0;0;0;0;0;0;0;100;0;0;0;0;0;0;0;0;0;0;0;0;0;0;0;0;0;0;0;0;0;0;0;0;0;0;100;0;0;0;0;0;0;0;100;0;100;0;0;0;0;0;100;0;0;0;0;100;0;100;0;0;0;0;100;100;0;0;0;0;0;0;0;0;0;0;0;0;100;100;0;100;0;0;0;0;100;100;0;0;0;0;0;0;0;0;0;0;0;0;0;0;0;0;0;0;0;0;0;0;0;0;0;0;0;0;0;0;0;0;0;0;0;0;0;0;0;0;0;0;0;0;0;0;0;0;100;100;0;0;0;0;0;0;0;0;0;0;0;0;0;0;0;0;0;0;0;0;0;0;0;0;0;0;0;100;0;0;0;0;0;0;0;0;0;100;100;0;0;0;0;;;;;
9_1999;0.00;100;0;100;100;100;0;0;0;100;0;0;0;0;0;0;0;100;100;100;0;0;0;0;0;0;100;0;0;0;0;0;0;0;0;0;0;0;100;0;0;100;0;0;0;0;100;0;100;0;0;0;0;0;0;0;0;0;0;0;0;0;0;0;100;0;100;0;0;0;0;100;0;0;100;100;0;0;0;0;0;0;0;0;0;0;0;0;100;0;100;0;0;100;0;0;0;0;0;0;0;0;100;100;0;0;0;0;100;0;0;0;0;0;0;0;0;0;0;0;0;0;0;100;0;0;0;0;0;0;0;0;0;0;0;0;0;0;0;0;0;0;0;0;0;0;0;0;0;0;100;0;0;0;0;0;0;0;100;0;100;0;0;0;0;0;100;0;0;0;0;100;0;100;0;0;0;0;100;100;0;0;0;0;0;0;0;0;0;0;0;0;100;100;0;100;0;0;0;0;100;100;0;0;0;0;0;0;0;0;0;0;0;0;0;0;0;0;0;0;0;0;0;0;0;0;0;0;0;0;0;0;0;0;0;0;0;0;0;0;0;0;0;0;0;0;0;0;0;0;100;100;0;0;0;0;0;0;0;0;0;0;0;0;0;0;0;0;0;0;0;0;0;0;0;0;100;0;0;100;0;0;0;0;0;0;0;0;0;100;100;0;0;0;0;;;;;
10_1999;0.00;100;0;100;0;100;0;0;0;100;0;0;0;0;0;0;0;100;100;100;0;0;0;0;0;0;100;0;0;0;0;0;0;0;0;0;0;0;100;0;0;100;0;0;0;0;100;0;100;0;0;0;0;0;0;0;0;0;0;0;0;0;0;0;100;0;100;0;0;0;0;100;0;0;100;100;0;0;0;0;0;0;0;0;0;0;0;0;100;0;100;0;0;100;0;0;0;0;0;0;0;0;100;100;0;0;0;0;100;0;0;0;0;0;0;0;0;0;0;0;0;0;0;100;0;0;0;0;0;0;0;0;0;0;0;0;0;0;0;0;0;0;0;0;0;0;0;0;0;0;100;0;0;0;0;0;0;0;100;0;100;0;0;0;0;0;100;100;0;0;0;100;0;100;0;0;0;0;100;100;0;0;0;0;0;0;0;0;0;0;0;0;100;100;0;100;0;0;0;0;100;100;0;0;0;0;0;0;0;0;0;0;0;0;0;0;0;0;0;0;0;0;0;0;0;0;0;0;0;0;0;0;0;0;0;0;0;0;0;0;0;0;0;0;0;0;0;0;0;0;100;100;0;0;0;0;0;0;0;0;0;0;0;0;0;0;0;0;0;0;0;0;0;0;0;0;100;0;0;100;0;0;0;0;0;0;0;0;0;100;100;0;0;0;0;;;;;
11_1999;0.00;100;0;100;0;100;0;0;0;0;0;0;0;0;0;0;0;100;100;100;0;0;0;0;0;0;100;0;0;0;0;0;0;0;0;0;0;0;100;0;0;100;0;0;0;0;100;0;100;0;0;0;0;0;0;0;0;0;0;0;0;0;0;0;100;0;100;0;0;0;0;100;0;0;0;100;0;0;0;0;0;0;0;0;0;0;0;0;100;0;100;0;0;100;0;0;0;0;0;0;0;0;100;100;0;0;0;0;100;0;0;0;0;0;0;0;0;0;0;0;0;0;0;100;0;0;0;0;0;0;0;0;0;0;0;0;0;0;0;0;0;0;0;0;0;0;0;0;0;0;100;0;0;0;0;0;0;0;100;0;100;0;0;0;100;0;100;100;0;0;0;100;0;0;0;0;0;0;100;100;0;0;0;0;0;0;0;0;0;0;0;0;96.66666667;100;0;100;0;0;0;0;100;100;0;0;0;0;0;0;0;0;0;0;0;0;0;0;0;0;0;0;0;0;0;0;0;0;0;0;0;0;0;0;0;0;0;0;0;0;0;0;0;0;0;0;0;0;0;0;0;0;100;100;0;0;0;0;0;0;0;0;0;0;0;0;0;0;0;0;0;0;0;0;0;0;0;0;100;0;0;100;0;0;0;0;0;0;0;0;0;100;100;0;0;0;0;;;;;
12_1999;0.00;100;0;100;0;100;0;0;0;0;0;0;0;0;0;0;0;100;100;100;0;0;0;0;0;0;100;0;0;0;0;0;0;0;0;0;0;0;100;0;0;100;0;0;0;0;100;0;100;0;0;0;0;0;0;0;0;0;0;0;0;0;0;0;100;0;100;0;0;0;0;100;0;0;100;100;0;0;0;0;0;0;0;0;0;0;0;0;100;0;100;0;0;100;0;0;0;0;0;0;0;0;100;100;0;0;0;0;100;0;0;0;0;0;0;0;0;0;0;0;0;0;0;100;0;0;0;0;0;0;0;0;0;0;0;0;0;0;0;0;0;0;0;0;0;0;0;0;0;0;100;0;100;0;0;0;0;0;100;0;100;0;0;0;100;0;100;100;0;0;0;96.77419355;0;100;0;0;0;0;100;100;0;0;0;0;0;0;0;0;0;0;0;0;100;100;0;100;0;0;0;0;100;100;0;0;0;0;0;0;0;0;0;0;0;0;0;0;0;0;0;0;0;0;0;0;0;0;0;0;0;0;0;0;0;0;0;0;0;0;0;0;0;0;0;0;0;0;0;0;0;0;100;100;0;0;0;0;0;0;0;0;0;0;0;0;0;0;0;0;0;0;0;0;0;0;0;0;100;0;0;100;0;0;0;0;0;0;0;0;0;64.51612903;100;0;0;0;0;;;;;
1_2000;0.00;100;0;0;0;100;0;0;0;100;0;0;100;0;0;0;0;100;100;100;0;6.451612903;0;0;0;0;100;0;0;0;0;0;0;0;0;0;0;0;100;0;0;100;0;0;0;0;100;0;0;0;0;0;0;0;0;0;0;0;0;0;0;0;0;0;100;0;100;0;0;0;0;100;0;0;100;100;0;0;0;0;0;0;0;0;0;0;0;0;100;0;100;0;0;100;0;0;0;0;0;0;0;0;100;100;0;0;0;0;100;0;0;0;0;0;0;0;0;0;0;0;0;0;0;3.225806452;0;0;0;0;0;0;0;0;0;0;0;0;0;0;0;0;0;0;0;0;0;0;0;0;0;0;100;0;100;0;0;0;0;0;100;0;0;0;0;0;100;0;100;100;0;0;0;100;0;100;0;0;0;0;100;100;0;0;0;0;0;0;0;0;0;0;0;0;100;100;0;100;0;0;0;0;100;100;0;0;0;0;0;0;0;0;0;0;0;0;0;0;0;0;0;0;0;0;0;0;0;0;0;0;0;0;0;0;0;0;0;0;0;0;0;0;0;0;0;0;0;0;0;0;0;0;3.225806452;3.225806452;0;0;0;0;0;0;0;0;0;0;0;0;0;0;0;0;0;0;0;0;0;0;0;0;100;0;0;100;0;0;0;0;0;0;0;0;0;3.225806452;100;0;0;0;0;;;;;
2_2000;0.00;0;0;0;0;100;0;0;0;100;0;0;100;0;0;0;0;100;100;100;0;0;0;0;0;0;100;0;0;0;0;0;0;0;0;0;0;0;100;0;0;100;0;0;0;0;100;0;100;0;0;0;0;0;0;0;0;0;0;0;0;0;0;0;100;0;100;0;0;0;0;100;0;0;100;100;0;0;0;0;0;0;0;0;0;0;0;0;100;0;100;0;0;100;0;0;0;0;0;0;0;0;100;100;0;0;0;0;100;0;0;0;0;0;0;0;0;0;0;0;0;0;0;0;0;0;0;0;0;0;0;0;0;0;0;0;0;0;0;0;0;0;0;0;0;0;0;0;0;0;100;0;100;0;0;0;0;0;100;0;0;0;0;0;100;0;100;100;0;0;0;79.31034483;0;100;0;0;0;0;100;100;0;0;0;0;0;0;0;0;0;0;0;0;100;100;0;100;0;0;0;0;100;100;0;0;0;0;0;0;0;0;0;0;0;0;0;0;0;0;0;0;0;0;0;0;0;0;0;0;0;0;0;0;0;0;0;0;0;0;0;0;0;0;0;0;0;0;0;0;0;0;0;100;0;0;0;0;0;0;0;0;0;0;0;0;0;0;0;0;0;0;0;0;0;0;0;0;100;0;0;100;0;0;0;0;0;0;0;0;0;100;100;0;0;0;0;;;;;
3_2000;0.00;0;0;0;100;100;0;0;0;100;0;0;100;0;0;0;0;100;100;100;0;0;0;0;0;0;100;0;0;0;0;0;0;0;0;0;0;0;100;0;0;100;0;0;0;0;100;0;100;0;0;0;0;0;0;0;0;0;0;0;0;0;0;0;100;0;100;0;0;0;0;100;0;0;0;100;0;0;0;0;0;0;0;0;0;0;0;0;100;0;100;0;0;100;0;0;0;0;0;0;0;0;100;100;0;0;0;0;100;0;0;0;0;0;0;0;0;0;0;0;0;0;0;100;0;0;0;0;0;0;0;0;0;0;0;0;0;0;0;0;0;0;0;0;0;0;0;0;0;0;100;0;100;0;0;0;0;0;100;0;0;0;0;0;100;0;100;100;0;0;0;100;0;100;0;0;0;0;100;100;0;0;0;0;0;0;0;0;0;0;0;0;100;100;0;100;0;0;0;0;100;100;0;0;0;0;0;0;0;0;0;0;0;0;0;0;0;0;0;0;0;0;0;0;0;0;0;0;0;0;0;0;0;0;0;0;0;0;0;0;0;0;0;0;0;0;0;0;0;0;100;100;0;0;0;0;0;0;0;0;0;0;0;0;0;0;0;0;0;0;0;0;0;0;0;0;100;0;0;100;0;0;0;0;0;0;0;0;0;100;100;0;0;0;0;;;;;
4_2000;0.00;0;0;0;100;100;0;0;0;100;0;0;100;0;0;0;0;100;100;100;0;0;0;0;0;0;100;0;0;0;0;0;0;0;0;0;0;0;100;0;0;100;0;0;0;0;100;0;100;0;0;0;0;0;0;0;0;0;0;0;0;0;0;0;100;0;100;0;0;0;0;100;0;0;0;100;0;0;0;0;0;0;0;0;0;0;0;0;100;0;100;0;0;100;0;0;0;0;0;0;0;0;100;100;0;0;0;0;100;0;0;0;0;0;0;0;0;0;0;0;0;0;0;100;0;0;0;0;0;0;0;0;0;0;0;0;0;0;0;0;0;0;0;0;0;0;0;0;0;0;100;0;100;0;0;0;0;0;100;0;0;0;0;0;0;0;100;100;0;0;0;100;0;100;0;0;0;0;100;100;0;0;0;0;0;0;0;0;0;0;0;0;100;100;0;100;0;0;0;0;100;100;0;0;0;0;0;0;0;0;0;0;0;0;0;0;0;0;0;0;0;0;0;0;0;0;0;0;0;0;0;0;0;0;0;0;0;0;0;0;0;0;0;0;0;0;0;0;0;0;100;100;0;0;0;0;0;0;0;0;0;0;0;0;0;0;0;0;0;0;0;0;0;0;0;0;100;0;0;100;0;0;0;0;0;0;0;0;0;100;100;0;0;0;0;;;;;
5_2000;0.00;0;0;0;0;100;0;0;0;0;0;0;100;0;0;0;0;100;0;100;0;0;0;0;0;0;100;0;0;0;0;0;0;0;0;0;0;0;100;0;0;100;0;0;0;0;100;0;100;0;0;0;0;0;0;0;0;0;0;0;0;0;0;0;100;0;100;0;0;0;0;100;0;0;0;100;0;0;0;0;0;0;0;0;0;0;0;0;100;0;100;0;0;100;0;0;0;0;0;0;0;0;100;100;0;0;0;0;100;0;0;0;0;0;0;0;0;0;0;0;0;0;0;100;0;0;0;0;0;0;0;0;0;0;0;0;0;0;0;0;0;0;0;0;0;0;0;0;0;0;100;0;100;0;0;0;0;0;100;0;0;0;0;0;0;0;100;0;0;0;0;100;0;100;0;0;0;0;100;100;0;0;0;0;0;0;0;0;0;0;0;0;100;100;0;100;0;0;0;0;100;100;0;0;0;0;0;0;0;0;0;0;0;0;0;0;0;0;0;0;0;0;0;0;0;0;0;0;0;0;0;0;0;0;0;0;0;0;0;0;0;0;0;0;0;0;0;0;0;0;100;100;0;0;0;0;0;0;0;0;0;0;0;0;0;0;0;0;0;0;0;0;0;0;0;0;100;0;0;100;0;0;0;0;0;0;0;0;0;100;100;0;0;0;0;;;;;
6_2000;0.00;0;0;0;0;100;0;0;0;0;0;0;0;0;0;0;0;100;0;100;0;0;0;0;0;0;100;0;0;0;0;0;0;0;0;0;0;0;100;0;0;100;0;0;0;0;100;0;0;0;0;0;0;0;0;0;0;0;0;0;0;0;0;0;100;0;100;0;0;0;0;100;0;0;0;100;0;0;0;0;0;0;0;0;0;0;0;0;100;0;100;0;0;100;0;0;0;0;0;0;0;0;100;100;0;0;0;0;100;0;0;0;0;0;0;0;0;0;0;0;0;0;0;100;0;0;0;0;0;0;0;0;0;0;0;0;0;0;0;0;0;0;0;0;0;0;0;0;0;0;100;0;100;0;0;0;0;0;100;0;0;0;0;0;0;0;100;0;0;0;0;100;0;0;0;0;0;0;100;100;0;0;0;0;0;0;0;0;0;0;0;0;100;100;0;100;0;0;0;0;100;100;0;0;0;0;0;0;0;0;0;0;0;0;0;0;0;0;0;0;0;0;0;0;0;0;0;0;0;0;0;0;0;0;0;0;0;0;0;0;0;0;0;0;0;0;0;0;0;0;100;100;0;0;0;0;0;0;0;0;0;0;0;0;0;0;0;0;0;0;0;0;0;0;0;0;100;0;0;100;0;0;0;0;0;0;0;0;0;100;100;0;0;0;0;;;;;
7_2000;0.00;0;0;0;0;100;0;0;0;0;0;0;0;0;0;0;0;100;0;100;0;0;0;0;0;0;100;0;0;0;0;0;0;0;0;0;0;0;100;0;0;100;0;0;0;0;100;0;100;0;0;0;0;0;0;0;0;0;0;0;0;0;0;0;100;0;100;0;0;0;0;100;0;0;0;100;0;0;0;0;0;0;0;0;0;0;0;0;100;0;100;0;0;100;0;0;0;0;0;0;0;0;100;100;0;0;0;0;100;0;0;0;0;0;0;0;0;0;0;0;0;0;0;100;0;0;0;0;0;0;0;0;0;0;0;0;0;0;0;0;0;0;0;0;0;0;0;0;0;0;100;0;100;0;0;0;0;0;100;0;0;0;0;0;0;0;100;0;0;0;0;100;0;100;0;0;0;0;0;100;0;0;0;0;0;0;0;0;0;0;0;0;100;100;0;100;0;0;0;0;100;100;0;0;0;0;0;0;0;0;0;0;0;0;0;0;0;0;0;0;0;0;0;0;0;0;0;0;0;0;0;0;0;0;0;0;0;0;0;0;0;0;0;0;0;0;0;0;0;0;100;100;0;0;0;0;0;0;0;0;0;0;0;0;0;0;0;0;0;0;0;0;0;0;0;0;100;0;0;100;0;0;0;0;0;0;0;0;0;100;100;0;0;0;0;;;;;
8_2000;0.00;0;0;0;0;100;0;0;0;0;0;0;0;0;0;0;0;100;0;100;0;0;0;0;0;0;100;0;0;0;0;0;0;0;0;0;0;0;100;0;0;100;0;0;0;0;100;0;0;0;0;0;0;0;0;0;0;0;0;0;0;0;0;0;100;0;100;0;0;0;0;100;0;0;0;100;0;0;0;0;0;0;0;0;0;0;0;0;100;0;100;0;0;100;0;0;0;0;0;0;0;0;100;100;0;0;0;0;100;0;0;0;0;0;0;0;0;0;0;0;0;0;0;100;0;0;0;0;0;0;0;0;0;0;0;0;0;0;0;0;0;0;0;0;0;0;0;0;0;0;100;0;100;0;0;0;0;0;100;0;0;0;0;0;100;0;100;100;0;0;0;100;0;100;0;0;0;0;100;100;25.80645161;0;0;0;0;0;0;0;0;0;0;0;100;100;0;100;0;0;0;0;100;100;3.225806452;0;0;0;0;0;0;0;0;0;0;0;0;0;0;0;0;0;0;0;0;0;0;0;0;0;0;0;0;0;0;0;0;0;0;0;0;0;0;0;0;0;0;0;0;0;0;0;100;100;0;0;0;0;0;0;0;0;0;0;0;0;0;0;0;0;0;0;0;0;0;0;0;0;100;0;0;100;0;0;0;0;0;0;0;0;0;100;100;0;0;0;0;;;;;
9_2000;0.00;0;0;0;0;100;0;0;0;0;0;0;0;0;0;0;0;100;0;100;80;0;0;0;0;0;100;0;0;0;0;0;0;0;0;0;0;0;100;0;0;100;0;0;0;0;100;0;0;0;0;0;0;0;0;0;0;0;0;0;0;0;0;0;100;0;100;0;0;0;0;100;0;0;0;100;0;0;0;0;0;0;0;0;0;0;0;0;100;0;100;0;0;100;0;0;0;0;0;0;0;0;100;100;0;0;0;0;100;86.66666667;0;0;0;0;0;0;0;0;0;0;0;0;0;100;0;0;0;0;0;0;0;0;0;0;0;0;0;0;0;0;0;0;0;0;0;0;0;0;0;0;100;0;100;0;0;0;0;0;100;0;0;0;0;0;100;0;100;0;0;0;0;100;0;100;0;0;0;0;0;100;100;0;0;0;0;0;0;0;0;0;0;0;100;100;0;100;0;0;0;0;100;100;100;0;0;0;0;0;0;0;0;0;0;0;0;0;0;0;0;0;0;0;0;0;0;0;0;0;0;0;0;0;0;0;0;0;0;0;0;0;0;0;0;0;0;0;0;0;0;0;100;100;0;0;0;0;0;0;0;0;0;0;0;0;0;0;0;0;0;0;0;0;0;0;0;0;100;0;0;100;0;0;0;0;0;0;0;0;0;100;100;0;0;0;0;;;;;
10_2000;0.00;0;0;0;0;100;0;0;0;0;0;0;0;0;0;0;0;100;0;100;100;0;0;0;0;0;100;0;0;0;0;0;0;0;0;0;0;0;100;0;0;100;0;0;0;0;100;0;0;0;0;0;0;0;0;0;0;0;0;0;0;0;0;0;100;0;100;0;0;0;0;100;0;0;100;100;0;0;0;0;0;0;0;0;0;0;0;0;100;0;100;0;0;100;0;0;0;0;0;0;0;0;100;100;0;0;0;0;100;100;0;0;0;0;0;0;0;0;0;0;0;0;0;100;0;0;0;0;0;0;0;0;0;0;0;0;0;0;0;0;0;0;0;0;0;0;0;0;0;0;100;0;100;0;0;0;0;0;100;0;0;0;0;0;100;0;100;100;0;0;0;100;0;100;0;0;0;0;100;100;100;0;0;0;0;0;0;0;0;0;0;0;100;100;0;100;0;0;0;0;100;100;100;0;0;0;0;0;0;0;0;0;0;0;0;0;0;0;0;0;0;0;0;0;0;0;0;0;0;0;0;0;0;0;0;0;0;0;0;0;0;0;0;0;0;0;0;0;0;0;100;100;0;0;0;0;0;0;0;0;0;0;0;0;0;0;0;0;0;0;0;0;0;0;0;0;100;0;0;100;0;0;0;0;0;0;0;0;0;100;100;0;0;0;0;;;;;
11_2000;0.00;0;0;0;0;0;0;0;0;100;0;0;0;0;0;0;0;100;100;100;100;0;0;0;0;0;100;0;0;0;0;0;0;0;0;0;0;0;100;0;0;100;0;0;0;0;96.66666667;0;0;0;0;0;0;0;0;0;0;0;0;0;0;0;0;0;100;0;100;0;0;0;0;100;0;0;0;100;0;0;0;0;0;0;0;0;0;0;0;0;100;0;100;0;0;100;0;0;0;0;0;0;0;0;100;100;0;0;0;0;100;100;0;0;0;0;0;0;0;0;0;0;0;0;0;100;0;0;0;0;0;0;0;0;0;0;0;0;0;0;0;0;0;0;0;0;0;0;0;0;0;0;100;0;100;0;0;0;0;0;100;0;0;0;0;0;100;0;100;100;0;0;0;100;0;0;0;0;0;0;100;100;100;0;0;0;0;0;0;0;0;0;0;0;100;100;0;100;0;0;0;0;100;100;100;0;0;0;0;0;0;0;0;0;0;0;0;0;0;0;0;0;0;0;0;0;0;0;0;0;0;0;0;0;0;0;0;0;0;0;0;0;0;0;0;0;0;0;0;0;0;0;100;100;0;0;0;0;0;0;0;0;0;0;0;0;0;0;0;0;0;0;0;0;0;0;0;0;100;0;0;100;0;0;0;0;0;0;0;0;0;100;100;0;0;0;0;;;;;
12_2000;0.00;0;0;0;0;0;0;0;0;0;0;0;0;0;0;0;0;100;100;100;100;0;0;0;0;0;100;0;0;0;0;0;0;0;0;0;0;0;100;0;0;100;0;0;0;0;100;0;0;0;0;0;0;0;0;0;0;0;0;0;0;0;0;0;0;0;100;0;0;0;0;0;0;0;0;100;0;0;0;0;0;0;0;0;0;0;0;0;100;0;100;0;0;100;0;0;0;0;0;0;0;0;100;100;0;0;0;0;100;100;0;0;0;0;0;0;0;0;0;0;0;0;0;100;0;0;0;0;0;0;0;0;0;0;0;0;0;0;0;0;0;0;0;0;0;0;0;0;0;0;100;0;100;0;0;0;0;0;100;0;0;0;0;0;100;0;100;100;0;0;0;100;0;100;0;0;0;0;100;100;100;0;0;0;0;0;0;0;0;0;0;0;100;100;0;100;0;0;0;0;100;100;100;0;0;0;0;0;0;0;0;0;0;0;0;0;0;0;0;0;0;0;0;0;0;0;0;0;0;0;0;0;0;0;0;0;0;0;0;0;0;0;0;0;0;0;0;0;0;0;100;100;0;0;0;0;0;0;0;0;0;0;0;0;0;0;0;0;0;0;0;0;0;0;0;0;100;0;0;0;0;0;0;0;0;0;0;0;0;100;100;0;0;0;0;;;;;
1_2001;0.00;0;0;0;0;0;0;0;0;0;0;0;0;0;0;0;0;100;100;100;100;0;0;0;0;0;100;0;0;0;0;0;0;0;0;0;0;0;100;0;0;100;0;0;0;0;100;0;0;0;0;0;0;0;0;0;0;0;0;0;0;0;0;0;0;0;100;0;0;0;0;0;0;0;0;100;0;0;0;0;0;0;0;0;0;0;0;0;100;0;100;0;0;100;0;0;0;0;0;0;0;0;100;100;0;0;0;0;100;100;0;0;0;0;0;0;0;0;0;0;0;0;0;100;0;0;0;0;0;0;0;0;0;0;0;0;0;0;0;0;0;0;0;0;0;0;0;0;0;0;100;0;100;0;0;0;0;0;100;0;0;0;0;0;0;0;0;0;0;0;0;100;0;100;0;0;0;0;0;100;100;0;0;0;0;0;0;0;0;0;0;0;100;100;0;100;0;0;0;0;100;100;100;0;0;0;0;0;0;0;0;0;0;0;0;0;0;0;0;0;0;0;0;0;0;0;0;0;0;0;0;0;0;0;0;0;0;0;0;0;0;0;0;0;0;0;0;0;0;0;100;100;0;0;0;0;0;0;0;0;0;0;0;0;0;0;0;0;0;0;0;0;0;0;0;0;100;0;0;0;0;0;0;0;0;0;0;0;0;100;100;0;0;0;0;;;;;
2_2001;0.00;0;0;0;0;0;0;0;0;0;0;0;0;0;0;0;0;100;100;0;100;0;0;0;0;0;100;0;0;0;0;0;0;0;0;0;0;0;100;0;0;100;0;0;0;0;100;0;0;0;0;0;0;0;0;0;0;0;0;0;0;0;0;0;0;0;100;0;0;0;0;0;0;0;0;100;0;0;0;0;0;0;0;0;0;0;0;0;100;0;100;0;0;100;0;0;0;0;0;0;0;0;100;100;0;0;0;0;100;100;0;0;0;0;0;0;0;0;0;0;0;0;0;85.71428571;0;0;0;0;0;0;0;0;0;0;0;0;0;0;0;0;0;0;0;0;0;0;0;0;0;0;100;0;0;0;0;0;0;0;100;0;0;0;0;0;0;0;0;0;0;0;0;100;0;0;0;0;0;0;0;100;100;0;0;0;0;0;0;0;0;0;0;0;96.42857143;100;0;100;0;0;0;0;100;100;100;0;0;0;0;0;0;0;0;0;0;0;0;0;0;0;0;0;0;0;0;0;0;0;0;0;0;0;0;0;0;0;0;0;0;0;0;0;0;0;0;0;0;0;0;0;0;0;100;100;0;0;0;0;0;0;0;0;0;0;0;0;0;0;0;0;0;0;0;0;0;0;0;0;100;0;0;0;0;0;0;0;0;0;0;0;0;100;100;0;0;0;0;;;;;
3_2001;0.00;0;0;0;0;0;0;0;0;0;0;0;0;0;0;0;0;100;100;0;100;0;0;0;0;0;100;0;0;0;0;0;0;0;0;0;0;0;100;0;0;100;0;0;0;0;100;0;0;0;0;0;0;0;0;0;0;0;0;0;0;0;0;0;0;0;100;0;0;0;0;0;0;0;0;100;0;0;0;0;0;0;0;0;0;0;0;0;100;0;100;0;0;100;0;0;0;0;0;0;0;0;100;100;0;0;0;0;100;100;0;0;0;0;0;0;0;0;0;0;0;0;0;100;0;0;0;0;0;0;0;0;0;0;0;0;0;0;0;0;0;0;0;0;0;0;0;0;0;0;100;0;0;0;0;0;0;0;100;0;0;0;0;0;0;0;0;0;0;0;0;100;0;0;0;0;0;0;0;100;100;0;0;0;0;0;0;0;0;0;0;0;100;100;0;100;0;0;0;0;100;100;100;0;0;0;0;0;0;0;0;0;0;0;0;0;0;0;0;0;0;0;0;0;0;0;0;0;0;0;0;0;0;0;0;0;0;0;0;0;0;0;0;0;0;0;0;0;0;0;100;100;0;0;0;0;0;0;0;0;0;0;0;0;0;0;0;0;0;0;0;0;0;0;0;0;0;0;0;0;0;0;0;0;0;0;0;0;0;100;100;0;0;0;0;;;;;
4_2001;0.00;0;0;0;0;0;0;0;0;0;0;0;0;0;0;0;0;100;100;0;100;0;0;0;0;0;100;0;0;0;0;0;0;0;0;0;0;0;100;0;0;100;0;0;0;0;100;0;0;0;0;0;0;0;0;0;0;0;0;0;0;0;0;0;0;0;100;0;0;0;0;0;0;0;0;100;0;0;0;0;0;0;0;0;0;0;0;0;100;0;100;0;0;100;0;0;0;0;0;0;0;0;100;100;0;0;0;0;100;100;0;0;0;0;0;0;0;0;0;0;0;0;0;100;0;0;0;0;0;0;0;0;0;0;0;0;0;0;0;0;0;0;0;0;0;0;0;0;0;0;100;0;0;0;0;0;0;0;100;0;0;0;0;0;0;0;0;0;0;0;0;100;0;0;0;0;0;0;0;100;100;0;0;0;0;0;0;0;0;0;0;0;100;100;0;100;0;0;0;0;100;100;100;0;0;0;0;0;0;0;0;0;0;0;0;0;0;0;0;0;0;0;0;0;0;0;0;0;0;0;0;0;0;0;0;0;0;0;0;0;0;0;0;0;0;0;0;0;0;0;100;100;0;0;0;0;0;0;0;0;0;0;0;0;0;0;0;0;0;0;0;0;0;0;0;0;0;0;0;0;0;0;0;0;0;0;0;0;0;100;100;0;0;0;0;;;;;
5_2001;0.00;0;0;0;0;0;0;0;0;0;0;0;0;0;0;0;0;100;100;0;100;0;0;0;0;0;100;0;0;0;0;0;0;0;0;0;0;0;100;0;0;100;0;0;0;0;100;0;0;0;0;0;0;0;0;0;0;0;0;0;0;0;0;0;0;0;100;0;0;0;0;0;0;0;0;100;0;0;0;0;0;0;0;0;0;0;0;0;100;0;100;0;0;100;0;0;0;0;0;0;0;0;100;100;0;0;0;0;100;100;0;0;0;0;0;0;0;0;0;0;0;0;0;100;0;0;0;0;0;0;0;0;0;0;0;0;0;0;0;0;0;0;0;0;0;0;0;0;0;0;100;0;0;0;0;0;0;0;100;0;0;0;0;0;0;0;0;0;0;0;0;100;0;0;0;0;0;0;0;100;100;0;0;0;0;0;0;0;0;0;0;0;100;100;0;100;0;0;0;0;100;100;100;0;0;0;0;0;0;0;0;0;0;0;0;0;0;0;0;0;0;0;0;0;0;0;0;0;0;0;0;0;0;0;0;0;0;0;0;0;0;0;0;0;0;0;0;0;0;0;100;100;0;0;0;0;0;0;0;0;0;0;0;0;0;0;0;0;0;0;0;0;0;0;0;0;0;0;0;0;0;0;0;0;0;0;0;0;0;100;100;0;0;0;0;;;;;
6_2001;0.00;0;0;0;0;0;0;0;0;0;0;0;0;0;0;0;0;0;0;0;100;0;0;0;0;0;100;0;0;0;0;0;0;0;0;0;0;0;100;0;0;100;0;0;0;0;100;0;0;0;0;0;0;0;0;0;0;0;0;0;0;0;0;0;0;0;100;0;0;0;0;0;0;0;0;100;0;0;0;0;0;0;0;0;0;0;0;0;100;0;100;0;0;100;0;0;0;0;0;0;0;0;100;100;0;0;0;0;100;100;0;0;0;0;0;0;0;0;0;0;0;0;0;100;0;0;0;0;0;0;0;0;0;0;0;0;0;0;0;0;0;0;0;0;0;0;0;0;0;0;100;0;0;0;0;0;0;0;100;0;0;0;0;0;0;0;0;0;0;0;0;100;0;0;0;0;0;0;0;100;100;0;0;0;0;0;0;0;0;0;0;0;100;100;0;100;0;0;0;0;100;100;100;0;0;0;0;0;0;0;0;0;0;0;0;0;0;0;0;0;0;0;0;0;0;0;0;0;0;0;0;0;0;0;0;0;0;0;0;0;0;0;0;0;0;0;0;0;0;0;100;100;0;0;0;0;0;0;0;0;0;0;0;0;0;0;0;0;0;0;0;0;0;0;0;0;0;0;0;0;0;0;0;0;0;0;0;0;0;100;100;0;0;0;0;;;;;
7_2001;0.00;0;0;0;0;0;0;0;0;0;0;0;0;0;0;0;0;0;0;0;100;0;0;0;0;0;100;0;0;0;0;0;0;0;0;0;0;0;100;0;0;100;0;0;0;0;100;0;0;0;0;0;0;0;0;0;0;0;0;0;0;0;0;0;0;0;100;0;0;0;0;0;0;0;0;100;0;0;0;0;0;0;0;0;0;0;0;0;100;0;100;0;0;100;0;0;0;0;0;0;0;0;100;100;0;0;0;0;100;100;0;0;0;0;0;0;0;0;0;0;0;0;0;100;0;0;0;0;0;0;0;0;0;0;0;0;0;0;0;0;0;0;0;0;0;0;0;0;0;0;100;0;0;0;0;0;0;0;100;0;0;0;0;0;0;0;0;0;0;0;0;100;0;0;0;0;0;0;0;100;100;0;0;0;0;0;0;0;0;0;0;0;100;100;0;100;0;0;0;0;100;100;100;0;0;0;0;0;0;0;0;0;0;0;0;0;0;0;0;0;0;0;0;0;0;0;0;0;0;0;0;0;0;0;0;0;0;0;0;0;0;0;0;0;0;0;0;0;0;0;100;100;0;0;0;0;0;0;0;0;0;0;0;0;0;0;0;0;0;0;0;0;0;0;0;0;0;0;0;0;0;0;0;0;0;0;0;0;0;100;100;0;0;0;0;;;;;
8_2001;0.00;0;0;0;0;0;0;0;0;0;0;0;0;0;0;0;0;0;0;0;100;0;0;0;0;0;100;0;0;0;0;0;0;0;0;0;0;0;100;0;0;100;0;0;0;0;100;0;0;0;0;0;0;0;0;0;0;0;0;0;0;0;0;0;0;0;100;0;0;0;0;0;0;0;0;100;0;0;0;0;0;0;0;0;0;0;0;0;100;0;100;0;0;100;0;0;0;0;0;0;0;0;100;100;0;0;0;0;100;100;0;0;0;0;0;0;0;0;0;0;0;0;0;100;0;0;0;0;0;0;0;0;0;0;0;0;0;0;0;0;0;0;0;0;0;0;0;0;0;0;100;0;0;0;0;0;0;0;100;0;0;0;0;0;0;0;0;0;0;0;0;100;0;0;0;0;0;0;0;100;100;0;0;0;0;0;0;0;0;0;0;0;100;100;0;100;0;0;0;0;100;100;100;0;0;0;0;0;0;0;0;0;0;0;3.225806452;0;0;0;0;0;0;0;0;0;0;0;0;0;0;0;0;0;0;0;0;0;0;0;0;0;0;0;0;0;0;0;0;0;0;0;100;100;0;0;0;0;0;0;0;0;0;0;0;0;0;0;0;0;0;0;0;0;0;0;0;0;0;0;0;0;0;0;0;0;0;0;0;0;0;100;100;0;0;0;0;;;;;
9_2001;0.00;0;0;0;0;0;0;0;0;0;0;0;0;0;0;0;0;0;0;0;100;0;0;0;0;0;100;0;0;0;0;0;0;0;0;0;0;0;100;0;0;100;0;0;0;0;100;0;0;0;0;0;0;0;0;0;0;0;0;0;0;0;0;0;0;0;100;0;0;0;0;0;0;0;0;100;0;0;0;0;0;0;0;0;0;0;0;0;100;0;100;0;0;100;0;0;0;0;0;0;0;0;100;100;0;0;0;0;100;100;0;0;0;0;0;0;0;0;0;0;0;0;0;100;0;0;0;0;0;0;0;0;0;0;0;0;0;0;0;0;0;0;0;0;0;0;0;0;0;0;100;0;0;0;0;0;0;0;100;0;0;0;0;0;0;0;0;0;0;0;0;100;0;0;0;0;0;0;0;100;100;0;0;0;0;0;0;0;0;0;0;0;100;100;0;100;0;0;0;0;100;100;100;0;0;0;0;0;0;0;0;0;0;0;0;0;0;0;0;0;0;0;0;0;0;0;0;0;0;0;0;0;0;0;0;0;0;0;0;0;0;0;0;0;0;0;0;0;0;0;100;100;0;0;0;0;0;0;0;0;0;0;0;0;0;0;0;0;0;0;0;0;0;0;0;0;0;0;0;0;0;0;0;0;0;0;0;0;0;100;100;0;0;0;0;;;;;
10_2001;0.00;0;0;0;0;0;0;0;0;0;0;0;0;0;0;0;0;0;0;0;100;0;0;0;0;0;100;0;0;0;0;0;0;0;0;0;0;0;100;0;0;100;0;0;0;0;100;0;0;0;0;0;0;0;0;0;0;0;0;0;0;0;0;0;0;0;100;0;0;0;0;0;0;0;0;100;0;0;0;0;0;0;0;0;0;0;0;0;100;0;100;0;0;100;0;0;0;0;0;0;0;0;100;100;0;0;0;0;100;100;0;0;0;0;0;0;0;0;0;0;0;0;0;100;0;0;0;0;0;0;0;0;0;0;0;0;0;0;0;0;0;0;0;0;0;0;0;0;0;0;100;0;0;0;0;0;0;0;100;0;0;0;0;0;0;0;0;0;0;0;0;100;0;0;0;0;0;0;0;100;100;0;0;0;0;0;0;0;0;0;0;0;93.5483871;100;0;100;0;0;0;0;100;100;100;0;0;0;0;0;0;0;0;0;0;0;0;0;0;0;0;0;0;0;0;0;0;0;0;0;0;0;0;0;0;0;0;0;0;0;0;0;0;0;0;0;0;0;0;0;0;0;100;100;0;0;0;0;0;0;0;0;0;0;0;0;0;0;0;0;0;0;0;0;0;0;0;0;0;0;0;0;0;0;0;0;0;0;0;0;0;100;100;0;0;0;0;;;;;
11_2001;0.00;0;0;0;0;0;0;0;0;0;0;0;0;0;0;0;0;0;0;0;100;0;0;0;0;0;100;0;0;0;0;0;0;0;0;0;0;0;100;0;0;100;0;0;0;0;100;0;0;0;0;0;0;0;0;0;0;0;0;0;0;0;0;0;0;0;100;0;0;0;0;0;0;0;0;100;0;0;0;0;0;0;0;0;0;0;0;0;100;0;100;0;0;100;0;0;0;0;0;0;0;0;100;100;0;0;0;0;100;100;0;0;0;0;3.333333333;0;0;0;0;0;0;0;0;100;0;0;0;0;0;0;0;0;0;0;0;0;0;0;0;0;0;0;0;0;0;0;0;0;0;0;100;0;0;0;0;0;0;0;100;0;0;0;0;0;0;0;0;0;0;0;0;100;0;0;0;0;0;0;0;100;100;0;0;0;0;0;0;0;0;0;0;0;93.33333333;100;0;100;0;0;0;0;100;100;100;0;0;0;0;0;0;0;0;0;0;0;0;0;0;0;0;0;0;0;0;0;0;0;0;0;0;0;0;0;0;0;0;0;0;0;0;0;0;0;0;0;0;0;0;0;0;0;100;100;0;0;0;0;0;0;0;0;0;0;0;0;0;0;0;0;0;0;0;0;0;0;0;0;0;0;0;0;0;0;0;0;0;0;0;0;0;100;100;0;0;0;0;;;;;
12_2001;0.00;0;0;0;0;0;0;0;0;0;0;0;0;0;0;0;0;0;0;0;100;0;0;0;0;0;100;0;0;0;0;0;0;0;0;0;0;0;100;0;0;100;0;0;0;0;100;0;0;0;0;0;0;0;0;0;0;0;0;0;0;0;0;0;0;0;100;0;0;0;0;0;0;0;0;100;0;0;0;0;0;0;0;0;0;0;0;0;100;0;100;0;0;100;0;0;0;0;0;0;0;0;100;100;0;0;0;0;100;100;0;0;0;0;0;0;0;0;0;0;0;0;0;100;0;0;0;0;0;0;0;0;0;0;0;0;0;0;0;0;0;0;0;0;0;0;0;0;0;0;100;0;0;0;0;0;0;0;100;0;0;0;0;0;0;0;0;0;0;0;0;100;0;0;0;0;0;0;0;100;100;0;0;0;0;0;0;0;0;0;0;0;96.77419355;100;0;100;0;0;0;0;96.77419355;100;100;0;0;0;0;0;0;0;0;0;0;0;0;0;0;0;0;0;0;0;0;0;0;0;0;0;0;0;0;0;0;0;0;0;0;0;0;0;0;0;0;0;0;0;0;0;0;0;100;100;0;0;0;0;0;0;0;0;0;0;0;0;0;0;0;0;0;0;0;0;0;0;0;0;0;0;0;0;0;0;0;0;0;0;0;0;0;100;100;0;0;0;0;;;;;
1_2002;0.00;0;0;0;0;0;0;0;0;0;0;0;0;0;0;0;0;0;0;0;100;0;0;0;0;0;100;0;0;0;0;0;0;0;0;0;0;0;100;0;0;100;0;0;0;0;100;0;0;0;0;0;0;0;0;0;0;0;0;0;0;0;0;0;0;0;100;0;0;0;0;0;0;0;0;100;0;0;0;0;0;0;0;0;0;0;0;0;100;0;100;0;0;100;0;0;0;0;0;0;0;0;100;100;0;0;0;0;100;100;0;0;0;0;0;0;0;0;0;0;0;0;0;100;0;0;0;0;0;0;0;0;0;0;0;0;0;0;0;0;0;0;0;0;0;0;0;0;0;0;100;0;0;0;0;0;0;0;100;0;0;0;0;0;0;0;0;0;0;0;0;100;0;0;0;0;0;0;0;100;100;0;0;0;0;0;0;0;0;0;0;0;100;100;0;100;0;0;0;0;100;100;100;0;0;0;0;0;0;0;0;0;0;0;0;0;0;0;0;0;0;0;0;0;0;0;0;0;0;0;0;0;0;0;0;0;0;0;0;0;0;0;0;0;0;0;0;0;0;0;100;100;0;0;0;0;0;0;0;0;0;0;0;0;0;0;0;0;0;0;0;0;0;0;0;0;0;0;0;0;0;0;0;0;0;0;0;0;0;100;100;0;0;0;0;;;;;
2_2002;0.00;0;0;0;0;0;0;0;0;0;0;0;0;0;0;0;0;0;0;0;100;0;0;0;0;0;100;0;0;0;0;0;0;0;0;0;0;0;100;0;0;100;0;0;0;0;100;0;0;0;0;0;0;0;0;0;0;0;0;0;0;0;0;0;0;0;100;0;0;0;0;0;0;0;0;100;0;0;0;0;0;0;0;0;0;0;0;0;100;0;100;0;0;100;0;0;0;0;0;0;0;0;100;100;0;0;0;0;100;100;0;0;0;0;0;0;0;0;0;0;0;0;0;100;0;0;0;0;0;0;0;0;0;0;0;0;0;0;0;0;0;0;0;0;0;0;0;0;0;0;100;0;0;0;0;0;0;0;100;0;0;0;0;0;0;0;0;0;0;0;0;100;0;0;0;0;0;0;0;100;100;0;0;0;0;0;0;0;0;0;0;0;100;100;0;100;0;0;0;0;100;100;100;0;0;0;0;0;0;0;0;0;0;0;0;0;0;0;0;0;0;0;0;0;0;0;0;0;0;0;0;0;0;0;0;0;0;0;0;0;0;0;0;0;0;0;0;0;0;0;100;100;0;0;0;0;0;0;0;0;0;0;0;0;0;0;0;0;0;0;0;0;0;0;0;0;0;0;0;0;0;0;0;0;0;0;0;0;0;100;100;0;0;0;0;;;;;
3_2002;0.00;0;0;0;0;0;0;0;0;0;0;0;0;0;0;0;0;0;0;0;100;0;0;0;0;0;100;0;0;0;0;0;0;0;0;0;0;0;100;0;0;100;0;0;0;0;100;0;0;0;0;0;0;0;0;0;0;0;0;0;0;0;0;0;0;0;100;0;0;0;0;0;0;0;0;100;0;0;0;0;0;0;0;0;0;0;0;0;100;0;100;0;0;100;0;0;0;0;0;0;0;0;100;100;0;0;0;0;100;100;0;0;0;0;0;0;0;0;0;0;0;0;0;100;0;0;0;0;0;0;0;0;0;0;0;0;0;0;0;0;0;0;0;0;0;0;0;0;0;0;100;0;0;0;0;0;0;0;100;0;0;0;0;0;0;0;0;0;0;0;0;100;0;0;0;0;0;0;0;100;100;0;0;0;0;0;0;0;0;0;0;0;100;100;0;100;0;0;0;0;100;100;100;0;0;0;0;0;0;0;0;0;0;0;0;0;0;0;0;0;0;0;0;0;0;0;0;0;0;0;0;0;0;0;0;0;0;0;0;0;0;0;0;0;0;0;0;0;0;0;100;100;0;0;0;0;0;0;0;0;0;0;0;0;0;0;0;0;0;0;0;0;0;0;0;0;0;0;0;0;0;0;0;0;0;0;0;0;0;100;100;0;0;0;0;;;;;
4_2002;0.00;0;0;0;0;0;0;0;0;0;0;0;0;0;0;0;0;0;0;0;100;0;0;0;0;0;100;0;0;0;0;0;0;0;0;0;0;0;100;0;0;100;0;0;0;0;100;0;0;0;0;0;0;0;0;0;0;0;0;0;0;0;0;0;0;0;100;0;0;0;0;0;0;0;0;100;0;0;0;0;0;0;0;0;0;0;0;0;100;0;100;0;0;100;0;0;0;0;0;0;0;0;100;100;0;0;0;0;26.66666667;100;0;0;0;0;0;0;0;0;0;0;0;0;0;100;0;0;0;0;0;0;0;0;0;0;0;0;0;0;0;0;0;0;0;0;0;0;0;0;0;0;100;0;0;0;0;0;0;0;100;0;0;0;0;0;0;0;0;0;0;0;0;100;0;0;0;0;0;0;0;100;100;0;0;0;0;0;0;0;0;0;0;0;100;100;0;100;0;0;0;0;100;100;100;0;0;0;0;0;0;0;0;0;0;0;0;0;0;0;0;0;0;0;0;0;0;0;0;0;0;0;0;0;0;0;0;0;0;0;0;0;0;0;0;0;0;0;0;0;0;0;100;100;0;0;0;0;0;0;0;0;0;0;0;0;0;0;0;0;0;0;0;0;0;0;0;0;0;0;0;0;0;0;0;0;0;0;0;0;0;100;100;0;0;0;0;;;;;
5_2002;0.00;0;0;0;0;0;0;0;0;0;0;0;0;0;0;0;0;0;0;0;100;0;0;0;0;0;100;0;0;0;0;0;0;0;0;0;0;0;100;0;0;100;0;0;0;0;100;0;0;0;0;0;0;0;0;0;0;0;0;0;0;0;0;0;0;0;100;0;0;0;0;0;0;0;0;100;0;0;0;0;0;0;0;0;0;0;0;0;100;0;100;0;0;100;0;0;0;0;0;0;0;0;100;100;0;0;0;0;3.225806452;100;0;0;0;0;0;0;0;0;0;0;0;0;0;100;0;0;0;0;0;0;0;0;0;0;0;0;0;0;0;0;0;0;0;0;0;0;0;0;0;0;100;0;0;0;0;0;0;0;100;0;0;0;0;0;0;0;0;0;0;0;0;100;0;0;0;0;0;0;0;100;100;0;0;0;0;0;0;0;0;0;0;0;100;100;0;100;0;0;0;0;100;100;100;0;0;0;0;0;0;0;0;0;0;0;0;0;0;0;0;0;0;0;0;0;0;0;0;0;0;0;0;0;0;0;0;0;0;0;0;0;0;0;0;0;0;0;0;0;0;0;100;100;0;0;0;0;0;0;0;0;0;0;0;0;0;0;0;0;0;0;0;0;0;0;0;0;0;0;0;0;0;0;0;0;0;0;0;0;0;100;100;0;0;0;0;;;;;
6_2002;0.00;0;0;0;0;0;0;0;0;0;0;0;0;0;0;0;0;0;0;0;100;0;0;0;0;0;100;0;0;0;0;0;0;0;0;0;0;0;100;0;0;100;0;0;0;0;100;0;0;0;0;0;0;0;0;0;0;0;0;0;0;0;0;0;0;0;100;0;0;0;0;0;0;0;0;100;0;0;0;0;0;0;0;0;0;0;0;0;100;0;100;0;0;100;0;0;0;0;0;0;0;0;100;100;0;0;0;0;100;100;0;0;0;0;0;0;0;0;0;0;0;0;0;100;0;0;0;0;0;0;0;0;0;0;0;0;0;0;0;0;0;0;0;0;0;0;0;0;0;0;100;0;0;0;0;0;0;0;100;0;0;0;0;0;0;0;0;0;0;0;0;100;0;0;0;0;0;0;0;100;100;0;0;0;0;0;0;0;0;0;0;0;100;100;0;100;0;0;0;0;100;100;100;0;0;0;0;0;0;0;0;0;0;0;0;0;0;0;0;0;0;0;0;0;0;0;0;0;0;0;0;0;0;0;0;0;0;0;0;0;0;0;0;0;0;0;0;0;0;0;100;100;0;0;0;0;0;0;0;0;0;0;0;0;0;0;0;0;0;0;0;0;0;0;0;0;0;0;0;0;0;0;0;0;0;0;0;0;0;100;100;0;0;0;0;;;;;
7_2002;0.00;0;0;0;0;0;0;0;0;0;0;0;0;0;0;0;0;0;0;0;100;0;0;0;0;0;100;0;0;0;0;0;0;0;0;0;0;0;100;0;0;100;0;0;0;0;100;0;0;0;0;0;0;0;0;0;0;0;0;0;0;0;0;0;0;0;100;0;0;0;0;0;0;0;0;100;0;0;0;0;0;0;0;0;0;0;0;0;100;0;100;0;0;100;0;0;0;0;0;0;0;0;100;100;0;0;0;0;100;100;0;0;0;0;0;0;0;0;0;0;0;0;0;100;0;0;0;0;0;0;0;0;0;0;0;0;0;0;0;0;0;0;0;0;0;0;0;0;0;0;100;0;0;0;0;0;0;0;100;0;0;0;0;0;0;0;0;0;0;0;0;100;0;0;0;0;0;0;0;100;100;0;0;0;0;0;0;0;0;0;0;0;100;100;0;100;0;0;0;0;100;100;100;0;0;0;0;0;0;0;0;0;0;0;0;0;0;0;0;0;0;0;0;0;0;0;0;0;0;0;0;0;0;0;0;0;0;0;0;0;0;0;0;0;0;0;0;0;0;0;100;100;0;0;0;0;0;0;0;0;0;0;0;0;0;0;0;0;0;0;0;0;0;0;0;0;0;0;0;0;0;0;0;0;0;0;0;0;0;100;100;0;0;0;0;;;;;
8_2002;0.00;0;0;0;0;0;0;0;0;0;0;0;0;0;0;0;0;0;0;0;100;0;0;0;0;0;100;0;0;0;0;0;0;0;0;0;0;0;100;0;0;100;0;0;0;0;100;0;0;0;0;0;0;0;0;0;0;0;0;0;0;0;0;0;0;0;100;0;0;0;0;0;0;0;0;100;0;0;0;0;0;0;0;0;0;0;0;0;100;0;100;0;0;100;0;0;0;0;0;0;0;0;100;100;0;0;0;0;100;100;0;0;0;0;0;0;0;0;0;0;0;0;0;100;0;0;0;0;0;0;0;0;0;0;0;0;0;0;0;0;0;0;0;0;0;0;0;0;0;0;100;0;0;0;0;0;0;0;100;0;0;0;0;0;0;0;0;0;0;0;0;100;0;0;0;0;0;0;0;100;100;0;0;0;0;0;0;0;0;0;0;0;100;100;0;100;0;0;0;0;100;100;100;45.16129032;0;0;0;0;0;0;0;0;0;0;0;0;0;0;0;0;0;0;0;0;0;0;0;0;0;0;0;0;0;0;0;0;0;0;0;0;0;0;0;0;0;0;0;0;0;0;100;100;0;0;0;0;0;0;0;0;0;0;0;0;0;0;0;0;0;0;0;0;0;0;0;0;0;0;0;0;0;0;0;0;0;0;0;0;0;100;100;0;0;0;0;;;;;
9_2002;0.00;0;0;0;0;0;0;0;0;0;0;0;0;0;0;0;0;0;0;0;100;0;0;0;0;0;100;0;0;0;0;0;0;0;0;0;0;0;100;0;0;100;0;0;0;0;100;0;0;0;0;0;0;0;0;0;0;0;0;0;0;0;0;0;0;0;100;0;0;0;0;0;0;0;0;100;0;0;0;0;0;0;0;0;0;0;0;0;100;0;100;0;0;100;0;0;0;0;0;0;0;0;100;100;0;0;0;0;100;100;0;0;0;0;0;0;0;0;0;0;0;0;0;100;0;0;0;0;0;0;0;0;0;0;0;0;0;0;0;0;0;0;0;0;0;0;0;0;0;0;100;0;0;0;0;0;0;0;100;0;0;0;0;0;0;0;0;0;0;0;0;100;0;0;0;0;0;0;0;100;100;0;0;0;0;0;0;0;0;0;0;0;100;100;0;100;0;0;0;0;100;100;100;100;0;0;0;0;0;0;0;0;0;0;0;0;0;0;0;0;0;0;0;0;0;0;0;0;0;0;0;0;0;0;0;0;0;0;0;0;0;0;0;0;0;0;0;0;0;0;100;100;0;0;0;0;0;0;0;0;0;0;0;0;0;0;0;0;0;0;0;0;0;0;0;0;0;0;0;0;0;0;66.66666667;0;0;0;0;0;0;100;80;0;0;0;0;;;;;
10_2002;0.00;0;0;0;0;0;0;0;0;0;0;0;0;0;0;0;0;0;0;0;100;0;0;0;0;0;100;100;0;0;0;0;0;0;0;0;0;0;100;0;0;100;0;0;0;0;100;0;0;0;0;0;0;0;0;0;0;0;0;0;0;0;0;0;0;0;100;0;0;0;0;0;0;0;0;100;0;0;0;0;0;0;0;0;0;0;0;0;100;0;100;0;0;100;0;0;0;0;0;0;0;0;100;100;0;0;0;0;100;100;0;0;0;0;0;0;0;0;0;0;0;0;0;100;0;0;0;0;0;0;0;0;0;0;0;0;0;0;0;0;0;0;0;0;0;0;0;0;0;0;100;0;0;0;0;0;0;0;100;0;0;0;0;0;0;0;0;0;0;0;0;100;0;0;0;0;0;0;0;100;100;0;0;0;0;0;0;0;0;0;0;0;100;100;0;100;0;0;0;0;100;100;100;100;0;0;0;0;0;0;0;0;0;0;0;0;0;0;0;0;0;0;0;0;0;0;0;0;0;0;0;0;0;0;0;0;0;0;0;0;0;0;0;0;0;0;0;0;0;0;100;100;0;0;0;0;0;0;0;0;0;0;0;0;0;0;0;0;0;0;0;0;0;0;0;0;0;0;0;0;0;0;100;0;0;0;0;0;0;100;3.225806452;0;0;0;0;;;;;
11_2002;0.00;0;0;0;0;0;0;0;0;0;0;0;0;0;0;0;0;0;0;0;100;0;0;0;0;0;100;100;0;0;0;0;0;0;0;0;0;0;100;0;0;100;0;0;0;0;100;0;0;0;0;0;0;0;0;0;0;0;0;0;0;0;0;0;0;0;100;0;0;0;0;0;0;0;0;100;0;0;0;0;0;0;0;0;0;0;0;0;100;0;100;0;0;100;0;0;0;0;0;0;0;0;100;100;0;0;0;0;100;100;0;0;0;0;0;0;0;0;0;0;0;0;0;100;0;0;0;0;0;0;0;0;0;0;0;0;0;0;0;0;0;0;0;0;0;0;0;0;0;0;100;0;0;0;0;0;0;0;100;0;0;0;0;0;0;0;0;0;0;0;0;100;0;0;0;0;0;0;0;100;100;0;0;0;0;0;0;0;0;0;0;0;100;100;0;100;0;0;0;0;100;100;100;100;0;0;0;0;0;0;0;0;0;0;0;0;0;0;0;0;0;0;0;0;0;0;0;0;0;0;0;0;0;0;0;0;0;0;0;0;0;0;0;0;0;0;0;0;0;0;100;100;0;0;0;0;0;0;0;0;0;0;0;0;0;0;0;0;0;0;0;0;0;0;0;0;0;0;0;0;0;0;100;0;0;0;0;0;0;100;0;0;0;0;0;;;;;
12_2002;0.00;0;0;0;0;0;0;0;0;0;0;0;0;0;0;0;0;0;0;0;100;0;0;0;0;0;100;77.41935484;0;0;0;0;0;0;0;0;0;0;100;0;0;100;0;0;0;0;100;0;0;0;0;0;0;0;0;0;0;0;0;0;0;0;0;0;0;0;100;0;0;0;0;0;0;0;0;100;0;0;0;0;0;0;0;0;0;0;0;0;100;0;100;0;0;100;0;0;0;0;0;0;0;0;100;100;0;0;0;0;100;100;0;0;0;0;0;0;0;0;0;0;0;0;0;100;0;0;0;0;0;0;0;0;0;0;0;0;0;0;0;0;0;0;0;0;0;0;0;0;0;0;100;0;0;0;0;0;0;0;100;0;0;0;0;0;0;0;0;0;0;0;0;100;0;0;0;0;0;0;0;100;100;0;0;0;0;0;0;0;0;0;0;0;100;100;0;100;0;0;0;0;100;100;100;100;0;0;0;0;0;0;0;0;0;0;0;0;0;0;0;0;0;0;0;0;0;0;0;0;0;0;0;0;0;0;0;0;0;0;0;0;0;0;0;0;0;0;0;0;0;0;100;100;0;0;0;0;0;0;0;0;0;0;0;0;0;0;0;0;0;0;0;0;0;0;0;0;0;0;0;0;100;0;100;0;0;0;0;0;0;100;64.51612903;0;0;0;0;;;;;
1_2003;0.00;0;0;0;0;0;0;0;0;0;0;0;0;0;0;0;0;0;0;0;100;0;0;0;0;0;100;100;0;0;0;0;0;0;0;0;0;0;100;0;0;100;0;0;0;0;100;0;0;0;0;0;0;0;0;0;0;0;0;0;0;0;0;0;0;0;100;0;0;0;0;0;0;0;0;100;0;0;0;0;0;0;0;0;0;0;0;0;100;0;100;0;0;100;0;0;0;0;0;0;0;0;100;100;0;0;0;0;100;100;0;0;0;0;0;0;0;0;0;0;0;0;0;100;0;0;0;0;0;0;0;0;0;0;0;0;0;0;0;0;0;0;0;0;0;0;0;0;0;0;100;0;0;0;0;0;0;0;100;0;0;0;0;0;0;0;0;0;0;0;0;100;0;0;0;0;0;0;0;100;100;100;0;0;0;0;0;0;0;0;0;0;100;100;0;100;0;0;0;0;100;100;100;100;0;0;0;0;0;0;0;0;0;0;0;0;0;0;0;0;0;0;0;0;0;0;0;0;0;0;0;0;0;0;0;0;0;0;0;0;0;0;0;0;0;0;0;0;0;0;100;100;0;0;0;0;0;0;0;0;0;0;0;0;0;0;0;0;0;0;0;0;0;0;0;0;0;0;0;0;100;0;100;0;0;0;0;0;0;100;100;0;0;0;0;;;;;
2_2003;0.00;0;0;0;0;0;0;0;0;0;0;0;0;0;0;0;0;0;0;0;100;0;0;0;0;0;100;100;0;0;0;0;0;0;0;0;0;0;100;0;0;100;0;0;0;0;100;0;0;0;0;0;0;0;0;0;0;0;0;0;0;0;0;0;0;0;100;0;0;0;0;0;0;0;0;100;0;0;0;0;0;0;0;0;0;0;0;0;100;0;100;0;0;100;0;0;0;0;0;0;0;0;100;100;0;0;0;0;100;100;0;0;0;0;0;0;0;0;0;0;0;0;0;100;0;0;0;0;0;0;0;0;0;0;0;0;0;0;0;0;0;0;0;0;0;0;0;0;0;0;100;0;0;0;0;0;0;0;100;0;0;0;0;0;0;0;0;0;0;0;0;100;0;0;0;0;0;0;0;100;100;100;0;0;0;0;0;0;0;0;0;0;100;100;0;100;0;0;0;0;100;100;100;100;0;0;0;0;0;0;0;0;0;0;0;0;0;0;0;0;0;0;0;0;0;0;0;0;0;0;0;0;0;0;0;0;0;0;0;0;0;0;0;0;0;0;0;0;0;0;100;100;0;0;0;0;0;0;0;0;0;0;0;0;0;0;0;0;0;0;0;0;0;0;0;0;0;0;0;0;100;0;100;0;0;0;0;0;0;100;100;0;0;0;0;;;;;
3_2003;0.00;0;0;0;0;0;0;0;0;0;0;0;0;0;0;0;0;0;0;0;100;0;0;0;0;0;100;100;0;0;0;0;0;0;0;0;0;0;100;0;0;100;0;0;0;0;100;0;0;0;0;0;0;0;0;0;0;0;0;0;0;0;0;0;0;0;100;0;0;0;0;0;0;0;0;100;0;0;0;0;0;0;0;0;0;0;0;0;100;0;100;0;0;100;0;0;0;0;0;0;0;0;100;100;0;0;0;0;100;100;0;0;0;0;0;0;0;0;0;0;0;0;0;100;0;0;0;0;0;0;0;0;0;0;0;0;0;0;0;0;0;0;0;0;0;0;0;0;0;0;100;0;0;0;0;0;0;0;100;0;0;0;0;0;0;0;0;0;0;0;0;100;0;0;0;0;0;0;0;100;100;100;0;0;0;0;0;0;0;0;0;0;100;100;0;100;0;0;0;0;100;100;100;100;0;0;0;0;0;0;0;0;0;0;0;0;0;0;0;0;0;0;0;0;0;0;0;0;0;0;0;0;0;0;0;0;0;0;0;0;0;0;0;0;0;0;0;0;0;0;100;100;0;0;0;0;0;0;0;0;0;0;0;0;0;0;0;0;0;0;0;0;0;0;0;0;0;0;0;0;100;0;100;0;0;0;0;0;0;74.19354839;100;0;0;0;0;;;;;
4_2003;0.00;0;0;0;0;0;0;0;0;0;0;0;0;0;0;0;0;0;0;0;100;0;0;0;0;0;100;100;0;0;0;0;0;0;0;0;0;0;100;0;0;100;0;0;0;0;100;0;0;0;0;0;0;0;0;0;0;0;0;0;0;0;0;0;0;0;100;0;0;0;0;0;0;0;0;100;0;0;0;0;0;0;0;0;0;0;0;0;100;0;100;0;0;100;0;0;0;0;0;0;0;0;100;100;0;0;0;0;100;100;0;0;0;0;0;0;0;0;0;0;0;0;0;100;0;0;0;0;0;0;0;0;0;0;0;0;0;0;0;0;0;0;0;0;0;0;0;0;0;0;100;0;0;0;0;0;0;0;100;0;0;0;0;0;0;0;0;0;0;0;0;100;0;0;0;0;0;0;0;100;100;100;0;0;0;0;0;0;0;0;0;0;100;100;0;100;0;0;0;0;100;100;100;100;0;0;0;0;0;0;0;0;0;0;0;0;0;0;0;0;0;0;0;0;0;0;0;0;0;0;0;0;0;0;0;0;0;0;0;0;0;0;0;0;0;0;0;0;0;0;100;100;0;0;0;0;0;0;0;0;0;0;0;0;0;0;0;0;0;0;0;0;0;0;0;0;0;0;0;0;100;0;100;0;0;0;0;0;0;100;100;0;0;0;0;;;;;
5_2003;0.00;0;0;0;0;0;0;0;0;0;0;0;0;0;0;0;0;0;0;0;100;0;0;0;0;0;100;100;0;0;0;0;0;0;0;0;0;0;100;0;0;100;0;0;0;0;100;0;0;0;0;0;0;0;0;0;0;0;0;0;0;0;0;0;0;0;100;0;0;0;0;0;0;0;0;100;0;0;0;0;0;0;0;0;0;0;0;0;100;0;100;0;0;100;0;0;0;0;0;0;0;0;100;100;0;0;0;0;100;100;0;0;0;0;0;0;0;0;0;0;0;0;0;100;0;0;0;0;0;0;0;0;0;0;0;0;0;0;0;0;0;0;0;0;0;0;0;0;0;0;100;0;0;0;0;0;0;0;100;0;0;0;0;0;0;0;0;0;0;0;0;100;0;0;0;0;0;0;0;100;100;100;0;0;0;0;0;0;0;0;0;0;100;100;0;100;0;0;0;0;100;100;100;100;0;0;0;0;0;0;0;0;0;0;0;0;0;0;0;0;0;0;0;0;0;0;0;0;0;0;0;0;0;0;0;0;0;0;0;0;0;0;0;0;0;0;0;0;0;0;100;100;0;0;0;0;0;0;0;0;0;0;0;0;0;0;0;0;0;0;0;0;0;0;0;0;0;0;0;0;100;0;100;0;0;0;0;0;0;100;100;0;0;0;0;;;;;
6_2003;0.00;0;0;0;0;0;0;0;0;0;0;0;0;0;0;0;0;0;0;0;100;0;0;0;0;0;100;100;0;0;0;0;0;0;0;0;0;0;100;0;0;100;0;0;0;0;100;0;0;0;0;0;0;0;0;0;0;0;0;0;0;0;0;0;0;0;100;0;0;0;0;0;0;0;0;100;0;0;0;0;0;0;0;0;0;0;0;0;100;0;100;0;0;100;0;0;0;0;0;0;0;0;100;100;0;0;0;0;100;100;0;0;0;0;0;0;0;0;0;0;0;0;0;100;0;0;0;0;0;0;0;0;0;0;0;0;0;0;0;0;0;0;0;0;0;0;0;0;0;0;100;0;0;0;0;0;0;0;100;0;0;0;0;0;0;0;0;0;0;0;0;100;0;0;0;0;0;0;0;100;100;100;0;0;0;0;0;0;0;0;0;0;100;100;0;100;0;0;0;0;100;100;100;100;0;0;0;0;0;0;0;0;0;0;0;0;0;0;0;0;0;0;0;0;0;0;0;0;0;0;0;0;0;0;0;0;0;0;0;0;0;0;0;0;0;0;0;0;0;0;100;100;0;0;0;0;0;0;0;0;0;0;0;0;0;0;0;0;0;0;0;0;0;0;0;0;0;0;0;0;100;0;100;0;0;0;0;0;0;100;100;0;0;0;0;;;;;
7_2003;0.00;0;0;0;0;0;0;0;0;0;0;0;0;0;0;0;0;0;0;0;100;0;0;0;0;0;100;100;0;0;0;0;0;0;0;0;0;0;100;0;0;100;0;0;0;0;100;0;0;0;0;0;0;0;0;0;0;0;0;0;0;0;0;0;0;0;100;0;0;0;0;0;0;0;0;100;0;0;0;0;0;0;0;0;0;0;0;0;100;0;100;0;0;100;0;0;0;0;0;0;0;0;100;100;0;0;0;0;100;100;0;0;0;0;0;0;0;0;0;0;0;0;0;100;0;0;0;0;0;0;0;0;0;0;0;0;0;0;0;0;0;0;0;0;0;0;0;0;0;0;100;0;0;0;0;0;0;0;100;0;0;0;0;0;0;0;0;0;0;0;0;100;0;0;0;0;0;0;0;100;100;100;0;0;0;0;0;0;0;0;0;0;100;100;0;100;0;0;0;0;100;100;100;100;0;0;0;0;0;0;0;0;0;0;0;0;0;0;0;0;0;0;0;0;0;0;0;0;0;0;0;0;0;0;0;0;0;0;0;0;0;0;0;0;0;0;0;0;0;0;100;100;0;0;0;0;0;0;0;0;0;0;0;0;0;0;0;0;0;0;0;0;0;0;0;0;0;0;0;0;100;0;100;0;0;0;0;0;0;100;100;0;0;0;0;;;;;
8_2003;0.00;0;0;0;0;0;0;0;0;0;0;0;0;0;0;0;0;0;0;0;100;0;0;0;0;0;100;100;0;0;0;0;0;0;0;0;0;0;100;0;0;100;0;0;0;0;100;0;0;0;0;0;0;0;0;0;0;0;0;0;0;0;0;0;0;0;100;0;0;0;0;0;0;0;0;100;0;0;0;0;0;0;0;0;0;0;0;0;100;0;100;0;0;100;0;0;0;0;0;0;0;0;100;100;0;0;0;0;100;100;0;0;0;0;0;0;0;0;0;0;0;0;0;100;0;0;0;0;0;0;0;0;0;0;0;0;0;0;0;0;0;0;0;0;0;0;0;0;0;0;100;0;0;0;0;0;0;0;100;0;0;0;0;0;0;0;0;0;0;0;0;100;0;0;0;0;0;0;0;100;100;100;0;0;0;0;0;0;0;0;0;0;100;100;0;100;0;0;0;0;100;100;100;100;0;0;0;0;0;0;0;0;0;0;0;0;0;0;0;0;0;0;0;0;0;0;0;0;0;0;0;0;0;0;0;0;0;0;0;0;0;0;0;0;0;0;0;0;0;0;100;100;0;0;0;0;0;0;0;0;0;0;0;0;0;0;0;0;0;0;0;0;0;0;0;0;0;0;0;0;100;0;100;0;0;0;0;0;0;100;100;0;0;0;0;;;;;
9_2003;0.00;0;0;0;0;0;0;0;0;0;0;0;0;0;0;0;0;0;0;0;100;0;0;0;0;0;100;100;0;0;0;0;0;0;0;0;0;0;100;0;0;100;0;0;0;0;100;0;0;0;0;0;0;0;0;0;0;0;0;0;0;0;0;0;0;0;100;0;0;0;0;0;0;0;0;100;0;0;0;0;0;0;0;0;0;0;0;0;100;0;100;0;0;100;0;0;0;0;0;0;0;0;100;100;0;0;0;0;100;100;0;0;0;0;0;0;0;0;0;0;0;0;0;100;0;0;0;0;0;0;0;0;0;0;0;0;0;0;0;0;0;0;0;0;0;0;0;0;0;0;100;0;0;0;0;0;0;0;100;0;0;0;0;0;0;0;0;0;0;0;0;100;0;0;0;0;0;0;0;100;100;100;0;0;0;0;0;0;0;0;0;0;100;100;0;100;0;0;0;0;100;100;100;100;0;0;0;0;0;0;0;0;0;0;0;0;0;0;0;0;0;0;0;0;0;0;0;0;0;0;0;0;0;0;0;0;0;0;0;0;0;0;0;0;0;0;0;0;0;0;100;100;0;0;0;0;0;0;0;0;0;0;0;0;0;0;0;0;0;0;0;0;0;0;0;0;0;0;0;0;100;0;100;0;0;0;0;0;0;100;100;0;0;0;0;;;;;
10_2003;0.00;0;0;0;0;0;0;0;0;0;0;0;0;0;0;0;0;0;0;0;100;0;0;0;0;0;100;100;0;0;0;0;0;0;0;0;0;0;100;0;0;100;0;0;0;0;100;0;0;0;0;0;0;0;0;0;0;0;0;0;0;0;0;0;0;0;100;0;0;0;0;0;0;0;0;100;0;0;0;0;0;0;0;0;0;0;0;0;100;0;100;0;0;100;0;0;0;0;0;0;0;0;100;100;0;0;0;0;100;100;0;0;0;0;0;0;0;0;0;0;0;0;0;100;0;0;0;0;0;0;0;0;0;0;0;0;0;0;0;0;0;0;0;0;0;0;0;0;0;0;100;0;0;0;0;0;0;0;100;0;0;0;0;0;0;0;0;0;0;0;0;100;0;0;0;0;0;0;0;100;100;100;0;0;0;0;0;0;0;0;0;0;100;100;0;100;0;0;0;0;100;100;100;100;0;0;0;0;0;0;0;0;0;0;0;0;0;0;0;0;0;0;0;0;0;0;0;0;0;0;0;0;0;0;0;0;0;0;0;0;0;0;0;0;0;0;0;0;0;0;100;100;0;0;0;0;0;0;0;0;0;0;0;0;0;0;0;0;0;0;0;0;0;0;0;0;0;0;0;0;100;0;100;0;0;0;0;0;0;100;100;0;0;0;0;;;;;
11_2003;0.00;0;0;0;0;0;0;0;0;0;0;0;0;0;0;0;0;0;0;0;100;0;0;0;0;0;100;100;0;0;0;0;0;0;0;0;0;0;100;0;0;100;0;0;0;0;100;0;0;0;0;0;0;0;0;0;0;0;0;0;0;0;0;0;0;0;100;0;0;0;0;0;0;0;0;100;0;0;0;0;0;0;0;0;0;0;0;0;100;0;100;0;0;100;0;0;0;0;0;0;0;0;100;100;0;0;0;0;100;100;0;0;0;0;0;0;0;0;0;0;0;0;0;100;0;0;0;0;0;0;0;0;0;0;0;0;0;0;0;0;0;0;0;0;0;0;0;0;0;0;100;0;0;0;0;0;0;0;100;0;0;0;0;0;0;0;0;0;0;0;0;100;0;0;0;0;0;0;0;100;100;100;0;0;0;0;0;0;0;0;0;0;100;100;0;100;0;0;0;0;100;100;100;100;0;0;0;0;0;0;0;0;0;0;0;0;0;0;0;0;0;0;0;0;0;0;0;0;0;0;0;0;0;0;0;0;0;0;0;0;0;0;0;0;0;0;0;0;0;0;100;100;0;0;0;0;0;0;0;0;0;0;0;0;0;0;0;0;0;0;0;0;0;0;0;0;0;0;0;0;100;0;0;0;0;0;0;0;0;100;100;0;0;0;0;;;;;
12_2003;0.00;0;0;0;0;0;0;0;0;0;0;0;0;0;0;0;0;0;0;0;100;0;0;0;0;0;100;100;0;0;0;0;0;0;0;0;0;0;100;0;0;100;0;0;0;0;100;0;0;0;0;0;0;0;0;0;0;0;0;0;0;0;0;0;0;0;100;0;0;0;0;0;0;0;0;100;0;0;0;0;0;0;0;0;0;0;0;0;100;0;100;0;0;100;0;0;0;0;0;0;0;0;100;100;0;0;0;0;100;100;0;0;0;0;0;0;0;0;0;0;0;0;0;100;0;0;0;0;0;0;0;0;0;0;0;0;0;0;0;0;0;0;0;0;0;0;0;0;0;0;100;0;0;0;0;0;0;0;100;0;0;0;0;0;0;0;0;0;0;0;0;100;0;0;0;0;0;0;0;100;100;100;0;0;0;0;0;0;0;0;0;0;100;100;0;100;0;0;0;0;100;100;100;100;0;0;0;0;0;0;0;0;0;0;0;0;0;0;0;0;0;0;0;0;0;0;0;0;0;0;0;0;0;0;0;0;0;0;0;0;0;0;0;0;0;0;0;0;0;0;100;100;0;0;0;0;0;0;0;0;0;0;0;0;0;0;0;0;0;0;0;0;0;0;0;0;0;0;0;0;100;0;0;0;0;0;0;0;0;100;100;0;0;0;0;;;;;
1_2004;0.00;0;0;0;0;0;0;0;0;0;0;0;0;0;0;0;0;0;0;0;100;0;0;0;0;0;100;100;0;0;0;0;0;0;0;0;0;0;100;0;0;100;0;0;0;0;100;0;0;0;0;0;0;0;0;0;0;0;0;0;0;0;0;0;0;0;100;0;0;0;0;0;0;0;0;83.87096774;0;0;0;0;0;0;0;0;0;0;0;0;100;0;100;0;0;100;0;0;0;0;0;0;0;0;100;100;0;0;0;0;100;100;0;0;0;0;0;0;0;0;0;0;0;0;0;100;0;0;0;0;0;0;0;0;0;0;0;0;0;0;0;0;0;0;0;0;0;0;0;0;0;0;100;0;0;0;0;0;0;0;100;0;0;0;0;0;0;0;0;0;0;0;0;100;0;0;0;0;0;0;0;100;100;100;0;0;0;0;0;0;0;0;0;0;90.32258065;100;0;100;0;0;0;0;100;100;100;100;0;0;0;0;0;0;0;0;0;0;0;0;0;0;0;0;0;0;0;0;0;0;0;0;0;0;0;0;0;0;0;0;0;0;0;0;0;0;0;0;0;0;0;0;0;0;100;100;0;0;0;0;0;0;0;0;0;0;0;0;0;0;0;0;0;0;0;0;0;0;0;0;0;0;0;0;100;0;100;0;0;0;0;0;0;100;100;0;0;0;0;;;;;
2_2004;0.00;0;0;0;0;0;0;0;0;0;0;0;0;0;0;0;0;0;0;0;100;0;0;0;0;0;100;100;0;0;0;0;0;0;0;0;0;0;100;0;0;100;0;0;0;0;100;0;0;0;0;0;0;0;0;0;0;0;0;0;0;0;0;0;0;0;100;0;0;0;0;0;0;0;0;93.10344828;0;0;0;0;0;0;0;0;0;0;0;0;100;0;100;0;0;100;0;0;0;0;0;0;0;0;100;100;0;0;0;0;100;100;0;0;0;0;0;0;0;0;0;0;0;0;0;100;0;0;0;0;0;0;0;0;0;0;0;0;0;0;0;0;0;0;0;0;0;0;0;0;0;0;100;0;0;0;0;0;0;0;100;0;0;0;0;0;0;0;0;0;0;0;0;100;0;0;0;0;0;0;0;100;100;100;0;0;0;0;0;0;0;0;0;0;86.20689655;100;0;100;0;0;0;0;100;100;100;100;0;0;0;0;0;0;0;0;0;0;0;0;0;0;0;0;0;0;0;0;0;0;0;0;0;0;0;0;0;0;0;0;0;0;0;0;0;0;0;0;0;0;0;0;0;0;100;100;0;0;0;0;0;0;0;0;0;0;0;0;0;0;0;0;0;0;0;0;0;0;0;0;0;0;0;0;100;0;100;0;0;0;0;0;0;100;65.51724138;0;0;0;0;;;;;
3_2004;0.00;0;0;0;0;0;0;0;0;0;0;0;0;0;0;0;0;0;0;0;100;0;0;0;0;0;100;100;0;0;0;0;0;0;0;0;0;0;100;0;0;100;0;0;0;0;100;0;0;0;0;0;0;0;0;0;0;0;0;0;0;0;0;0;0;0;100;0;0;0;0;0;0;0;0;100;0;0;0;0;0;0;0;0;0;0;0;0;100;0;100;0;0;100;0;0;0;0;0;0;0;0;100;100;0;0;0;0;100;100;0;0;0;0;0;0;0;0;0;0;0;0;0;100;0;0;0;0;0;0;0;0;0;0;0;0;0;0;0;0;0;0;0;0;0;0;0;0;0;0;100;0;0;0;0;0;0;0;100;0;0;0;0;0;0;0;0;0;0;0;0;100;0;0;0;0;0;0;0;100;100;100;0;0;0;0;0;0;0;0;0;0;93.5483871;100;0;100;0;0;0;0;100;96.77419355;100;100;0;0;0;0;0;0;0;0;0;0;0;0;0;0;0;0;0;0;0;0;0;0;0;0;0;0;0;0;0;0;0;0;0;0;0;0;0;0;0;0;0;0;0;0;0;0;100;100;0;0;0;0;0;0;0;0;0;0;0;0;0;0;0;0;0;0;0;0;0;0;0;0;0;0;0;0;100;0;100;0;0;0;0;0;0;100;96.77419355;0;0;0;0;;;;;
4_2004;0.00;0;0;0;0;0;0;0;0;0;0;0;0;0;0;0;0;0;0;0;100;0;0;0;0;0;100;100;0;0;0;0;0;0;0;0;0;0;100;0;0;100;0;0;0;0;100;0;0;0;0;0;0;0;0;0;0;0;0;0;0;0;0;0;0;0;100;0;0;0;0;0;0;0;0;93.33333333;0;0;0;0;0;0;0;0;0;0;0;0;100;0;100;0;0;100;0;0;0;0;0;0;0;0;100;100;0;0;0;0;100;100;0;0;0;0;0;0;0;0;0;0;0;0;0;100;0;0;0;0;0;0;0;0;0;0;0;0;0;0;0;0;0;0;0;0;0;0;0;0;0;0;100;0;0;0;0;0;0;0;100;0;0;0;0;0;0;0;0;0;0;0;0;100;0;0;0;0;0;0;0;100;100;100;0;0;0;0;0;0;0;0;0;0;100;100;0;100;0;0;0;0;100;100;100;100;0;0;0;0;0;0;0;0;0;0;0;0;0;0;0;0;0;0;0;0;0;0;0;0;0;0;0;0;0;0;0;0;0;0;0;0;0;0;0;0;0;0;0;0;0;0;100;100;0;0;0;0;0;0;0;0;0;0;0;0;0;0;0;0;0;0;0;0;0;0;0;0;0;0;0;0;100;0;100;0;0;0;0;0;0;100;100;0;0;0;0;;;;;
5_2004;0.00;0;0;0;0;0;0;0;0;0;0;0;0;0;0;0;0;0;0;0;100;0;0;0;0;0;100;100;0;0;0;0;0;0;0;0;0;0;100;0;0;100;0;0;0;0;100;0;0;0;0;0;0;0;0;0;0;0;0;0;0;0;0;0;0;0;100;0;0;0;0;0;0;0;0;100;0;0;0;0;0;0;0;0;0;0;0;0;100;0;100;0;0;100;0;0;0;0;0;0;0;0;100;100;0;0;0;0;100;100;0;0;0;0;0;0;0;0;0;0;0;0;0;100;0;0;0;0;0;0;0;0;0;0;0;0;0;0;0;0;0;0;0;0;0;0;0;0;0;0;100;0;0;0;0;0;0;0;100;0;0;0;0;0;0;0;0;0;0;0;0;100;0;0;0;0;0;0;0;100;100;100;0;0;0;0;0;0;0;0;0;0;100;100;0;100;0;0;0;0;100;100;100;100;0;0;0;0;0;0;0;0;0;0;0;0;0;0;0;0;0;0;0;0;0;0;0;0;0;0;0;0;0;0;0;0;0;0;0;0;0;0;0;0;0;0;0;0;0;0;100;100;0;0;0;0;0;0;0;0;0;0;0;0;0;0;0;0;0;0;0;0;0;0;0;0;0;0;0;0;100;0;100;0;0;0;0;0;0;100;3.225806452;0;0;0;0;;;;;
6_2004;0.00;0;0;0;0;0;0;0;0;0;0;0;0;0;0;0;0;0;0;0;100;0;0;0;0;0;100;100;0;0;0;0;0;0;0;0;0;0;100;0;0;100;0;0;0;0;100;0;0;0;0;0;0;0;0;0;0;0;0;0;0;0;0;0;0;0;100;0;0;0;0;0;0;0;0;100;0;0;0;0;0;0;0;0;0;0;0;0;100;0;100;0;0;100;0;0;0;0;0;0;0;0;100;100;0;0;0;0;100;100;0;0;0;0;0;33.33333333;0;0;0;0;0;0;0;100;0;0;0;0;0;0;0;0;16.66666667;0;0;0;0;0;0;0;0;0;0;0;0;0;0;0;0;0;100;0;0;0;0;0;0;0;100;0;0;0;0;0;0;0;0;0;0;0;0;100;0;0;0;0;0;0;0;100;100;100;0;0;0;0;0;0;0;0;0;0;100;100;0;100;0;0;0;0;100;100;100;100;0;0;0;0;0;0;0;0;0;0;0;0;30;0;0;0;0;0;0;0;0;0;0;0;0;0;0;0;0;0;0;0;0;0;0;0;0;0;0;0;0;0;0;0;0;0;100;100;0;0;0;0;0;0;0;0;0;0;0;0;0;0;0;0;0;0;0;0;0;0;0;0;0;0;0;0;100;0;100;0;0;0;0;0;0;100;100;0;0;0;0;;;;;
7_2004;0.00;0;0;0;0;0;0;0;0;0;0;0;0;0;0;0;0;0;0;0;100;0;0;0;0;0;100;100;0;0;0;0;0;0;0;0;0;0;100;0;0;100;0;0;0;0;100;0;0;0;0;0;0;0;0;0;0;0;0;0;0;0;0;0;0;0;100;0;0;0;0;0;0;0;0;100;0;0;0;0;0;0;0;0;0;0;0;0;100;0;100;0;0;100;0;0;0;0;0;0;0;0;100;100;0;0;0;0;100;100;0;0;0;0;0;100;0;0;0;0;0;0;0;100;0;0;0;0;0;0;38.70967742;0;100;0;0;0;0;0;0;0;0;0;0;0;0;0;0;0;0;0;100;0;0;0;0;0;0;0;100;0;0;0;0;0;0;0;0;0;0;0;0;100;0;0;0;0;0;0;0;100;100;100;0;0;0;0;0;0;0;0;0;0;100;100;0;100;0;0;0;0;100;100;100;100;0;0;0;0;0;0;0;0;0;0;0;74.19354839;100;0;0;0;0;0;0;0;0;0;0;0;0;0;0;0;0;0;0;0;0;0;0;0;0;0;0;0;0;0;0;0;0;0;100;100;0;0;0;0;0;0;0;0;0;0;0;0;0;0;0;0;0;0;0;0;0;0;0;0;0;0;0;0;100;0;100;61.29032258;0;0;0;0;0;100;100;64.51612903;0;0;0;;;;;
8_2004;0.00;0;0;0;0;0;0;0;0;0;0;0;0;0;38.70967742;0;0;0;0;0;100;0;0;0;0;0;100;100;0;0;0;0;0;0;0;0;0;0;100;0;0;100;0;0;0;0;100;0;0;0;0;0;0;0;0;0;0;0;0;0;0;0;0;0;0;0;100;0;0;0;0;0;0;0;0;100;0;0;0;0;0;0;0;0;0;0;0;0;100;0;100;0;0;100;0;0;0;0;0;0;0;0;100;100;0;0;0;0;100;100;0;0;0;0;0;100;0;0;0;0;0;0;0;100;0;0;0;0;0;0;100;0;100;0;0;0;0;0;0;0;0;0;0;0;0;0;0;0;0;0;100;0;0;0;0;0;0;0;100;0;0;0;0;0;0;0;0;0;0;0;0;100;0;0;0;0;0;0;0;100;100;100;0;0;0;0;0;0;0;0;0;0;100;100;0;100;0;0;0;0;100;100;100;100;0;0;0;0;0;0;0;0;0;0;0;100;100;0;0;0;0;0;0;0;0;0;0;0;0;0;0;0;0;0;0;0;0;0;0;0;0;0;0;0;0;0;0;0;0;0;100;100;0;0;0;0;0;0;0;0;0;0;0;0;0;0;0;0;0;0;0;0;0;0;0;0;0;0;0;0;100;0;100;100;0;0;0;0;0;100;100;100;0;0;0;;;;;
9_2004;0.00;0;0;0;0;0;0;0;0;0;0;0;0;0;100;0;0;0;0;0;100;0;16.66666667;0;0;0;100;100;0;0;0;0;0;0;0;0;0;0;100;0;0;100;0;0;0;0;100;0;0;0;0;0;0;0;0;0;0;0;0;0;0;0;0;0;0;0;100;0;0;0;0;0;0;0;0;100;0;0;0;0;0;0;0;0;0;0;0;0;100;0;100;0;0;100;0;0;0;0;0;0;0;0;100;100;0;0;0;0;100;100;0;0;0;0;0;100;0;0;0;0;0;0;0;100;0;0;0;0;0;0;96.66666667;0;100;0;0;0;0;0;0;0;0;0;0;0;0;0;0;0;0;0;100;0;0;0;0;0;0;0;100;0;0;0;0;0;0;0;0;0;0;0;0;100;0;0;0;0;0;0;0;100;100;100;0;0;0;0;0;0;0;0;0;0;100;100;0;100;0;0;0;0;100;100;100;100;0;0;0;0;0;0;0;0;0;0;13.33333333;100;100;0;0;0;0;0;0;0;0;0;0;0;0;0;0;0;0;0;0;0;0;0;0;0;0;0;0;0;0;0;0;0;0;0;100;100;0;0;0;0;0;0;0;0;0;0;0;0;0;0;0;0;0;0;0;0;0;0;0;0;0;0;0;0;100;0;100;96.66666667;0;0;0;0;0;100;100;100;0;0;0;;;;;
10_2004;0.00;0;0;0;0;0;0;0;0;0;0;0;0;0;100;0;0;0;0;0;100;0;32.25806452;0;0;0;100;100;0;0;0;0;0;0;0;0;0;0;100;0;0;100;0;0;0;0;100;0;0;0;0;0;0;0;0;0;0;0;0;0;0;0;0;0;0;0;100;0;0;0;0;0;0;0;0;100;0;0;0;0;0;0;0;0;0;0;0;0;100;0;100;0;0;100;0;0;0;0;0;0;0;0;100;100;0;0;0;0;100;100;0;0;0;0;0;100;0;0;0;0;0;0;0;100;0;0;0;0;0;0;93.5483871;32.25806452;100;0;0;0;0;0;0;0;0;0;0;0;0;0;0;0;0;0;100;0;0;0;0;0;0;0;100;0;0;0;0;0;0;0;0;0;0;0;0;100;0;0;0;0;0;0;0;100;100;100;0;0;0;0;0;0;0;0;0;0;100;100;0;100;0;0;0;0;100;100;100;100;0;0;0;0;0;0;0;0;0;0;96.77419355;100;100;0;0;0;0;0;0;0;0;0;0;0;0;0;0;0;0;0;0;0;0;0;0;0;0;0;0;0;0;0;0;0;0;0;100;100;0;0;0;0;0;0;0;0;0;0;0;0;0;0;0;0;0;0;0;0;0;0;0;0;0;0;0;0;100;0;100;67.74193548;0;0;0;0;0;100;100;74.19354839;0;0;0;;;;;
11_2004;0.00;0;0;0;0;0;0;33.33333333;0;0;0;0;0;0;100;0;0;0;0;0;100;13.33333333;26.66666667;0;0;0;100;100;0;0;0;0;0;0;0;0;0;0;100;0;0;100;0;0;0;0;100;0;0;0;0;0;0;0;0;0;0;0;0;0;0;0;0;0;0;0;100;0;0;0;0;0;0;0;0;90;0;0;0;0;0;0;0;0;0;0;0;0;100;0;100;0;0;100;0;0;0;0;0;0;0;0;100;100;0;0;0;0;100;100;0;0;0;0;10;0;0;0;0;0;0;0;0;100;0;0;0;0;0;0;20;0;0;0;0;0;0;0;0;0;0;0;0;0;0;0;0;0;0;0;100;0;0;0;0;0;0;0;100;0;0;0;0;0;0;0;0;0;0;0;0;100;0;0;0;0;0;0;0;100;100;100;0;0;0;0;0;0;0;0;0;0;93.33333333;100;0;100;0;0;0;0;100;100;100;100;0;0;0;0;0;0;0;0;0;0;0;6.666666667;63.33333333;0;0;0;0;0;0;0;0;0;0;0;0;0;0;0;0;0;0;0;0;0;0;0;0;0;0;0;0;0;0;0;0;0;100;100;0;0;0;0;0;0;0;0;0;0;0;0;0;0;0;0;0;0;0;0;0;0;0;0;0;0;0;0;100;0;100;100;0;0;0;0;0;100;100;0;0;0;0;;;;;
12_2004;0.00;0;0;0;0;0;0;100;0;0;0;0;0;0;100;0;0;0;0;0;100;0;0;0;0;0;100;100;0;0;0;0;0;0;0;0;0;0;100;0;0;100;0;0;0;0;100;0;0;0;0;0;0;0;0;0;0;0;0;0;0;0;0;0;0;0;100;0;0;0;0;0;0;0;0;100;0;0;0;0;0;0;0;0;0;0;0;0;100;0;100;0;0;100;0;0;0;0;0;0;0;0;100;100;0;0;0;0;100;100;0;0;0;0;0;0;0;0;0;0;0;0;0;100;0;0;0;0;0;0;0;0;0;0;0;0;0;0;0;0;0;0;0;0;0;0;0;0;0;0;100;0;0;0;0;0;0;0;100;0;0;0;0;0;0;0;0;0;0;0;0;100;0;0;0;0;0;0;0;100;100;100;0;0;0;0;0;0;0;0;0;0;100;100;0;100;0;0;0;0;100;100;100;100;0;0;0;0;0;0;0;0;0;0;0;0;0;0;0;0;0;0;0;0;0;0;0;0;0;0;0;0;0;0;0;0;0;0;0;0;0;0;0;0;0;0;0;0;0;0;100;100;0;0;0;0;0;0;0;0;0;0;0;0;0;0;0;0;0;0;0;0;0;0;0;0;0;0;0;0;100;0;100;0;0;0;0;0;0;100;100;0;0;0;0;;;;;
1_2005;0.00;0;0;0;0;0;0;100;0;0;0;0;0;0;100;0;0;0;0;0;100;0;0;0;0;0;100;100;0;0;0;0;0;0;0;0;0;0;100;0;0;100;0;0;0;0;100;0;0;0;0;0;0;0;0;0;0;0;0;0;0;0;0;0;0;0;100;0;0;0;0;0;0;0;0;100;0;0;0;0;0;0;0;0;0;0;0;0;100;0;100;0;0;100;0;0;0;0;0;0;0;0;100;100;0;0;0;0;100;100;0;0;0;0;0;0;0;0;0;0;0;0;0;100;0;0;0;0;0;0;0;0;0;0;0;0;0;0;0;0;0;0;0;0;0;0;0;0;0;0;100;0;0;0;0;0;0;0;100;0;0;0;0;0;0;0;0;0;0;0;0;100;0;0;0;0;0;0;0;100;100;100;0;0;0;0;0;0;0;0;0;0;100;100;0;100;0;0;0;0;100;100;100;100;0;0;0;0;0;0;0;0;0;0;0;0;0;0;0;0;0;0;0;0;0;0;0;0;0;0;0;0;0;0;0;0;0;0;0;0;0;0;0;0;0;0;0;0;0;0;100;100;0;0;0;0;0;0;0;0;0;0;0;0;0;0;0;0;0;0;0;0;0;0;0;0;0;0;0;0;100;0;100;0;0;0;0;0;0;100;100;0;0;0;0;;;;;
2_2005;0.00;0;0;0;0;0;0;100;0;0;0;0;0;0;100;0;0;0;0;0;100;0;0;0;0;0;100;100;0;0;0;0;0;0;0;0;0;0;100;0;0;100;0;0;0;0;100;0;0;0;0;0;0;0;0;0;0;0;0;0;0;0;0;0;0;0;100;0;0;0;0;0;0;0;0;100;0;0;0;0;0;0;0;0;0;0;0;0;100;0;100;0;0;100;0;0;0;0;0;0;0;0;100;100;0;0;0;0;100;100;0;0;0;0;0;0;0;0;0;0;0;0;0;100;0;0;0;0;0;0;0;0;0;0;0;0;0;0;0;0;0;0;0;0;0;0;0;0;0;0;100;0;0;0;0;0;0;0;100;0;0;0;0;0;0;0;0;0;0;0;0;100;0;0;0;0;0;0;0;100;100;100;0;0;0;0;0;0;0;0;0;0;100;100;0;100;0;0;0;0;100;60.71428571;100;100;0;0;0;0;0;0;0;0;0;0;0;0;0;0;0;0;0;0;0;0;0;0;0;0;0;0;0;0;0;0;0;0;0;0;0;0;0;0;0;0;0;0;0;0;0;0;100;100;0;0;0;0;0;0;0;0;0;0;0;0;0;0;0;0;0;0;0;0;0;0;0;0;0;0;0;0;100;0;100;0;0;0;0;0;0;100;100;0;0;0;0;;;;;
3_2005;0.00;0;0;0;0;0;0;100;0;0;0;0;0;0;100;0;0;0;0;0;100;0;0;0;0;0;100;100;0;0;0;0;0;0;0;0;0;0;100;0;0;100;0;0;0;0;100;0;0;0;0;0;0;0;0;0;0;0;0;0;0;0;0;0;0;0;100;0;0;0;0;0;0;0;0;100;0;0;0;0;0;0;0;0;0;0;0;0;100;0;100;0;0;100;0;0;0;0;0;0;0;0;100;100;0;0;0;0;100;100;0;0;0;0;0;0;0;0;0;0;0;0;0;100;0;0;0;0;0;0;0;0;0;0;0;0;0;0;0;0;0;0;0;0;0;0;0;0;0;0;100;0;0;0;0;0;0;0;100;0;0;0;0;0;0;0;0;0;0;0;0;100;0;0;0;0;0;0;0;100;100;100;0;0;0;0;0;0;0;0;0;0;100;100;0;100;0;0;0;0;100;100;100;100;0;0;0;0;0;0;0;0;0;0;0;0;0;0;0;0;0;0;0;0;0;0;0;0;0;0;0;0;0;0;0;0;0;0;0;0;0;0;0;0;0;0;0;0;0;0;100;100;0;0;0;0;0;0;0;0;0;0;0;0;0;0;0;0;0;0;0;0;0;0;0;0;0;0;0;0;100;0;100;0;0;0;0;0;0;100;100;0;0;0;0;;;;;
4_2005;0.00;0;0;0;0;0;0;100;0;0;0;0;0;0;100;0;0;0;0;0;100;0;0;0;0;0;100;100;0;0;0;0;0;0;0;0;0;0;100;0;0;100;0;0;0;0;100;0;0;0;0;0;0;0;0;0;0;0;0;0;0;0;0;0;0;0;100;0;0;0;0;0;0;0;0;100;0;0;0;0;0;0;0;0;0;0;0;0;100;0;100;0;0;100;0;0;0;0;0;0;0;0;100;100;0;0;0;0;100;100;0;0;0;0;0;0;0;0;0;0;0;0;0;100;0;0;0;0;0;0;0;0;0;0;0;0;0;0;0;0;0;0;0;0;0;0;0;0;0;0;100;0;0;0;0;0;0;0;100;0;0;0;0;0;0;0;0;0;0;0;0;100;0;0;0;0;0;0;0;100;100;100;0;0;0;0;0;0;0;0;0;0;100;100;0;100;0;0;0;0;100;100;100;100;0;0;0;0;0;0;0;0;0;0;0;0;0;0;0;0;0;0;0;0;0;0;0;0;0;0;0;0;0;0;0;0;0;0;0;0;0;0;0;0;0;0;0;0;0;0;100;100;0;0;0;0;0;0;0;0;0;0;0;0;0;0;0;0;0;0;0;0;0;0;0;0;0;0;0;0;100;0;100;0;0;0;0;0;0;100;100;0;0;0;0;;;;;
5_2005;0.00;0;0;0;0;0;0;100;0;0;0;0;0;0;100;0;0;0;0;0;100;0;0;0;0;0;100;100;0;0;0;0;0;0;0;0;0;0;100;0;0;100;0;0;0;0;100;0;0;0;0;0;0;0;0;0;0;0;0;0;0;0;0;0;0;0;100;0;0;0;0;0;0;0;0;100;0;0;0;0;0;0;0;0;0;0;0;0;100;0;100;0;0;100;0;0;0;0;0;0;0;0;100;100;0;0;0;0;100;100;0;0;0;0;0;0;0;0;0;0;0;0;0;100;0;0;0;0;0;0;0;0;0;0;0;0;0;0;0;0;0;0;0;0;0;0;0;0;0;0;100;0;0;0;0;0;0;0;100;0;0;0;0;0;0;0;0;0;0;0;0;100;0;0;0;0;0;0;0;100;100;100;0;0;0;0;0;0;0;0;0;0;100;100;0;100;0;0;0;0;100;100;100;100;0;0;0;0;0;0;0;0;0;0;0;0;0;0;0;0;0;0;0;0;0;0;0;0;0;0;0;0;0;0;0;0;0;0;0;0;0;0;0;0;0;0;0;0;0;0;100;100;0;0;0;0;0;0;0;0;0;0;0;0;0;0;0;0;0;0;0;0;0;0;0;0;0;0;0;0;100;0;100;0;0;0;0;0;0;100;100;0;0;0;0;;;;;
6_2005;0.00;0;0;0;0;0;0;100;0;0;0;0;0;0;100;0;0;0;0;0;100;0;0;0;0;0;100;100;0;0;0;0;0;0;0;0;0;0;100;0;0;100;0;0;0;0;100;0;0;0;0;0;0;0;0;0;0;0;0;0;0;0;0;0;0;0;100;0;0;0;0;0;0;0;0;100;0;0;0;0;0;0;0;0;0;0;0;0;100;0;100;0;0;100;0;0;0;0;0;0;0;0;100;100;0;0;0;0;100;100;0;0;0;0;0;0;0;0;0;0;0;0;0;100;0;0;0;0;0;0;0;0;0;0;0;0;0;0;0;0;0;0;0;0;0;0;0;0;0;0;100;0;0;0;0;0;0;0;100;0;0;0;0;0;0;0;0;0;0;0;0;100;0;0;0;0;0;0;0;100;100;100;0;0;0;0;0;0;0;0;0;0;100;100;0;100;0;0;0;0;100;70;100;100;0;0;0;0;0;0;0;0;0;0;0;0;0;0;0;0;0;0;0;0;0;0;0;0;0;0;0;0;0;0;0;0;0;0;0;0;0;0;0;0;0;0;0;0;0;0;100;100;0;0;0;0;0;0;0;0;0;0;0;0;0;0;0;0;0;0;0;0;0;0;0;0;0;0;0;0;100;0;100;0;0;0;0;0;0;100;100;0;0;0;0;;;;;
7_2005;0.00;0;0;0;0;0;0;100;0;0;0;0;0;0;100;0;0;0;0;0;100;0;0;0;0;0;100;100;0;0;0;0;0;0;0;0;0;0;100;0;0;100;0;0;0;0;100;0;0;0;0;0;0;0;0;0;0;0;0;0;0;0;0;0;0;0;100;0;0;0;0;0;0;0;0;100;0;0;0;0;0;0;0;0;0;0;0;0;100;0;100;0;0;100;0;0;0;0;0;0;0;0;100;100;0;0;0;0;100;100;0;0;0;0;0;0;0;0;0;0;0;0;0;100;0;0;0;0;0;0;0;0;0;0;0;0;0;0;0;0;0;0;0;0;0;0;0;0;0;0;100;0;0;0;0;0;0;0;100;0;0;0;0;0;0;0;0;0;0;0;0;100;0;0;0;0;0;0;0;100;100;100;0;0;0;0;0;0;0;0;0;0;100;100;0;100;0;0;0;0;100;100;100;100;0;0;0;0;0;0;0;0;0;0;0;0;0;0;0;0;0;0;0;0;0;0;0;0;0;0;0;0;0;0;0;0;0;0;0;0;0;0;0;0;0;0;0;0;0;0;100;100;0;0;0;0;0;0;0;0;0;0;0;0;0;0;0;0;0;0;0;0;0;0;0;0;0;0;0;0;100;0;100;0;0;0;0;0;0;100;100;0;0;0;0;;;;;
8_2005;0.00;0;0;0;0;0;0;100;0;0;0;0;0;0;100;0;0;0;0;0;100;0;0;0;0;0;100;100;0;0;0;0;0;0;0;0;0;0;100;0;0;100;0;0;0;0;100;0;0;0;0;0;0;0;0;0;0;0;0;0;0;0;0;0;0;0;100;0;0;0;0;0;0;0;0;100;0;0;0;0;0;0;0;0;0;0;0;0;100;0;100;0;0;100;0;0;0;0;0;0;0;0;100;100;0;0;0;0;100;100;0;0;0;0;0;0;0;0;0;0;0;0;0;100;0;0;0;0;0;0;0;0;0;0;0;0;0;0;0;0;0;0;0;0;0;0;0;0;0;0;100;0;0;0;0;0;0;0;100;0;0;0;0;0;0;0;0;0;0;0;0;100;0;0;0;0;0;0;0;100;100;100;0;0;0;0;0;0;0;0;0;0;100;100;0;100;0;0;0;0;100;100;100;100;0;0;0;0;0;0;0;0;0;0;0;0;0;0;0;0;0;0;0;0;0;0;0;0;0;0;0;0;0;0;0;0;0;0;0;0;0;0;0;0;0;0;0;0;0;0;100;100;0;0;0;0;0;0;0;0;0;0;0;0;0;0;0;0;0;0;0;0;0;0;0;0;0;0;0;0;100;0;100;0;0;0;0;0;0;100;100;0;0;0;0;;;;;
9_2005;0.00;0;0;0;0;0;0;100;0;0;0;0;0;0;100;0;0;0;0;0;100;0;0;0;0;0;100;100;0;0;0;0;0;0;0;0;0;0;100;0;0;100;0;0;0;0;100;0;0;0;0;0;0;0;0;0;0;0;0;0;0;0;0;0;0;0;100;0;0;0;0;0;0;0;0;100;0;0;0;0;0;0;0;0;0;0;0;0;100;0;100;0;0;100;0;0;0;0;0;0;0;0;100;100;0;0;0;0;100;100;0;0;0;0;0;0;0;0;0;0;0;0;0;100;0;0;0;0;0;0;0;0;0;0;0;0;0;0;0;0;0;0;0;0;0;0;0;0;0;0;100;0;0;0;0;0;0;0;100;0;0;0;0;0;0;0;0;0;0;0;0;100;0;0;0;0;0;0;0;100;100;100;0;0;0;0;0;0;0;0;0;0;100;100;0;100;0;0;0;0;100;100;100;100;0;0;0;0;0;0;0;0;0;0;0;0;0;0;0;0;0;0;0;0;0;0;0;0;0;0;0;0;0;0;0;0;0;0;0;0;0;0;0;0;0;0;0;0;0;0;100;100;0;0;0;0;0;0;0;0;0;0;0;0;0;0;0;0;0;0;0;0;0;0;0;0;0;0;0;0;100;0;100;0;0;0;0;0;0;100;100;0;0;0;0;;;;;
10_2005;0.00;0;0;0;0;0;0;100;0;0;0;0;0;0;100;0;0;0;0;0;100;0;0;0;0;0;100;100;0;0;0;0;0;0;0;0;0;0;100;0;0;100;0;0;0;0;100;0;0;0;0;0;0;0;0;0;0;0;0;0;0;0;0;0;0;0;100;0;0;0;0;0;0;0;0;100;0;0;0;0;0;0;0;0;0;0;0;0;100;0;100;0;0;100;0;0;0;0;0;0;0;0;100;100;0;0;0;0;100;100;0;0;0;0;0;0;0;0;0;0;0;0;0;100;0;0;0;0;0;0;0;0;0;0;0;0;0;0;0;0;0;0;0;0;0;0;0;0;0;0;100;0;0;0;0;0;0;0;100;0;0;0;0;0;0;0;0;0;0;0;0;100;0;0;0;0;0;0;0;100;100;100;0;0;0;0;0;0;0;0;0;0;100;100;0;100;0;0;0;0;100;93.5483871;100;100;0;0;0;0;0;0;0;0;0;0;0;0;0;0;0;0;0;0;0;0;0;0;0;0;0;0;0;0;0;0;0;0;0;0;0;0;0;0;0;0;0;0;0;0;0;0;100;100;0;0;0;0;0;0;0;0;0;0;0;0;0;0;0;0;0;0;0;0;0;0;0;0;0;0;0;0;100;0;100;0;0;0;0;0;0;100;100;0;0;0;0;;;;;
11_2005;0.00;0;0;0;0;0;0;100;0;0;0;0;0;0;100;0;0;0;0;0;100;0;0;0;0;0;100;100;0;0;0;0;0;0;0;0;0;0;100;0;0;100;0;0;0;0;100;0;0;0;0;0;0;0;0;0;0;0;0;0;0;0;0;0;0;0;100;0;0;0;0;0;0;0;0;100;0;0;0;0;0;0;0;0;0;0;0;0;100;0;100;0;0;100;0;0;0;0;0;0;0;0;100;100;0;0;0;0;100;100;0;0;0;0;0;0;0;0;0;0;0;0;0;100;0;0;0;0;0;0;0;0;0;0;0;0;0;0;0;0;0;0;0;0;0;0;0;0;0;0;100;0;0;0;0;0;0;0;100;46.66666667;0;0;0;0;0;0;0;0;0;0;0;100;0;0;0;0;0;0;0;100;100;100;40;0;0;0;0;0;0;0;0;0;100;100;0;100;0;0;0;0;100;100;100;100;0;0;0;0;0;0;0;0;0;0;0;0;0;0;0;0;0;0;0;0;0;0;0;0;0;0;0;0;0;0;0;0;0;0;0;0;0;0;0;0;0;0;0;0;0;0;100;100;0;0;0;0;0;0;0;0;0;0;0;0;0;0;0;0;0;0;0;0;0;0;0;0;0;0;0;0;100;0;100;0;0;0;0;0;0;100;100;0;0;0;0;;;;;
12_2005;0.00;0;0;0;0;0;0;100;0;0;0;0;0;0;100;0;0;0;0;0;100;0;0;0;0;0;100;100;0;0;0;0;0;0;0;0;0;0;100;0;0;100;0;0;0;0;100;0;0;0;0;0;0;0;0;0;0;0;0;0;0;0;0;0;0;0;100;0;0;0;0;0;0;0;0;100;0;0;0;0;0;0;0;0;0;0;0;0;100;0;100;0;0;100;0;0;0;0;0;0;0;0;100;100;0;0;0;0;100;100;0;0;0;0;0;0;0;0;0;0;0;0;0;100;0;0;0;0;0;0;0;0;0;0;0;0;0;0;0;0;0;0;0;0;0;0;0;0;0;0;100;0;0;0;0;0;0;0;100;100;0;0;0;0;0;0;0;0;0;0;0;100;0;0;0;0;0;0;0;100;100;100;100;0;0;0;0;0;0;0;0;0;100;100;0;100;0;0;0;0;100;100;100;100;0;0;0;0;0;0;0;0;0;0;0;0;0;0;0;0;0;0;0;0;0;0;0;0;0;0;0;0;0;0;0;0;0;0;0;0;0;0;0;0;0;0;0;0;0;0;100;100;0;0;0;0;0;0;0;0;0;0;0;0;0;0;0;0;0;0;0;0;0;0;0;0;0;0;0;0;100;0;100;0;0;0;0;0;0;100;100;0;0;0;0;;;;;
1_2006;0.00;0;0;0;0;0;0;100;0;0;0;0;0;0;100;0;0;0;0;0;100;0;0;0;0;0;100;0;0;0;0;0;0;0;0;0;0;0;100;0;0;100;0;0;0;0;100;0;0;0;0;0;0;0;0;0;0;0;0;0;0;0;0;0;0;0;100;0;0;0;0;0;0;0;0;100;0;0;0;0;0;0;0;0;0;0;0;0;100;0;100;0;0;100;0;0;0;0;0;0;0;0;100;100;0;0;0;0;100;100;0;0;0;0;0;0;0;0;0;0;0;0;0;100;0;0;0;0;0;0;0;0;0;0;0;0;0;0;0;0;0;0;0;0;0;0;0;0;0;0;100;0;0;0;0;0;0;0;100;100;0;0;0;0;0;0;0;0;0;0;0;100;0;0;0;0;0;0;0;100;100;100;100;0;0;0;0;0;0;0;0;0;100;100;0;100;0;0;0;0;100;100;100;100;0;0;0;0;0;0;0;0;0;0;0;0;0;0;0;0;0;0;0;0;0;0;0;0;0;0;0;0;0;0;0;0;0;0;0;0;0;0;0;0;0;0;0;0;0;0;100;100;0;0;0;0;0;0;0;0;0;0;0;0;0;0;0;0;0;0;0;0;0;0;0;0;0;0;0;0;100;0;100;0;0;0;0;0;0;100;100;0;0;0;0;;;;;
2_2006;0.00;0;0;0;0;0;0;100;0;0;0;0;0;0;100;0;0;0;0;0;100;0;0;0;0;0;100;0;0;0;0;0;0;0;0;0;0;0;100;0;0;100;0;0;0;0;100;0;0;0;0;0;0;0;0;0;0;0;0;0;0;0;0;0;0;0;100;0;0;0;0;0;0;0;0;100;0;0;0;0;0;0;0;0;0;0;0;0;100;0;100;0;0;100;0;0;0;0;0;0;0;0;100;100;0;0;0;0;100;100;0;0;0;0;0;0;0;0;0;0;0;0;0;100;0;0;0;0;0;0;0;0;0;0;0;0;0;0;0;0;0;0;0;0;0;0;0;0;0;0;100;0;0;0;0;0;0;0;100;100;0;0;0;0;0;0;0;0;0;0;0;100;0;0;0;0;0;0;0;100;100;100;100;0;0;0;0;0;0;0;0;0;100;100;0;100;0;0;0;0;100;100;100;0;0;0;0;0;0;0;0;0;0;0;0;0;0;0;0;0;0;0;0;0;0;0;0;0;0;0;0;0;0;0;0;0;0;0;0;0;0;0;0;0;0;0;0;0;0;0;100;100;0;0;0;0;0;0;0;0;0;0;0;0;0;0;0;0;0;0;0;0;0;0;0;0;0;0;0;0;100;0;100;0;0;0;0;0;0;100;100;0;0;0;0;;;;;
3_2006;0.00;0;0;0;0;0;0;100;0;0;0;0;0;0;100;0;0;0;0;0;100;0;0;0;0;0;100;0;0;0;0;0;0;0;0;0;0;0;100;0;0;100;0;0;0;0;100;0;0;0;0;0;0;0;0;0;0;0;0;0;0;0;0;0;0;0;100;0;0;0;0;0;0;0;0;100;0;0;0;0;0;0;0;0;0;0;0;0;100;0;100;0;0;100;0;0;0;0;0;0;0;0;100;100;0;0;0;0;100;100;0;0;0;0;0;0;0;0;0;0;0;0;0;100;0;0;0;0;0;0;0;0;64.51612903;0;0;0;0;0;0;0;0;0;0;0;0;0;0;0;0;0;100;0;0;0;0;0;0;0;100;100;0;0;0;0;0;0;0;0;0;0;0;100;0;0;0;0;0;0;0;100;100;100;100;0;0;0;0;0;0;0;0;0;100;100;0;100;0;0;0;0;100;100;100;0;0;0;0;0;0;0;0;0;0;0;0;0;0;0;0;0;0;0;0;0;0;0;0;0;0;0;0;0;0;0;0;0;0;0;0;0;0;0;0;0;0;0;0;0;0;0;100;100;0;0;0;0;0;0;0;0;0;0;0;0;0;0;0;0;0;0;0;0;0;0;0;0;0;0;0;0;100;0;100;0;0;0;0;0;0;100;100;0;0;0;0;;;;;
4_2006;0.00;0;0;0;0;0;0;100;0;0;0;0;0;0;100;0;0;0;0;0;100;0;0;0;0;0;100;0;0;0;0;0;0;0;0;0;0;0;100;0;0;100;0;0;0;0;100;0;0;0;0;0;0;0;0;0;0;0;0;0;0;0;0;0;0;0;100;0;0;0;0;0;0;0;0;100;0;0;0;0;0;0;0;0;0;0;0;0;100;0;100;0;0;100;0;0;0;0;0;0;0;0;100;100;0;0;0;0;100;100;0;0;0;0;0;0;0;0;0;0;0;0;0;100;0;0;0;0;0;0;0;0;100;0;0;0;0;0;0;0;0;0;0;0;0;0;0;0;0;0;100;0;0;0;0;0;0;0;100;100;0;0;0;0;0;0;0;0;0;0;0;100;0;0;0;0;0;0;0;100;100;100;100;0;0;0;0;0;0;0;0;0;100;100;0;100;0;0;0;0;100;100;0;0;0;0;0;0;0;0;0;0;0;0;0;0;0;0;0;0;0;0;0;0;0;0;0;0;0;0;0;0;0;0;0;0;0;0;0;0;0;0;0;0;0;0;0;0;0;0;100;100;0;0;0;0;0;0;0;0;0;0;0;0;0;0;0;0;0;0;0;0;0;0;0;0;0;0;0;0;100;0;0;0;0;0;0;0;0;100;100;0;0;0;0;;;;;
5_2006;0.00;0;0;0;0;0;0;100;0;0;0;0;0;0;100;0;0;0;0;0;100;0;0;0;0;0;100;0;0;0;0;0;0;0;0;0;0;0;100;0;0;100;0;0;0;0;100;0;0;0;0;0;0;0;0;0;0;0;0;0;0;0;0;0;0;0;100;0;0;0;0;0;0;0;0;100;0;0;0;0;0;0;0;0;0;0;0;0;100;0;100;0;0;100;0;0;0;0;0;0;0;0;100;100;0;0;0;0;100;100;0;0;0;0;0;0;0;0;0;0;0;0;0;100;0;0;0;0;0;0;0;0;70.96774194;0;0;0;0;0;0;0;0;0;0;0;0;0;0;0;0;0;100;0;0;0;0;0;0;0;100;100;0;0;0;0;0;0;0;0;0;0;0;100;0;0;0;0;0;0;0;100;100;100;100;0;0;0;0;0;0;0;0;0;100;100;0;100;0;0;0;0;100;100;0;0;0;0;0;0;0;0;0;0;0;0;0;0;0;0;0;0;0;0;0;0;0;0;0;0;0;0;0;0;0;0;0;0;0;0;0;0;0;0;0;0;0;0;0;0;0;0;100;100;0;0;0;0;0;0;0;0;0;0;0;0;0;0;0;0;0;0;0;0;0;0;0;0;0;0;0;0;100;0;0;0;0;0;0;0;0;100;100;0;0;0;0;;;;;
6_2006;0.00;0;0;0;0;0;0;100;0;0;0;0;0;0;100;0;0;0;0;0;100;0;0;0;0;0;100;0;0;0;0;0;0;0;0;0;0;0;100;0;0;100;0;0;0;0;100;0;0;0;0;0;0;0;0;0;0;0;0;0;0;0;0;0;0;0;100;0;0;0;0;0;0;0;0;100;0;0;0;0;0;0;0;0;0;0;0;0;100;0;100;0;0;100;0;0;0;0;0;0;0;0;100;100;0;0;0;0;100;0;0;0;0;0;0;86.66666667;0;0;0;0;0;0;0;100;0;0;0;0;0;0;0;0;86.66666667;86.66666667;0;0;0;0;0;0;0;0;0;0;0;0;0;0;0;0;100;0;0;0;0;0;0;0;100;100;0;0;0;0;0;0;0;0;0;0;0;100;0;0;0;0;0;0;0;100;100;100;100;0;0;0;0;0;0;0;0;0;100;100;0;100;0;0;0;0;100;100;0;0;0;0;0;0;0;0;0;0;80;0;76.66666667;76.66666667;80;0;0;0;0;0;0;0;0;0;0;0;0;0;0;0;0;0;0;0;0;0;0;0;0;0;0;0;0;0;0;0;0;0;100;100;0;0;0;0;0;0;0;0;0;0;0;0;0;0;0;0;0;0;0;0;0;0;0;0;0;0;0;0;100;0;0;0;0;0;0;0;0;100;100;83.33333333;0;0;0;;;;;
7_2006;0.00;0;0;0;0;0;0;0;0;0;0;0;0;0;100;0;0;0;0;0;100;0;0;0;0;0;100;100;0;0;0;0;0;0;0;0;0;0;100;0;0;100;0;0;0;0;100;0;0;0;0;0;0;0;0;0;0;0;0;0;0;0;0;0;0;0;100;0;0;0;0;0;0;0;0;100;0;0;0;0;0;0;0;0;0;0;0;0;100;0;100;0;0;100;0;0;0;0;0;0;0;0;100;100;0;0;0;0;100;100;0;0;0;0;0;100;0;0;0;0;0;0;0;100;0;0;0;0;0;0;0;0;100;100;0;0;0;0;0;0;0;0;0;0;0;0;0;0;0;0;100;0;0;0;0;0;0;0;100;0;0;0;0;0;0;0;0;0;0;0;0;100;0;0;0;0;0;0;0;100;100;0;0;0;0;0;0;0;0;0;0;0;100;100;0;100;0;0;0;0;100;100;0;38.70967742;0;0;0;0;0;0;0;0;100;9.677419355;100;100;100;0;0;0;0;0;0;0;0;0;0;0;0;0;0;0;0;0;0;0;0;0;0;0;0;0;0;0;0;0;0;0;0;0;100;100;0;0;0;0;12.90322581;0;0;12.90322581;0;0;0;0;0;0;0;0;0;0;0;0;0;0;0;0;0;0;0;0;100;0;0;0;0;0;0;0;0;100;100;100;0;0;0;;;;;
8_2006;0.00;0;0;0;0;0;0;100;0;0;0;0;0;0;100;0;0;0;0;0;100;0;0;0;0;0;100;100;0;0;0;0;0;0;0;0;0;0;100;0;0;100;0;0;0;0;100;0;0;0;0;0;0;0;0;0;0;0;0;0;0;0;0;0;0;0;100;0;0;0;0;0;0;0;0;100;0;0;0;0;0;0;0;0;0;0;0;0;100;0;100;0;0;100;0;0;0;0;0;0;0;0;100;100;0;0;0;0;100;100;0;0;0;0;0;32.25806452;0;0;0;0;0;0;0;100;0;0;0;0;0;0;0;0;100;100;0;0;0;0;0;0;0;0;0;0;0;0;0;0;0;0;100;0;0;0;0;0;0;0;100;100;0;0;0;0;0;0;0;0;0;0;0;100;0;0;0;0;0;0;0;100;100;100;100;0;0;0;0;0;0;0;0;0;100;100;0;100;0;0;0;0;100;100;100;100;0;0;0;0;0;0;0;0;100;100;100;100;0;0;0;0;0;0;0;0;0;0;0;0;0;0;0;0;0;0;0;0;0;0;0;0;0;0;0;0;0;0;0;0;0;0;100;100;0;0;0;0;100;0;0;100;0;0;0;0;0;0;0;0;0;0;0;0;0;0;0;0;0;0;0;0;100;0;100;93.5483871;0;0;0;0;0;100;100;100;0;0;0;;;;;
9_2006;0.00;0;0;0;0;0;0;100;0;0;0;0;0;0;100;0;0;0;0;0;100;0;0;0;0;0;100;100;0;0;0;0;0;0;0;0;0;0;100;0;0;100;0;0;0;0;100;0;0;0;0;0;0;0;0;0;0;0;0;0;0;0;0;0;0;0;100;0;0;0;0;0;0;0;0;100;0;0;0;0;0;0;0;0;0;0;0;0;100;0;100;0;0;100;0;0;0;0;0;0;0;0;100;100;0;0;0;0;100;100;0;0;0;0;0;60;0;0;0;0;0;0;0;100;0;0;0;0;0;0;0;0;40;100;0;0;0;0;0;0;0;0;0;0;0;0;0;0;0;0;100;0;0;0;0;0;0;0;100;100;0;0;0;0;0;0;0;0;0;0;0;100;0;0;0;0;0;0;0;100;100;100;100;0;0;0;0;0;0;0;0;0;100;100;0;100;0;0;0;0;100;100;100;100;0;0;0;0;0;0;0;0;100;100;100;100;73.33333333;0;0;0;0;0;0;0;0;0;0;0;0;0;0;0;0;0;0;0;0;0;0;0;0;0;0;0;0;0;0;0;0;0;100;100;0;0;0;0;100;0;0;100;0;0;0;0;0;0;0;0;0;0;0;0;0;0;0;0;0;0;0;0;100;0;100;100;0;0;0;0;0;100;0;100;0;0;0;;;;;
10_2006;0.00;0;0;0;0;0;0;100;0;0;0;0;0;0;100;0;0;0;0;0;100;0;0;0;0;0;100;100;0;0;0;0;0;0;0;0;0;0;100;0;0;100;0;0;0;0;100;0;0;0;0;0;0;0;0;0;0;0;0;0;0;0;0;0;0;0;100;0;0;0;0;0;0;0;0;100;0;0;0;0;0;0;0;0;0;0;0;0;100;0;100;0;0;100;0;0;0;0;0;0;0;0;100;100;0;0;0;0;100;100;0;0;0;0;0;100;0;0;0;0;0;0;0;0;0;0;0;0;0;0;0;0;0;100;0;0;0;0;0;0;0;0;0;0;0;0;0;0;0;0;100;0;0;0;0;0;0;0;100;100;0;0;0;0;0;0;0;0;0;0;0;100;0;0;0;0;0;0;0;100;100;100;100;0;0;0;0;0;0;0;0;0;100;100;0;100;0;0;0;0;100;100;100;100;0;0;0;0;0;0;0;0;100;100;100;100;77.41935484;0;0;0;0;0;0;0;0;0;0;0;0;0;0;0;0;0;0;0;0;0;0;0;0;0;0;0;0;0;0;0;0;0;0;0;0;0;0;0;100;0;0;100;0;0;0;0;0;0;0;0;0;0;0;0;0;0;0;0;0;0;0;0;100;0;100;100;0;0;0;0;0;0;0;100;0;0;0;;;;;
11_2006;0.00;0;0;0;0;0;0;100;0;0;0;0;0;0;100;0;0;0;0;0;100;0;0;0;0;0;100;0;0;0;0;0;0;0;0;0;0;0;100;0;0;100;0;0;0;0;100;0;0;0;0;0;0;0;0;0;0;0;0;0;0;0;0;0;0;0;100;0;0;0;0;0;0;0;0;100;0;0;0;0;0;0;0;0;0;0;0;0;100;0;100;0;0;100;0;0;0;0;0;0;0;0;100;100;0;0;0;0;100;100;0;0;0;0;0;100;0;0;0;0;0;0;0;0;0;0;0;0;0;0;0;0;30;100;0;0;0;0;0;0;0;0;0;0;0;0;0;0;0;0;100;0;0;0;0;0;0;0;100;100;0;0;0;0;0;0;0;0;0;0;0;100;0;0;0;0;0;0;0;100;100;100;100;0;0;0;0;0;0;0;0;0;100;100;0;100;0;0;0;0;100;100;100;100;0;0;0;0;0;0;0;0;100;100;83.33333333;100;23.33333333;0;0;0;0;0;0;0;0;0;0;0;0;0;0;0;0;0;0;0;0;0;0;0;0;0;0;0;0;0;0;0;0;0;0;0;0;0;0;0;100;0;0;100;0;0;0;0;0;0;0;0;0;0;0;0;0;0;0;0;0;0;0;0;100;0;100;100;0;0;0;0;0;0;0;100;0;0;0;;;;;
12_2006;0.00;0;0;0;0;0;0;100;0;0;0;0;0;0;100;0;0;0;0;0;100;0;0;0;0;0;100;100;0;0;0;0;0;0;0;0;0;0;100;0;0;100;0;0;0;0;100;0;0;0;0;0;0;0;0;0;0;0;0;0;0;0;0;0;0;0;100;0;0;0;0;0;0;0;0;100;0;0;0;0;0;0;0;0;0;0;0;0;100;0;100;0;0;100;0;0;0;0;0;0;0;0;100;100;0;0;0;0;100;100;0;0;0;58.06451613;0;100;0;0;0;0;0;0;0;0;0;0;0;0;83.87096774;100;0;0;100;100;0;0;0;0;0;0;0;0;0;0;0;0;0;0;0;0;100;0;0;0;0;0;0;0;100;100;0;0;0;0;0;0;0;0;0;0;0;100;0;0;0;0;0;0;0;100;100;100;100;100;0;0;0;0;0;0;0;0;100;100;0;100;0;0;0;0;100;100;100;100;0;0;0;0;0;0;0;0;100;100;0;100;100;0;0;0;0;0;0;0;0;0;0;0;0;0;0;0;0;0;0;0;0;0;0;0;0;0;0;0;0;0;0;0;0;0;0;0;0;0;0;0;100;61.29032258;83.87096774;100;0;0;0;0;0;0;0;0;0;0;0;0;0;0;0;0;0;0;0;0;100;0;100;100;0;0;0;0;0;0;0;100;0;0;0;;;;;
1_2007;0.00;0;0;0;0;0;0;100;0;0;0;0;0;0;100;0;0;0;0;0;100;0;0;0;0;0;100;100;0;0;0;0;0;0;0;0;0;0;100;0;0;100;0;0;0;0;100;0;0;0;0;0;0;0;0;0;0;0;0;0;0;0;0;0;0;0;100;0;0;0;0;0;0;0;0;100;0;0;0;0;0;0;0;0;0;0;0;0;100;0;100;0;0;100;0;0;0;0;0;0;0;0;100;100;0;0;0;0;100;100;0;0;0;100;0;100;0;0;0;0;0;0;0;0;0;0;0;0;100;100;0;0;100;100;0;0;0;0;0;0;0;0;0;0;0;0;0;0;0;0;100;0;0;0;0;0;0;0;100;100;0;0;0;0;0;0;0;0;0;0;0;100;0;0;0;0;0;0;0;100;100;100;100;100;0;0;0;0;0;0;0;0;100;100;0;100;0;0;0;0;100;100;100;100;0;0;0;0;0;0;0;0;100;100;0;100;100;0;0;0;0;0;0;0;0;0;0;0;0;0;0;0;0;0;0;0;0;0;0;0;0;0;0;0;0;0;0;0;0;0;0;0;0;0;0;0;100;100;100;100;0;0;0;0;0;0;0;0;0;0;0;0;0;0;0;0;0;0;0;0;100;0;100;100;0;0;0;0;0;0;0;100;0;0;0;;;;;
2_2007;0.00;0;0;0;0;0;0;100;0;0;0;0;0;0;100;0;0;0;0;0;100;0;0;0;0;0;100;100;0;0;0;0;0;0;0;0;0;0;100;0;0;100;0;0;0;0;100;0;0;0;0;0;0;0;0;0;0;0;0;0;0;0;0;0;0;0;100;0;0;0;0;0;0;0;0;96.42857143;0;0;0;0;0;0;0;0;0;0;0;0;100;0;100;0;0;0;0;0;0;0;0;0;0;0;100;100;0;0;0;0;100;100;0;0;0;100;0;3.571428571;0;0;0;0;0;0;0;0;0;0;0;0;100;100;0;0;100;100;0;0;0;0;0;0;0;0;0;0;0;0;0;0;0;0;100;0;0;0;0;0;0;0;100;100;0;0;0;0;0;0;0;0;0;0;0;100;0;0;0;0;0;0;0;100;100;100;100;100;0;0;0;0;0;0;0;0;100;100;0;100;0;0;0;0;100;100;100;100;0;0;0;0;0;0;0;0;100;100;0;100;100;0;0;0;0;0;0;0;0;0;0;0;0;0;0;0;0;0;0;0;0;0;0;0;0;0;0;0;0;0;0;0;0;0;0;0;0;0;0;0;100;100;100;100;0;0;0;0;0;0;0;0;0;0;0;0;0;0;0;0;0;0;0;0;100;0;100;100;0;0;0;0;0;0;0;21.42857143;0;0;0;;;;;
3_2007;0.00;0;0;0;0;0;0;100;0;0;0;0;0;0;100;0;0;0;0;0;100;0;0;0;0;0;100;100;0;0;0;0;0;0;0;0;0;0;100;0;0;100;0;0;0;0;100;0;0;0;0;0;0;0;0;0;0;0;0;0;0;0;0;0;0;0;100;0;0;0;0;0;0;0;0;100;0;0;0;0;0;0;0;0;0;0;0;0;100;0;100;0;0;100;0;0;0;0;0;0;0;0;100;100;0;0;0;0;100;100;0;0;0;100;0;25.80645161;0;0;0;0;0;0;0;0;0;0;0;0;100;100;0;0;100;100;0;0;0;0;0;0;0;0;0;0;0;0;0;0;0;0;100;0;0;0;0;0;0;0;100;100;0;0;0;0;0;0;0;0;0;0;0;100;0;0;0;0;0;0;0;100;100;100;100;100;0;0;0;0;0;0;0;0;100;100;0;100;0;0;0;0;100;100;100;100;0;0;0;0;0;0;0;0;100;100;22.58064516;100;48.38709677;0;0;0;0;0;0;0;0;0;0;0;0;0;0;0;0;0;0;0;0;0;0;0;0;0;0;0;0;0;0;0;0;0;0;0;0;0;0;0;100;100;100;100;0;0;0;0;0;0;0;0;0;0;0;0;0;0;0;0;0;0;0;0;100;0;100;100;0;0;0;0;0;0;29.03225806;0;0;0;0;;;;;
4_2007;0.00;0;0;0;0;0;0;100;0;0;0;0;0;0;100;0;0;0;0;0;100;0;0;0;0;0;100;100;0;0;0;0;0;0;0;0;0;0;100;0;0;100;0;0;0;0;100;0;0;0;0;0;0;0;0;0;0;0;0;0;0;0;0;0;0;0;100;0;0;0;0;0;0;0;0;100;0;0;0;0;0;0;0;0;0;0;0;0;100;0;100;0;0;100;0;0;0;0;0;0;0;0;100;100;0;0;0;0;100;100;0;0;46.66666667;100;0;100;0;0;0;0;0;0;0;0;0;0;0;0;100;100;0;0;100;100;0;0;0;0;0;0;0;0;0;0;0;0;0;0;0;0;100;0;0;0;0;0;0;0;100;100;0;0;0;0;0;0;0;0;0;0;0;100;0;0;0;0;0;0;0;100;100;100;100;100;0;0;0;0;0;0;0;0;100;100;0;100;0;0;0;0;100;0;100;100;0;40;26.66666667;0;0;0;0;0;100;100;100;100;0;0;0;0;0;0;0;0;0;0;0;0;0;0;0;0;0;0;0;0;0;0;0;0;0;0;0;0;0;0;0;0;0;0;0;0;0;0;0;36.66666667;100;100;100;100;0;0;0;0;0;0;0;0;0;0;0;0;0;0;0;0;0;0;0;0;100;0;100;100;0;0;0;0;0;0;100;0;0;0;0;;;;;
5_2007;0.00;0;0;0;0;0;0;100;0;0;0;0;0;0;100;0;0;0;0;0;100;0;0;0;0;0;100;100;0;0;0;0;0;0;0;0;0;0;100;0;0;100;0;0;0;0;100;0;0;0;0;0;0;0;0;0;0;0;0;0;0;0;0;0;0;0;100;0;0;0;0;0;0;0;0;100;0;0;0;0;0;0;0;0;0;0;0;0;100;0;100;0;0;100;0;0;0;0;0;0;0;0;100;100;0;0;0;0;100;100;0;0;100;100;0;96.77419355;0;0;0;0;0;0;0;0;0;0;0;0;100;100;0;0;100;100;0;0;0;0;0;0;0;0;0;0;0;0;0;0;0;0;100;0;0;0;0;0;0;0;100;100;0;0;0;0;0;0;0;0;0;0;0;100;0;0;0;0;0;0;0;100;100;100;100;100;0;0;0;0;0;0;0;0;100;100;0;100;0;0;0;0;100;100;100;100;0;100;0;0;0;0;0;0;100;100;100;100;0;0;0;0;0;0;0;0;0;0;0;0;0;0;0;0;0;0;0;0;0;0;0;0;0;0;0;0;0;0;0;0;0;0;0;0;0;0;0;0;100;100;100;100;0;0;0;0;0;0;0;0;0;0;0;0;0;0;0;0;0;0;0;0;100;0;100;100;0;0;0;0;0;0;100;0;0;0;0;;;;;
6_2007;0.00;0;0;0;0;0;0;100;0;0;0;0;0;0;100;0;0;0;0;0;100;0;0;0;0;0;100;100;0;0;0;0;0;0;0;0;0;0;100;0;0;100;0;0;0;0;100;0;0;0;0;0;0;0;0;0;0;0;0;0;0;0;0;0;0;0;100;0;0;0;0;0;0;0;0;100;0;0;0;0;0;0;0;0;0;0;0;0;100;0;100;0;0;100;0;0;0;0;0;0;0;0;100;100;0;0;0;0;100;100;0;0;100;100;0;0;0;0;0;0;0;0;0;0;0;0;0;0;100;100;0;0;100;100;0;0;0;0;0;0;0;0;0;0;0;0;0;0;0;0;100;0;0;0;0;0;0;0;100;100;0;0;0;0;0;0;0;0;0;0;0;100;0;0;0;0;0;0;0;100;100;100;100;100;0;0;0;0;0;0;0;0;100;100;0;100;0;0;0;0;100;100;100;100;0;100;0;0;0;0;0;0;100;100;100;100;0;0;0;0;0;0;0;0;0;0;0;0;0;0;0;0;0;0;0;0;0;0;0;0;0;0;0;0;0;0;0;0;0;0;0;0;0;0;0;0;100;100;100;100;0;0;0;0;0;0;0;0;0;0;0;0;0;0;0;0;0;0;0;0;100;0;100;100;0;0;0;0;0;0;100;0;0;0;0;;;;;
7_2007;0.00;0;0;0;0;0;0;100;0;0;0;0;0;0;100;0;0;0;0;0;100;0;0;0;0;0;100;100;0;0;0;0;0;0;0;0;0;0;100;0;0;100;0;0;0;0;100;0;0;0;0;0;0;0;0;0;0;0;0;0;0;0;0;0;0;0;100;0;0;0;0;0;0;0;0;100;0;0;0;0;0;0;0;0;0;0;0;0;100;0;100;0;0;100;0;0;0;0;0;0;0;0;100;100;0;0;0;0;100;100;0;0;100;100;0;0;0;0;0;0;0;0;0;0;0;0;0;0;100;100;0;0;100;100;0;0;0;0;0;0;0;0;0;0;0;0;0;0;0;0;100;0;0;0;0;0;0;0;100;100;0;0;0;0;0;0;0;0;0;0;0;100;0;0;0;0;0;0;0;100;100;100;100;100;0;0;0;0;0;0;0;0;100;100;0;100;0;0;0;0;100;100;100;100;0;100;0;0;0;0;0;0;100;100;100;41.93548387;0;0;0;0;0;0;0;0;0;0;0;0;0;0;0;0;0;0;0;0;0;0;0;0;0;0;0;0;0;0;0;0;0;0;0;0;0;0;0;0;100;100;100;100;0;0;0;0;0;0;0;0;0;0;0;0;0;0;0;0;0;0;0;0;100;0;100;100;0;0;0;0;0;0;100;0;0;0;0;;;;;
8_2007;0.00;0;0;0;0;0;0;100;0;0;0;0;0;0;100;0;0;0;0;0;100;0;0;0;0;0;100;100;0;0;0;0;0;0;0;0;0;0;100;0;0;100;0;0;0;0;100;0;0;0;0;0;0;0;0;0;0;0;0;0;0;0;0;0;0;0;100;0;0;0;0;0;0;0;0;100;0;0;0;0;0;0;0;0;0;0;0;0;100;0;100;0;0;100;0;0;0;0;0;0;0;0;100;100;0;0;0;0;100;100;0;0;100;100;0;45.16129032;0;0;0;0;0;0;0;0;0;0;0;0;100;100;0;0;100;45.16129032;0;0;0;0;0;0;0;0;0;0;0;0;0;0;0;0;100;0;0;0;0;0;0;0;100;100;0;0;0;0;0;0;0;0;0;0;0;100;0;0;0;0;0;0;0;100;100;100;100;100;0;0;0;0;0;0;0;0;100;100;0;100;0;0;0;0;100;100;100;100;0;58.06451613;0;0;0;0;0;0;100;100;100;0;51.61290323;0;0;0;0;0;0;0;0;0;0;0;0;0;0;0;0;0;0;0;0;0;0;0;0;0;0;0;0;0;0;0;0;0;0;0;0;0;0;48.38709677;100;100;100;100;0;0;0;0;0;0;0;0;0;0;0;0;0;0;0;0;0;0;0;0;100;0;100;100;0;0;0;0;0;0;100;0;0;0;0;;;;;
9_2007;0.00;0;0;0;0;0;0;100;0;0;0;0;0;0;100;0;0;0;0;0;100;0;0;0;0;0;100;100;0;0;0;0;0;0;0;0;0;0;100;0;0;100;0;0;0;0;100;0;0;0;0;0;0;0;0;0;0;0;0;0;0;0;0;0;0;0;100;0;0;0;0;0;0;0;0;100;0;0;0;0;0;0;0;0;0;0;0;0;100;0;100;0;0;100;0;0;0;0;0;0;0;0;100;100;0;0;0;0;100;100;0;0;100;100;0;100;0;0;0;0;0;0;0;36.66666667;0;0;0;0;100;100;0;0;100;0;0;0;0;0;0;0;0;0;0;0;0;0;0;0;0;0;100;0;0;0;0;0;0;0;100;100;0;0;0;0;0;0;0;0;0;0;0;100;0;0;0;0;0;0;0;100;100;100;100;100;0;0;0;0;0;0;0;0;100;100;0;100;0;0;0;0;100;100;100;100;0;0;0;0;0;0;0;0;100;100;100;0;100;0;0;0;0;0;0;0;0;0;0;0;0;0;0;0;0;0;0;0;0;0;0;0;0;0;0;0;0;0;0;0;0;0;36.66666667;40;0;0;0;10;100;100;100;100;0;0;0;0;0;0;0;0;0;0;0;0;0;0;0;0;0;0;0;0;100;0;100;100;0;0;0;0;0;30;100;0;0;0;0;;;;;
10_2007;0.00;0;0;0;0;0;0;100;0;0;0;0;0;0;100;0;0;0;0;0;100;38.70967742;0;0;0;0;100;100;0;0;0;0;0;0;0;0;0;0;100;0;0;100;0;0;0;0;100;0;0;0;0;0;0;0;0;0;0;0;0;0;0;0;0;0;0;0;100;0;0;0;0;0;0;0;0;100;0;0;0;0;0;0;0;0;0;0;0;0;100;0;100;0;0;100;0;0;0;0;0;0;0;0;100;100;0;0;0;0;100;100;0;0;100;100;41.93548387;83.87096774;0;0;0;0;0;0;0;100;0;0;0;0;100;100;0;38.70967742;100;61.29032258;0;0;0;0;0;0;0;0;0;0;0;0;0;0;0;0;100;0;0;0;0;0;0;0;100;100;0;0;0;0;0;0;0;0;0;0;0;100;0;0;0;0;0;0;0;100;100;100;100;100;0;0;0;0;0;0;0;0;100;100;0;100;0;0;0;0;100;100;100;100;0;0;35.48387097;0;0;0;0;0;100;100;100;0;100;0;0;0;0;0;0;0;0;0;0;0;0;0;0;0;0;0;0;0;0;0;0;0;0;0;0;0;0;0;0;0;0;0;100;100;0;0;0;29.03225806;54.83870968;100;100;54.83870968;0;0;0;0;0;0;0;0;0;0;0;0;0;0;0;0;0;0;0;0;100;0;100;100;0;0;0;0;0;100;100;0;0;0;0;;;;;
11_2007;0.00;0;0;0;0;0;0;100;0;0;0;0;0;0;100;0;0;0;0;0;100;100;0;0;0;0;100;100;0;0;0;0;0;0;0;0;0;0;100;0;0;100;0;0;0;0;100;0;0;0;0;0;0;0;0;0;0;0;0;0;0;0;0;0;0;0;100;0;0;0;0;0;0;0;0;100;0;0;0;0;0;0;0;0;0;0;0;0;100;0;100;0;0;100;0;0;0;0;0;0;0;0;100;100;0;0;0;0;100;100;0;0;100;100;100;100;0;0;0;0;0;0;0;100;0;0;0;0;100;100;0;100;100;100;0;0;0;0;0;0;0;0;0;0;0;0;0;0;0;0;100;0;0;0;0;0;0;0;100;100;0;0;0;0;0;0;0;0;0;0;0;100;0;0;0;0;0;0;0;100;100;100;100;100;0;0;0;0;0;0;0;0;100;100;0;100;0;0;0;0;100;100;100;100;0;0;6.666666667;0;0;0;0;0;100;100;100;0;100;0;0;0;0;0;0;0;0;0;0;0;0;0;0;0;0;0;0;0;0;0;0;0;0;0;0;0;0;0;0;0;0;0;100;100;0;0;0;6.666666667;0;100;100;0;0;0;0;0;0;0;0;0;0;0;0;0;0;0;0;0;0;0;0;0;100;0;100;100;0;0;0;0;0;100;100;0;0;0;0;;;;;
12_2007;0.00;0;0;0;0;0;0;100;0;0;0;0;0;0;100;0;0;0;0;0;100;100;0;0;0;0;100;100;0;0;0;0;0;0;0;0;0;0;100;0;0;100;0;0;0;0;100;0;0;0;0;0;0;0;0;0;0;0;0;0;0;0;0;0;0;0;100;0;0;0;0;0;0;0;0;100;0;0;0;0;0;0;0;0;0;0;0;0;100;0;100;0;0;100;0;0;0;0;0;0;0;0;100;100;0;0;0;0;100;100;0;0;100;100;100;100;0;0;0;0;0;0;0;100;0;0;0;0;100;100;0;100;100;100;0;0;0;0;0;0;0;0;0;0;0;0;0;0;0;0;100;0;0;0;0;0;0;0;100;100;0;0;0;0;0;0;0;0;0;0;0;100;0;0;0;0;0;0;0;100;100;100;100;100;0;0;0;0;0;0;0;0;100;100;0;100;0;0;0;0;100;100;100;100;0;0;25.80645161;0;0;0;0;0;100;100;19.35483871;100;100;0;0;0;0;0;0;0;0;0;0;0;0;0;0;0;0;0;0;0;0;0;0;0;0;0;0;0;0;0;0;0;0;0;100;100;0;0;0;19.35483871;0;100;100;0;0;0;0;0;0;0;0;0;0;0;0;0;0;0;0;0;0;0;0;0;100;0;100;100;0;0;0;0;0;100;100;0;0;0;0;;;;;
1_2008;0.00;0;0;0;0;0;0;100;0;0;0;0;0;0;100;0;0;0;0;0;100;100;0;0;0;0;0;100;0;0;0;0;0;0;0;0;0;0;100;0;0;100;0;0;0;0;100;0;0;0;0;0;0;0;0;0;0;0;0;0;0;0;0;0;0;0;100;0;0;0;0;0;0;0;0;100;0;0;0;0;0;0;0;0;0;0;0;0;100;0;100;0;0;100;0;0;0;0;0;0;0;0;100;100;0;0;0;0;100;100;0;0;100;100;61.29032258;16.12903226;0;0;0;0;0;0;0;100;0;0;0;0;100;100;0;90.32258065;100;100;0;0;0;0;0;0;0;0;0;0;0;0;0;0;0;0;100;0;0;0;0;0;0;0;100;100;0;0;0;0;0;0;0;0;0;0;0;100;0;0;0;0;0;0;0;100;100;100;100;100;0;0;0;0;0;0;0;0;100;100;0;100;0;0;0;0;100;100;100;100;0;0;0;0;0;0;0;0;100;100;0;100;54.83870968;0;0;0;0;0;0;0;0;0;0;0;0;0;0;0;0;0;0;0;0;0;0;0;0;0;0;0;0;0;0;0;0;0;100;100;0;0;0;0;0;100;100;0;0;0;0;0;0;0;0;0;0;0;0;0;0;0;0;0;0;0;0;0;100;0;100;100;0;0;0;0;0;100;100;0;0;0;0;;;;;
2_2008;0.00;0;0;0;0;0;0;100;0;0;0;0;0;0;100;0;0;0;0;0;100;100;0;0;0;0;0;100;0;0;0;0;0;0;0;0;0;0;100;0;0;100;0;0;0;0;100;0;0;0;0;0;0;0;0;0;0;0;0;0;0;0;0;0;0;0;100;0;0;0;0;0;0;0;0;100;0;0;0;0;0;0;0;0;0;0;0;0;100;0;100;0;0;100;0;0;0;0;0;0;0;0;100;100;0;0;0;0;100;100;0;0;100;100;0;0;0;0;0;0;0;0;0;100;0;0;0;0;100;100;0;100;100;100;0;0;0;0;0;0;0;0;0;0;0;0;0;0;0;0;100;0;0;0;0;0;0;0;100;100;0;0;0;0;0;0;0;0;0;0;0;100;0;0;0;0;0;0;0;100;100;100;100;100;0;0;0;0;0;0;0;0;100;100;0;100;0;0;0;0;100;100;100;100;0;0;0;0;0;0;0;0;100;100;0;100;0;0;0;0;0;0;0;0;0;0;0;0;0;0;0;0;0;0;0;0;0;0;0;0;0;0;0;0;0;0;0;0;0;0;100;100;0;0;0;0;0;100;100;0;0;0;0;0;0;0;0;0;0;0;0;0;0;0;0;0;0;0;0;0;100;0;100;100;0;0;0;0;0;100;100;0;0;0;0;;;;;
3_2008;0.00;0;0;0;0;0;0;100;0;0;0;0;0;0;100;0;0;0;0;0;100;100;0;0;0;0;100;100;0;0;0;0;0;0;0;0;0;0;100;0;0;100;0;0;0;0;100;0;0;0;0;0;0;0;0;0;0;0;0;0;0;0;0;0;0;0;100;0;0;0;0;0;0;0;0;100;0;0;0;0;0;0;0;0;0;0;0;0;100;0;100;0;0;100;0;0;0;0;0;0;0;0;100;100;0;0;0;0;100;100;0;0;100;100;0;0;0;0;0;0;0;0;0;100;0;0;0;0;100;100;0;100;100;100;0;0;0;0;0;0;0;0;0;0;0;0;0;0;0;0;100;0;0;0;0;0;0;0;100;100;0;0;0;0;0;0;0;0;0;0;0;83.87096774;0;0;0;0;0;0;0;100;100;100;100;100;0;0;0;0;0;0;0;0;100;100;0;100;0;0;0;0;100;100;100;100;0;22.58064516;0;0;0;0;0;0;100;100;0;100;0;0;0;0;0;0;0;0;0;0;0;0;0;0;0;0;0;0;0;0;0;0;0;0;0;0;0;0;0;0;0;0;0;0;100;100;0;0;0;0;0;100;100;0;0;0;0;0;0;0;0;0;0;0;0;0;0;0;0;0;0;0;0;0;100;0;100;100;0;0;0;0;0;100;100;0;0;0;0;;;;;
4_2008;0.00;0;0;0;0;0;0;100;0;0;0;0;0;0;100;0;0;0;0;0;100;100;0;0;0;0;100;100;0;0;0;0;0;0;0;0;0;0;100;0;0;100;0;0;0;0;100;0;0;0;0;0;0;0;0;0;0;0;0;0;0;0;0;0;0;0;100;0;0;0;0;0;0;0;0;100;0;0;0;0;0;0;0;0;0;0;0;0;100;0;100;0;0;100;0;0;0;0;0;0;0;0;100;100;0;0;0;0;100;100;0;0;100;100;0;0;0;0;0;0;0;0;0;0;0;0;0;0;100;100;0;100;100;100;0;0;0;0;0;0;0;0;0;0;0;0;0;0;0;0;100;0;0;0;0;0;0;0;100;100;0;0;0;0;0;0;0;0;0;0;0;100;0;0;0;0;0;0;0;100;100;100;100;100;0;0;0;0;0;0;0;0;100;100;0;100;0;0;0;0;100;100;100;100;0;100;0;0;0;0;0;0;100;100;0;100;0;0;0;0;0;0;0;0;0;0;0;0;0;0;0;0;0;0;0;0;0;0;0;0;0;0;0;0;0;0;0;0;0;0;0;0;0;0;0;0;0;100;100;0;0;0;0;0;0;0;0;0;0;0;0;0;0;0;0;0;0;0;0;0;100;0;100;100;0;0;0;0;0;100;100;0;0;0;0;;;;;
5_2008;0.00;0;0;0;0;0;0;100;0;0;0;0;0;0;100;0;0;0;0;0;100;100;0;0;0;0;100;100;0;0;0;0;0;0;0;0;0;0;100;0;0;100;0;0;0;0;100;0;0;0;0;0;0;0;0;0;0;0;0;0;0;0;0;0;0;0;100;0;0;0;0;0;0;0;0;100;0;0;0;0;0;0;0;0;0;0;0;0;100;0;100;0;0;100;0;0;0;0;0;0;0;0;100;100;0;0;0;0;100;100;0;0;100;100;0;61.29032258;0;0;0;0;0;0;0;0;0;0;0;0;100;100;0;100;100;100;0;0;0;0;0;0;0;0;0;0;0;0;0;0;0;0;100;0;0;0;0;0;0;0;100;100;0;0;0;0;0;0;0;0;0;0;0;100;0;0;0;0;0;0;0;100;100;100;100;100;0;0;0;0;0;0;0;0;100;100;0;100;0;0;0;0;100;100;100;100;0;100;0;0;0;0;0;0;100;100;67.74193548;100;70.96774194;0;0;0;0;0;0;0;0;0;0;0;0;0;0;0;0;0;0;0;0;0;0;0;0;0;0;0;0;0;0;0;0;0;0;0;0;0;0;0;0;100;100;0;0;0;0;0;0;0;0;0;0;0;0;0;0;0;0;0;0;0;0;0;100;0;100;100;0;0;0;0;0;100;100;0;0;0;0;;;;;
6_2008;0.00;0;0;0;0;0;0;100;0;0;0;0;0;0;100;0;0;0;0;0;100;100;0;0;0;0;100;100;0;0;0;0;0;0;0;0;0;0;100;0;0;100;0;0;0;0;100;0;0;0;0;0;0;0;0;0;0;0;0;0;0;0;0;0;0;0;100;0;0;0;0;0;0;0;0;100;0;0;0;0;0;0;0;0;0;0;0;0;100;0;100;0;0;100;0;0;0;0;0;0;0;0;100;100;0;0;0;0;100;100;0;0;100;100;0;100;0;0;0;0;0;0;0;100;0;0;0;0;100;100;0;100;100;100;0;0;0;0;0;0;0;0;0;0;0;0;0;0;0;0;100;0;0;0;0;0;0;0;100;100;0;0;0;0;0;0;0;0;0;0;0;100;0;0;0;0;0;0;0;100;100;100;100;100;0;0;0;0;0;0;0;0;100;100;0;100;0;0;0;0;100;100;100;0;0;33.33333333;0;0;0;0;0;0;100;100;100;100;100;0;0;0;0;0;0;0;0;0;0;0;0;0;0;0;0;0;0;0;0;0;0;0;0;0;0;0;0;0;0;0;0;0;100;100;0;0;0;0;0;100;100;0;0;0;0;0;0;0;0;0;0;0;0;0;0;0;0;0;0;0;0;0;100;0;100;100;0;0;0;0;0;100;100;60;0;0;0;;;;;
7_2008;0.00;0;0;0;0;0;0;100;0;0;0;0;0;0;100;0;0;0;0;0;100;100;0;0;0;0;100;100;0;0;0;0;0;0;0;0;0;0;100;0;0;100;0;0;0;0;100;0;0;0;0;0;0;0;0;0;0;0;0;0;0;0;0;0;0;0;100;0;0;0;0;0;0;0;0;100;0;0;0;0;0;0;0;0;0;0;0;0;100;0;100;0;0;100;0;0;0;0;0;0;0;0;100;100;0;0;0;0;100;100;0;0;9.677419355;100;29.03225806;100;0;0;0;0;0;0;0;100;0;0;0;0;100;100;0;100;100;51.61290323;0;0;0;0;0;0;0;0;0;0;0;0;0;0;0;0;100;0;0;0;0;0;0;0;100;100;0;0;0;0;0;0;0;0;0;0;0;100;0;0;0;0;0;0;0;100;100;100;100;100;0;0;0;0;0;0;0;0;100;100;0;100;0;0;0;0;100;100;100;100;0;0;0;0;0;0;0;0;100;100;100;100;100;0;0;0;0;0;0;0;0;0;0;0;0;0;0;0;0;0;0;0;0;0;0;0;0;0;0;0;0;0;0;0;0;0;100;100;0;0;0;0;25.80645161;100;100;25.80645161;0;0;0;0;0;0;0;0;0;0;0;0;0;0;0;0;0;0;0;0;100;0;100;100;0;0;0;0;0;100;100;100;0;0;0;;;;;
8_2008;0.00;0;0;0;0;0;0;100;0;0;0;0;0;0;100;0;0;0;0;0;100;100;0;0;0;0;100;100;0;0;0;0;0;0;0;0;0;0;100;0;0;100;0;0;0;0;100;0;0;0;0;0;0;0;0;0;0;0;0;0;0;0;0;0;0;0;100;0;0;0;0;0;0;0;0;100;0;0;0;0;0;0;0;0;0;0;0;0;100;0;100;0;0;100;0;0;0;0;0;0;0;0;100;100;0;0;0;0;100;100;0;0;0;100;100;100;0;0;0;0;0;0;0;100;0;0;0;0;100;100;0;100;100;0;0;0;0;0;0;0;0;0;0;0;0;0;0;0;0;0;100;0;0;0;0;0;0;0;100;100;0;0;0;0;0;0;0;0;0;0;0;100;0;0;0;0;0;0;0;100;100;100;100;100;0;0;0;0;0;0;0;0;100;100;0;100;0;0;0;0;100;100;100;100;0;0;0;0;0;0;0;0;100;100;80.64516129;100;100;0;0;0;0;0;0;0;0;0;0;0;0;0;0;0;0;0;0;0;0;0;0;0;0;0;0;0;0;0;0;0;0;0;100;100;0;0;0;0;100;100;100;100;0;0;0;0;0;0;0;0;0;0;0;0;0;0;0;0;0;0;0;0;100;0;100;100;0;0;0;0;0;100;100;9.677419355;0;0;0;;;;;
9_2008;0.00;0;0;0;0;0;0;100;0;0;0;0;0;0;100;0;0;0;0;0;100;100;0;0;0;0;100;100;0;0;0;0;0;0;0;0;0;0;100;0;0;100;0;0;0;0;100;0;0;0;0;0;0;0;0;0;0;0;0;0;0;0;0;0;0;0;100;0;0;0;0;0;0;0;0;100;0;0;0;0;0;0;0;0;0;0;0;0;100;0;100;0;0;100;0;0;0;0;0;0;0;0;100;0;0;0;0;0;100;100;0;0;0;100;90;100;0;0;0;0;0;0;0;100;0;0;0;0;100;100;0;46.66666667;100;43.33333333;0;0;0;0;0;0;0;0;0;0;0;0;0;0;0;0;100;0;0;0;0;0;0;0;100;100;0;0;0;0;0;0;0;0;0;0;0;100;0;0;0;0;0;0;0;100;100;100;100;100;0;0;0;0;0;0;0;0;100;100;0;100;0;0;0;0;100;100;100;100;0;60;0;0;0;0;0;0;100;100;60;100;80;0;0;0;0;0;0;0;0;0;0;0;0;0;0;0;0;0;0;0;0;0;0;0;0;0;0;0;0;0;0;0;0;0;100;100;0;0;0;0;100;100;100;100;0;0;0;0;0;0;0;0;0;0;0;0;0;0;0;0;0;0;0;0;100;0;100;100;0;0;0;0;0;100;100;0;0;0;0;;;;;
10_2008;0.00;0;0;0;0;0;0;100;0;0;0;0;0;0;100;0;0;0;0;0;100;100;0;0;0;0;100;100;0;0;0;0;0;0;0;0;0;0;100;0;0;100;0;0;0;0;100;0;0;0;0;0;0;0;0;0;0;0;0;0;0;0;0;0;0;0;100;0;0;0;0;0;0;0;0;100;0;0;0;0;0;0;0;0;0;0;0;0;100;0;100;0;0;100;0;0;0;0;0;0;0;0;100;0;0;0;0;0;100;100;0;0;0;100;100;100;0;0;0;0;0;0;0;100;0;0;0;0;100;100;0;100;100;61.29032258;0;0;0;0;0;0;0;0;0;0;0;0;0;0;0;0;100;0;0;0;0;0;0;0;100;100;0;0;0;0;0;0;0;0;0;0;0;100;0;0;0;0;0;0;0;100;100;100;100;100;0;0;0;0;0;0;0;0;100;100;0;100;0;0;0;0;100;100;100;100;0;100;0;0;0;0;0;0;100;100;61.29032258;100;0;0;0;0;0;0;0;0;0;0;0;0;0;0;0;0;0;0;0;0;0;0;0;0;0;0;0;0;0;0;0;0;0;0;100;100;0;0;0;0;100;100;100;100;0;0;0;0;0;0;0;0;0;0;0;0;0;0;0;0;0;0;0;0;100;0;100;100;0;0;0;0;0;100;100;0;0;0;0;;;;;
11_2008;0.00;0;0;0;0;0;0;100;0;0;0;0;0;0;100;0;0;0;0;0;100;100;0;0;0;0;100;100;0;0;0;0;0;0;0;0;0;0;100;0;0;100;0;0;0;0;100;0;0;0;0;0;0;0;0;0;0;0;0;0;0;0;0;0;0;0;100;0;0;0;0;0;0;0;0;100;0;0;0;0;0;0;0;0;0;0;0;0;100;0;100;0;0;100;0;0;0;0;0;0;0;0;100;0;0;0;0;0;100;100;0;0;0;100;90;100;0;0;0;0;0;0;0;100;0;0;0;0;100;100;0;100;100;56.66666667;0;0;0;0;0;0;0;0;0;0;0;0;0;0;0;0;100;0;0;0;0;0;0;0;100;100;0;0;0;0;0;0;0;0;0;0;0;100;0;0;0;0;0;0;0;100;96.66666667;100;100;100;0;0;0;0;0;0;0;0;100;100;0;100;0;0;0;0;100;100;100;100;0;100;0;0;0;0;0;0;100;100;23.33333333;96.66666667;0;0;0;0;0;0;0;0;0;0;0;0;0;0;0;0;0;0;0;0;0;0;0;0;0;0;0;0;0;0;0;0;0;0;100;100;0;0;0;0;100;100;100;100;0;0;0;0;0;0;0;0;0;0;0;0;0;0;0;0;0;0;0;0;100;0;100;100;0;0;0;0;0;100;100;0;0;0;0;;;;;
12_2008;0.00;0;0;0;0;0;0;100;0;0;0;0;0;0;100;0;0;0;0;0;100;100;0;0;0;0;100;0;0;0;0;0;0;0;0;0;0;0;100;0;0;100;0;0;0;0;100;0;0;0;0;0;0;0;0;0;0;0;0;0;0;0;0;0;0;0;100;0;0;0;0;0;0;0;0;100;0;0;0;0;0;0;0;0;0;0;0;0;100;0;100;0;0;100;0;0;0;0;0;0;0;0;100;64.51612903;0;0;0;0;100;100;0;0;0;100;48.38709677;100;0;0;0;0;0;0;0;100;0;0;0;0;100;100;0;100;100;100;0;0;0;0;0;0;0;0;0;0;0;0;0;0;0;0;100;0;0;0;0;0;0;0;100;100;0;0;0;0;0;0;0;0;0;0;0;100;0;0;0;0;0;0;0;100;100;100;100;100;0;0;0;0;0;0;0;0;100;100;0;100;0;0;0;0;100;100;100;100;0;100;29.03225806;0;0;0;0;0;100;100;0;74.19354839;64.51612903;0;0;0;0;0;0;0;0;0;0;0;0;0;0;0;0;0;0;0;0;0;0;0;0;0;0;0;0;0;0;0;0;0;100;100;0;0;0;25.80645161;38.70967742;100;100;38.70967742;0;0;0;0;0;0;0;0;0;0;0;0;0;0;0;0;0;0;0;0;100;0;100;100;0;0;0;0;0;100;100;0;0;0;0;;;;;
1_2009;0.00;0;0;0;0;0;0;100;0;0;0;0;0;0;100;0;0;0;0;0;100;100;0;0;0;0;100;0;0;0;0;0;0;0;0;0;0;0;100;0;0;100;0;0;0;0;100;0;0;0;0;0;0;0;0;0;0;0;0;0;0;0;0;0;0;0;100;0;0;0;0;0;0;0;0;100;0;0;0;0;0;0;0;0;0;0;0;0;100;0;100;0;0;100;0;0;0;0;0;0;0;0;0;100;0;0;0;0;100;100;0;0;0;100;0;100;0;0;0;0;0;0;0;100;0;0;0;0;100;100;0;100;16.12903226;100;0;0;0;0;0;0;0;0;0;0;0;0;0;0;0;0;100;0;0;0;0;0;0;0;100;100;0;0;0;0;0;0;0;0;0;0;0;100;0;0;0;0;0;0;0;0;100;100;100;100;0;0;0;0;0;0;0;0;100;100;0;100;0;0;0;0;100;100;100;100;0;100;0;0;0;0;0;0;100;100;0;100;100;0;0;0;0;0;0;0;0;0;0;0;0;0;0;0;0;0;0;0;0;0;0;0;0;0;0;0;0;0;0;0;0;0;100;100;0;0;0;0;0;100;100;0;0;0;0;0;0;0;0;0;0;0;0;0;0;0;0;0;0;0;0;0;100;0;100;100;0;0;0;0;0;100;100;0;0;0;0;;;;;
2_2009;0.00;0;0;0;0;0;0;100;0;0;0;0;0;0;100;0;0;0;0;0;100;100;0;0;0;0;100;0;0;0;0;0;0;0;0;0;0;0;100;0;0;100;0;0;0;0;100;0;0;0;0;0;0;0;0;0;0;0;0;0;0;0;0;0;0;0;100;0;0;0;0;0;0;0;0;100;0;0;0;0;0;0;0;0;0;0;0;0;100;0;100;0;0;100;0;0;0;0;0;0;0;0;100;100;0;0;0;0;100;100;0;0;0;100;0;100;0;0;0;0;0;0;0;100;0;0;0;0;100;100;0;100;0;10.71428571;0;0;0;0;0;0;0;0;0;0;0;0;0;0;0;0;100;0;0;0;0;0;0;0;100;100;0;0;0;0;0;0;0;0;0;0;0;100;0;0;0;0;0;0;0;100;100;100;100;100;0;0;0;0;0;0;0;0;100;100;0;100;0;0;0;0;100;100;100;100;0;100;0;0;0;0;0;0;100;28.57142857;0;100;39.28571429;0;0;0;0;0;0;0;0;0;0;0;0;0;0;0;0;0;0;0;0;0;0;0;0;0;0;0;0;0;0;0;0;0;100;100;0;0;0;0;0;100;0;0;0;0;0;0;0;0;0;0;0;0;0;0;0;0;0;0;0;0;0;0;100;0;100;100;0;0;0;0;0;100;100;0;0;0;0;;;;;
3_2009;0.00;0;0;0;0;0;0;100;0;0;0;0;0;0;100;0;0;0;0;0;100;100;0;0;0;0;100;0;0;0;0;0;0;0;0;0;0;0;100;0;0;100;0;0;0;0;100;0;0;0;0;0;0;0;0;0;0;0;0;0;0;0;0;0;0;0;100;0;0;0;0;0;0;0;0;100;0;0;0;0;0;0;0;0;0;0;0;0;100;0;100;0;0;100;0;0;0;0;0;0;0;0;100;100;0;0;0;0;100;100;0;0;0;0;0;100;0;0;0;0;0;0;0;100;0;0;0;0;100;100;0;100;0;0;0;0;0;0;0;0;0;0;0;0;0;0;0;0;0;0;100;0;0;0;0;0;0;0;100;100;0;0;0;0;0;0;0;0;0;0;0;100;0;0;0;0;0;0;0;100;100;100;100;100;0;0;0;0;0;0;0;0;100;100;0;100;0;0;0;0;100;100;100;100;0;100;0;0;0;0;0;0;100;0;0;100;0;0;0;0;0;0;0;0;0;0;0;0;0;0;0;0;0;0;0;0;0;0;0;0;0;0;0;0;0;0;0;0;0;0;100;100;0;0;0;0;0;100;0;0;0;0;0;0;0;0;0;0;0;0;0;0;0;0;0;0;0;0;0;0;100;0;100;100;0;0;0;0;0;100;100;0;0;0;0;;;;;
4_2009;0.00;0;0;0;0;0;0;100;0;0;0;0;0;0;100;0;0;0;0;0;100;100;0;0;0;0;100;0;0;0;0;0;0;0;0;0;0;0;100;0;0;100;0;0;0;0;100;0;0;0;0;0;0;0;0;0;0;0;0;0;0;0;0;0;0;0;0;0;0;0;0;0;0;0;0;100;0;0;0;0;0;0;0;0;0;0;0;0;100;0;100;0;0;100;0;0;0;0;0;0;0;0;0;100;0;0;0;0;100;100;0;0;0;0;0;100;0;0;0;0;0;0;0;100;0;0;0;0;100;100;0;100;33.33333333;0;0;0;0;0;0;0;0;0;0;0;0;0;0;0;0;0;100;0;0;0;0;0;0;0;100;100;0;0;0;0;0;0;0;0;0;0;0;100;0;0;0;0;0;0;0;100;100;100;100;100;0;0;0;0;0;0;0;0;100;100;0;100;0;0;0;0;100;100;100;0;0;13.33333333;30;0;0;0;0;0;100;20;90;100;80;0;0;0;0;0;0;0;0;0;0;0;0;0;0;0;0;0;0;0;0;0;0;0;0;0;0;0;0;0;0;0;0;0;100;100;0;0;0;26.66666667;0;0;100;0;0;0;0;0;0;0;0;0;0;0;0;0;0;0;0;0;0;0;0;0;100;0;100;100;0;0;0;0;0;100;100;0;0;0;0;;;;;
5_2009;0.00;0;0;0;0;0;0;0;0;0;0;0;0;0;100;0;0;0;0;0;0;100;0;0;0;0;100;0;0;0;0;0;0;0;0;0;0;0;0;0;0;100;0;0;0;0;0;0;0;0;0;0;0;0;0;0;0;0;0;0;0;0;0;0;0;0;0;0;0;0;0;0;0;0;0;0;0;0;0;0;0;0;0;0;0;0;0;0;0;0;0;0;0;0;0;0;0;0;0;0;0;0;0;0;0;0;0;0;0;100;0;0;0;0;0;100;0;0;0;0;0;0;0;100;0;0;0;0;100;0;0;100;0;0;0;0;0;0;0;0;0;0;0;0;0;0;0;0;0;0;0;0;0;0;0;0;0;0;0;0;0;0;0;0;0;0;0;0;0;0;0;0;0;0;0;0;0;0;0;0;0;0;0;0;0;0;0;0;0;0;0;0;0;0;0;0;0;0;0;0;0;100;0;0;0;0;0;0;0;0;0;0;100;0;83.87096774;100;100;0;0;0;0;0;0;0;0;0;0;0;0;0;0;0;0;0;0;0;0;0;0;0;0;0;0;0;0;0;0;0;0;0;100;100;0;0;0;0;0;100;0;0;0;0;0;0;0;0;0;0;0;0;0;0;0;0;0;0;0;0;0;0;0;0;0;100;0;0;0;0;0;100;100;0;0;0;0;;;;;
6_2009;0.00;0;0;0;0;0;0;100;0;0;0;0;0;0;100;0;0;0;0;0;100;100;0;0;0;0;100;0;0;0;0;0;0;0;0;0;0;0;100;0;0;100;0;0;0;0;100;0;0;0;0;0;0;0;0;0;0;0;0;0;0;0;0;0;0;0;100;0;0;0;0;0;0;0;0;100;0;0;0;0;0;0;0;0;0;0;0;0;100;0;100;0;0;100;0;0;0;0;0;0;0;0;100;100;0;0;0;0;100;100;0;0;0;0;0;100;0;0;0;0;0;0;0;100;0;0;0;0;100;100;0;100;0;0;0;0;0;0;0;0;0;0;0;0;0;0;0;0;0;0;100;0;0;0;0;0;0;0;100;100;0;0;0;0;0;0;0;0;0;0;0;100;0;0;0;0;0;0;0;100;100;100;100;100;0;0;0;0;0;0;0;0;100;100;0;100;0;0;0;0;100;100;100;100;0;0;0;0;0;0;0;0;100;0;0;100;10;0;0;0;0;0;0;0;0;0;0;0;0;0;0;0;0;0;0;0;0;0;0;0;0;0;0;0;0;0;0;0;0;0;100;100;0;0;0;0;0;100;100;0;0;0;0;0;0;0;0;0;0;0;0;0;0;0;0;0;0;0;0;0;100;0;100;100;0;0;0;0;0;100;100;0;0;0;0;;;;;
7_2009;0.00;0;0;0;0;0;0;100;0;0;0;0;0;0;100;0;0;0;0;0;100;93.5483871;0;0;0;0;100;0;0;0;0;0;0;0;0;0;0;0;100;0;0;100;0;0;0;0;100;0;0;0;0;0;0;0;0;0;0;0;0;0;0;0;0;0;0;0;100;0;0;0;0;0;0;0;0;100;0;0;0;0;0;0;0;0;0;0;0;0;100;0;100;0;0;100;0;0;0;0;0;0;0;0;100;100;0;0;0;0;100;100;0;0;0;100;0;100;0;0;0;0;0;0;0;100;0;0;0;0;100;100;0;100;70.96774194;0;0;0;0;0;0;0;0;0;0;0;0;0;0;0;0;0;100;0;0;0;0;0;0;0;100;100;0;0;0;0;0;0;0;0;0;0;0;100;0;0;0;0;0;0;0;100;100;100;100;100;0;0;0;0;0;0;0;0;100;100;0;100;0;0;0;0;100;100;100;100;0;0;0;0;0;67.74193548;0;0;100;0;64.51612903;100;74.19354839;0;0;0;0;0;0;0;0;0;0;0;0;0;0;0;0;0;0;0;0;0;0;0;0;0;0;0;0;0;0;0;0;0;100;100;0;0;0;0;0;100;100;0;0;0;0;0;0;0;0;0;0;0;0;0;0;0;0;0;0;0;0;0;100;0;100;100;0;0;0;0;0;100;100;0;0;0;0;;;;;
8_2009;0.00;0;0;0;0;0;0;100;0;0;0;0;0;0;100;0;0;0;0;0;100;100;0;0;0;0;100;100;0;0;0;0;0;0;0;0;0;0;100;0;0;100;0;0;0;0;100;0;0;0;0;0;0;0;0;0;0;0;0;0;0;0;0;0;0;0;100;0;0;0;0;0;0;0;0;100;0;0;0;0;0;0;0;0;0;0;0;0;100;0;100;0;0;100;0;0;0;0;0;0;0;0;100;100;0;0;0;0;100;100;0;0;0;100;0;100;0;0;0;0;0;0;0;100;0;0;0;0;100;100;0;100;12.90322581;0;0;0;0;0;0;0;0;0;0;0;0;0;0;0;0;0;100;0;0;0;0;0;0;0;100;100;0;0;0;0;0;0;0;0;0;0;0;100;0;0;0;0;0;0;0;100;100;100;100;100;0;0;0;0;0;0;0;0;100;100;0;100;0;0;0;0;100;100;100;100;0;0;0;0;0;100;0;0;100;0;0;96.77419355;100;0;0;0;0;0;0;0;0;0;0;0;0;0;0;0;0;0;0;0;0;0;0;0;0;0;0;0;0;0;0;0;0;0;100;100;0;0;0;0;0;100;100;0;0;0;0;0;0;0;0;0;0;0;0;0;0;0;0;0;0;0;0;0;100;0;100;100;0;0;0;0;0;100;100;0;0;0;0;;;;;
9_2009;0.00;0;0;0;0;0;0;100;0;0;0;0;0;0;100;0;0;0;0;0;100;100;0;0;0;0;100;100;0;0;0;0;0;0;0;0;0;0;100;0;0;100;0;0;0;0;100;0;0;0;0;0;0;0;0;0;0;0;0;0;0;0;0;0;0;0;100;0;0;0;0;0;0;0;0;100;0;0;0;0;0;0;0;0;0;0;0;0;100;0;100;0;0;100;0;0;0;0;0;0;0;0;100;100;0;0;0;0;100;100;0;0;0;100;0;100;0;0;0;0;0;0;0;100;0;0;0;0;100;100;0;100;0;0;0;0;0;0;0;0;0;0;0;0;0;0;0;0;0;0;100;0;0;0;0;0;0;0;100;100;0;0;0;0;0;0;0;0;0;0;0;100;0;0;0;0;0;0;0;100;100;100;100;100;0;0;0;0;0;0;0;0;100;100;0;100;0;0;0;0;100;100;100;100;0;0;0;0;0;6.666666667;0;0;100;0;0;0;0;0;0;0;0;0;0;0;0;0;0;0;0;0;0;0;0;0;0;0;0;0;0;0;0;0;0;0;0;0;0;0;0;0;100;100;0;0;0;0;0;100;100;0;0;0;0;0;0;0;0;0;0;0;0;0;0;0;0;0;0;0;0;0;100;0;100;100;0;0;0;0;0;100;100;0;0;0;0;;;;;
10_2009;0.00;0;0;0;0;0;0;100;0;0;0;0;0;0;100;0;0;0;0;0;100;100;0;0;0;0;100;100;0;0;0;0;0;0;0;0;0;0;100;0;0;100;0;0;0;0;100;0;0;0;0;0;0;0;0;0;0;0;0;0;0;0;0;0;0;0;100;0;0;0;0;0;0;0;0;100;0;0;0;0;0;0;0;0;0;0;0;0;100;0;100;0;0;100;0;0;0;0;0;0;0;0;100;100;0;0;0;0;100;100;0;0;0;100;77.41935484;100;0;0;0;0;0;0;0;100;0;0;0;0;100;100;0;100;67.74193548;67.74193548;0;0;0;0;0;0;0;0;0;0;0;0;0;0;0;0;100;0;0;0;0;0;0;0;100;100;0;0;0;0;0;0;0;0;0;0;0;100;0;0;0;0;0;0;0;100;100;100;100;100;0;0;0;0;0;0;0;0;100;100;0;100;0;0;0;0;100;100;100;83.87096774;0;67.74193548;12.90322581;0;0;0;0;0;100;22.58064516;64.51612903;70.96774194;80.64516129;0;0;0;0;0;0;0;0;0;0;0;0;0;0;0;0;0;0;0;0;0;0;0;0;0;0;0;0;0;0;0;0;0;100;100;0;0;0;25.80645161;0;100;100;0;0;0;0;0;0;0;0;0;0;0;0;0;0;0;0;0;0;0;0;0;100;0;100;100;0;0;0;0;0;100;100;16.12903226;0;0;0;;;;;
11_2009;0.00;0;0;0;0;0;0;100;0;0;0;0;0;0;100;0;0;0;0;0;100;100;0;0;0;0;100;100;0;0;0;0;0;0;0;0;0;0;100;0;0;100;0;0;0;0;100;0;0;0;0;0;0;0;0;0;0;0;0;0;0;0;0;0;0;0;100;0;0;0;0;0;0;0;0;100;0;0;0;0;0;0;0;0;0;0;0;0;100;0;100;0;0;100;0;0;0;0;0;0;0;0;100;100;0;0;0;0;100;100;0;0;0;100;100;100;0;0;0;0;0;0;0;100;0;0;0;0;100;100;0;100;100;100;0;0;0;0;0;0;0;0;0;0;0;0;0;0;0;0;100;0;0;0;0;0;0;0;100;100;0;0;0;0;0;0;0;0;0;0;0;100;0;0;0;0;0;0;0;100;100;100;100;100;0;0;0;0;0;0;0;0;100;100;0;100;0;0;0;0;100;100;100;100;0;100;0;0;0;0;0;0;100;0;76.66666667;100;66.66666667;0;0;0;0;0;0;0;0;0;0;0;0;0;0;0;0;0;0;0;0;0;0;0;0;0;0;0;0;0;0;0;0;0;100;100;0;0;0;0;0;100;100;0;0;0;0;0;0;0;0;0;0;0;0;0;0;0;0;0;0;0;0;0;100;0;100;100;0;0;0;0;0;100;100;0;0;0;0;;;;;
12_2009;0.00;0;0;0;0;0;0;100;0;0;0;0;0;0;100;0;0;0;0;0;100;100;0;0;0;0;100;100;0;0;0;0;0;0;0;0;0;0;100;0;0;100;0;0;0;0;100;0;0;0;0;0;0;0;0;0;0;0;0;0;0;0;0;0;0;0;100;0;0;0;0;0;0;0;0;100;0;0;0;0;0;0;0;0;0;0;0;0;100;0;100;0;0;100;0;0;0;0;0;0;0;0;100;100;0;0;0;0;100;100;0;0;0;100;100;100;0;0;0;0;0;0;0;100;0;0;0;0;100;100;0;100;100;100;0;0;0;0;0;0;0;0;0;0;0;0;0;0;0;0;100;0;0;0;0;0;0;0;100;100;0;0;0;0;0;0;0;0;0;0;0;100;0;0;0;0;0;0;0;100;96.77419355;100;100;100;0;0;0;0;0;0;0;0;96.77419355;100;0;100;0;0;0;0;100;100;100;100;0;64.51612903;25.80645161;0;0;51.61290323;0;0;100;19.35483871;35.48387097;100;0;0;0;0;0;0;0;0;0;0;0;0;0;0;0;0;0;0;0;0;0;0;0;0;0;0;0;0;0;0;0;0;0;0;100;100;0;0;0;22.58064516;0;100;100;0;0;0;0;0;0;0;0;0;0;0;0;0;0;0;0;0;0;0;0;0;100;0;100;100;0;0;0;0;0;100;100;67.74193548;0;0;0;;;;;
1_2010;0.00;0;0;0;0;0;0;100;0;0;0;0;0;0;100;0;0;0;0;0;100;100;0;0;0;0;100;100;0;0;0;0;0;0;0;0;0;0;100;0;0;100;0;0;0;0;100;0;0;0;0;0;0;0;0;0;0;0;0;0;0;0;0;0;0;0;100;0;0;0;0;0;0;0;0;96.77419355;0;0;0;0;0;0;0;0;0;0;0;0;100;0;100;0;0;100;0;0;0;0;0;0;0;0;100;100;0;0;0;0;100;100;0;0;0;100;100;100;0;0;0;0;0;0;0;100;0;0;0;0;100;100;0;100;100;100;0;0;0;0;0;0;0;0;0;0;0;0;0;0;0;0;100;0;0;0;0;0;0;0;100;100;0;0;0;0;0;0;0;0;0;0;0;100;0;0;0;0;0;0;0;100;100;100;100;100;0;0;0;0;0;0;0;0;100;90.32258065;0;100;0;0;0;0;100;100;100;100;0;0;0;0;0;90.32258065;0;0;100;0;100;100;0;0;0;0;0;0;0;0;0;0;0;0;0;0;0;0;0;0;0;0;0;0;0;0;0;0;0;0;0;0;0;0;0;0;100;100;0;0;0;0;0;100;100;0;0;0;0;0;0;0;0;0;0;0;0;0;0;0;0;0;0;0;0;0;100;0;100;100;0;0;0;0;0;100;100;100;0;0;0;;;;;
2_2010;0.00;0;0;0;0;0;0;100;0;0;0;0;0;0;100;0;0;0;0;0;100;100;0;0;0;0;100;60.71428571;0;0;0;0;0;0;0;0;0;0;100;0;0;100;0;0;0;0;100;0;0;0;0;0;0;0;0;0;0;0;0;0;0;0;0;0;0;0;100;0;0;0;0;0;0;0;0;100;0;0;0;0;0;0;0;0;0;0;0;0;100;0;100;0;0;100;0;0;0;0;0;0;0;0;100;100;0;0;0;0;96.42857143;100;0;0;0;100;100;100;0;0;0;0;0;0;0;100;0;0;0;0;100;100;0;100;100;100;0;0;0;0;0;0;0;0;0;0;0;0;0;0;0;0;100;0;0;0;0;0;0;0;100;100;0;0;0;0;0;0;0;0;0;0;0;100;0;0;0;0;0;0;0;100;100;100;100;100;0;0;0;0;0;0;0;0;100;92.85714286;0;100;0;0;0;0;100;100;100;100;0;0;0;0;0;0;0;0;100;0;67.85714286;100;0;0;0;0;0;0;0;0;0;0;0;0;0;0;0;0;0;0;0;0;0;0;0;0;0;0;0;0;0;0;0;0;0;0;100;100;0;0;0;0;0;100;100;0;0;0;0;0;0;0;0;0;0;0;0;0;0;0;0;0;0;0;0;0;100;0;100;100;0;0;0;0;0;100;100;28.57142857;0;0;0;;;;;
3_2010;0.00;0;0;0;0;0;0;100;0;0;0;0;0;0;100;0;0;0;0;0;100;100;0;0;0;0;100;100;0;0;0;0;0;0;0;0;0;0;100;0;0;100;0;0;0;0;100;0;0;0;0;0;0;0;0;0;0;0;0;0;0;0;0;0;0;0;100;0;0;0;0;0;0;0;0;100;0;0;0;0;0;0;0;0;0;0;0;0;100;0;100;0;0;100;0;0;0;0;0;0;0;0;100;100;0;0;0;0;96.77419355;100;0;0;0;100;100;100;0;0;0;0;0;0;0;100;0;0;0;0;100;100;0;100;100;100;0;0;0;0;0;0;0;0;0;0;0;0;0;0;0;0;100;0;0;0;0;0;0;0;100;100;0;0;0;0;0;0;0;0;0;0;0;100;0;0;0;0;0;0;0;100;100;100;100;100;0;0;0;0;0;0;0;0;100;100;0;100;0;0;0;0;100;100;100;100;0;45.16129032;25.80645161;0;0;48.38709677;0;0;58.06451613;32.25806452;48.38709677;100;35.48387097;0;0;0;0;0;0;0;0;0;0;0;0;0;0;0;0;0;0;0;0;0;0;0;0;0;0;0;0;0;0;0;0;0;100;100;0;0;0;25.80645161;0;100;100;0;0;0;0;0;0;0;0;0;0;0;0;0;0;0;0;0;0;0;0;0;100;0;100;100;0;0;0;0;0;0;100;41.93548387;0;0;0;;;;;
4_2010;0.00;0;0;0;0;0;0;100;0;0;0;0;0;0;100;0;0;0;0;0;100;100;0;0;0;0;100;100;0;0;0;0;0;0;0;0;0;0;100;0;0;100;0;0;0;0;100;0;0;0;0;0;0;0;0;0;0;0;0;0;0;0;0;0;0;0;100;0;0;0;0;0;0;0;0;100;0;0;0;0;0;0;0;0;0;0;0;0;100;0;100;0;0;100;0;0;0;0;0;0;0;0;100;100;0;0;0;0;100;100;0;0;0;100;3.333333333;100;0;0;0;0;0;0;0;100;0;0;0;0;100;100;0;100;100;100;0;0;0;0;0;0;0;0;0;0;0;0;0;0;0;0;100;0;0;0;0;0;0;0;100;100;0;0;0;0;0;0;0;0;0;0;0;100;0;0;0;0;0;0;0;100;100;100;100;100;0;0;0;0;0;0;0;0;100;100;0;100;0;0;0;0;100;100;100;100;0;100;0;0;0;100;0;0;100;100;100;100;100;0;0;0;0;0;0;0;0;0;0;0;0;0;0;0;0;0;0;0;0;0;0;0;0;0;0;0;0;0;0;0;0;0;100;100;0;0;0;0;0;100;100;0;0;0;0;0;0;0;0;0;0;0;0;0;0;0;0;0;0;0;0;0;100;0;100;33.33333333;0;0;0;0;0;100;100;86.66666667;0;0;0;;;;;
5_2010;0.00;0;0;0;0;0;0;100;0;0;0;0;0;0;100;0;0;0;0;0;100;100;0;0;0;0;100;100;0;0;0;0;0;0;0;0;0;0;100;0;0;100;0;0;0;0;100;0;0;0;0;0;0;0;0;0;0;0;0;0;0;0;0;0;0;0;100;0;0;0;0;0;0;0;0;100;0;0;0;0;0;0;0;0;0;0;0;0;100;0;100;0;0;100;0;0;0;0;0;0;0;0;100;100;0;0;0;0;100;100;0;0;0;100;0;100;0;0;0;0;0;0;0;100;0;0;0;0;100;100;0;100;100;100;0;0;0;0;0;0;0;0;0;0;0;0;0;0;0;0;100;0;0;0;0;0;0;0;100;100;0;0;0;0;0;0;0;0;0;0;0;100;0;0;0;0;0;0;0;100;100;100;100;100;0;0;0;0;0;0;0;0;100;100;0;100;0;0;0;0;100;100;100;100;0;100;0;0;0;38.70967742;0;0;100;100;80.64516129;100;100;0;0;0;0;0;0;0;0;0;0;0;0;0;0;0;0;0;0;0;0;0;0;0;0;0;0;0;0;0;0;0;0;0;100;100;0;0;0;0;0;100;100;0;0;0;0;0;0;0;0;0;0;0;0;0;0;0;0;0;0;0;0;0;100;0;100;0;0;0;0;0;0;100;100;100;0;0;0;;;;;
6_2010;0.00;0;0;0;0;0;0;100;0;0;0;0;0;0;100;0;0;0;0;0;100;100;0;0;0;0;100;100;0;0;0;0;0;0;0;0;0;0;100;0;0;100;0;0;0;0;100;0;0;0;0;0;0;0;0;0;0;0;0;0;0;0;0;0;0;0;100;0;0;0;0;0;0;0;0;100;0;0;0;0;0;0;0;0;0;0;0;0;100;0;100;0;0;100;0;0;0;0;0;0;0;0;100;100;0;0;0;0;90;100;0;0;0;100;53.33333333;100;0;0;0;0;0;0;0;100;0;0;0;0;100;100;0;100;100;100;0;0;0;0;0;0;0;0;0;0;0;0;0;0;0;0;100;0;0;0;0;0;0;0;100;100;0;0;0;0;0;0;0;0;0;0;0;100;0;0;0;0;0;0;0;100;100;100;100;100;0;0;0;0;0;0;0;0;100;86.66666667;0;100;0;0;0;0;100;100;100;100;0;56.66666667;0;0;0;50;0;0;100;100;3.333333333;100;70;0;0;0;0;0;0;0;0;0;0;0;0;0;0;0;0;0;0;0;0;0;0;0;0;0;0;0;0;0;0;0;0;0;100;100;0;0;0;0;0;100;100;0;0;0;0;0;0;0;0;0;0;0;0;0;0;0;0;0;0;0;0;0;100;0;100;33.33333333;0;0;0;0;0;100;100;100;0;0;0;;;;;
7_2010;0.00;0;0;0;0;0;0;100;0;0;0;0;0;0;100;0;0;0;0;0;100;100;0;0;0;0;100;100;0;0;0;0;0;0;0;0;0;0;100;0;0;100;0;0;0;0;100;0;0;0;0;0;0;0;0;0;0;0;0;0;0;0;0;0;0;0;100;0;0;0;0;0;0;0;0;100;0;0;0;0;0;0;0;0;0;0;0;0;100;0;100;0;0;100;0;0;0;0;0;0;0;0;100;100;0;0;0;0;100;100;0;0;0;100;100;100;0;0;0;0;0;0;0;100;0;0;0;0;100;100;0;100;100;100;0;0;0;0;0;0;0;0;0;0;0;0;0;0;0;0;100;0;0;0;0;0;0;0;100;100;0;0;0;0;0;0;0;0;0;0;0;100;0;0;0;0;0;0;0;100;100;100;100;100;0;0;0;0;0;0;0;0;100;100;0;100;0;0;0;0;100;100;100;100;0;0;0;0;0;100;0;0;100;100;0;100;0;0;0;0;0;0;0;0;0;0;0;0;0;0;0;0;0;0;0;0;0;0;0;0;0;0;0;0;0;0;0;0;0;0;100;100;0;0;0;0;0;100;100;0;0;0;0;0;0;0;0;0;0;0;0;0;0;0;0;0;0;0;0;0;100;0;100;100;0;0;0;0;0;100;100;45.16129032;0;0;0;;;;;
8_2010;0.00;0;0;0;0;0;0;100;0;0;0;0;0;0;100;0;0;0;0;0;100;100;0;0;0;0;100;100;0;0;0;0;0;0;0;0;0;0;100;0;0;100;0;0;0;0;100;0;0;0;0;0;0;0;0;0;0;0;0;0;0;0;0;0;0;0;100;0;0;0;0;0;0;0;0;100;0;0;0;0;0;0;0;0;0;0;0;0;100;0;100;0;0;100;0;0;0;0;0;0;0;0;100;100;0;0;0;0;100;100;0;0;0;100;100;100;0;0;0;0;0;0;0;100;0;0;0;0;100;100;0;100;100;100;0;0;0;0;0;0;0;0;0;0;0;0;0;0;0;0;100;0;0;0;0;0;0;0;100;100;0;0;0;0;0;0;0;0;0;0;0;100;0;0;0;0;0;0;0;100;100;100;100;100;0;0;0;0;0;0;0;0;100;100;0;100;0;0;0;0;100;100;100;100;0;0;0;0;0;6.451612903;0;0;100;100;0;38.70967742;0;0;0;0;0;0;0;0;0;0;0;0;0;0;0;0;0;0;0;0;0;0;0;0;0;0;0;0;0;0;0;0;0;0;100;100;0;0;0;0;0;100;100;0;0;0;0;0;0;0;0;0;0;0;0;0;0;0;0;0;0;0;0;0;100;0;100;100;0;0;0;0;0;100;100;0;0;0;0;;;;;
9_2010;0.00;0;0;0;0;0;0;100;0;0;0;0;0;0;100;0;0;0;0;0;100;100;0;0;0;0;100;100;0;0;0;0;0;0;0;0;0;0;100;0;0;100;0;0;0;0;100;0;0;0;0;0;0;0;0;0;0;0;0;0;0;0;0;0;0;0;100;0;0;0;0;0;0;0;0;100;0;0;0;0;0;0;0;0;0;0;0;0;100;0;100;0;0;100;0;0;0;0;0;0;0;0;100;100;0;0;0;0;100;100;0;0;0;100;100;100;0;0;0;0;0;0;0;100;0;0;0;0;100;100;0;100;96.66666667;86.66666667;0;0;0;0;0;0;0;0;0;0;0;0;0;0;0;0;100;0;0;0;0;0;0;0;100;100;0;0;0;0;0;0;0;0;0;0;0;100;0;0;0;0;0;0;0;100;100;100;100;100;0;0;0;0;0;0;0;0;100;100;0;100;0;0;0;0;100;100;100;100;0;10;10;0;0;0;0;0;100;100;0;6.666666667;33.33333333;0;0;0;0;0;0;0;0;0;0;0;0;0;0;0;0;0;0;0;0;0;0;0;0;0;0;0;0;0;0;0;0;0;100;100;0;0;0;10;0;100;100;0;0;0;0;0;0;0;0;0;0;0;0;0;0;0;0;0;0;0;0;0;100;0;100;100;0;0;0;0;0;100;100;23.33333333;0;0;0;;;;;
10_2010;0.00;0;0;0;0;0;0;100;0;0;0;0;0;0;100;0;0;0;0;0;100;100;0;0;0;0;100;100;0;0;0;0;0;0;0;0;0;0;100;0;0;100;0;0;0;0;100;0;0;0;0;0;0;0;0;0;0;0;0;0;0;0;0;0;0;0;100;0;0;0;0;0;0;0;0;100;0;0;0;0;0;0;0;0;0;0;0;0;100;0;100;0;0;100;0;0;0;0;0;0;0;0;100;100;0;0;0;0;100;100;0;0;0;100;100;100;0;0;0;0;0;0;0;100;0;0;0;0;100;100;0;100;51.61290323;0;0;0;0;0;0;0;0;0;0;0;0;0;0;0;0;0;100;0;0;0;0;0;0;0;100;100;0;0;0;0;0;0;0;0;0;0;0;100;0;0;0;0;0;0;0;100;100;100;100;100;0;0;0;0;0;0;0;0;100;100;0;100;0;0;0;0;100;100;100;100;0;100;16.12903226;0;0;0;0;0;100;100;0;12.90322581;100;0;0;0;0;0;0;0;0;0;0;0;0;0;0;0;0;0;0;0;0;0;0;0;0;0;0;0;0;0;0;0;0;0;100;100;0;0;0;16.12903226;0;100;100;0;0;0;0;0;0;0;0;0;0;0;0;0;0;0;0;0;0;0;0;0;100;0;100;29.03225806;0;0;0;0;0;100;100;35.48387097;0;0;0;;;;;
11_2010;0.00;0;0;0;0;0;0;100;0;0;0;0;0;0;100;0;0;0;0;0;100;36.66666667;0;0;0;0;100;100;0;0;0;0;0;0;0;0;0;0;100;0;0;100;0;0;0;0;100;0;0;0;0;0;0;0;0;0;0;0;0;0;0;0;0;0;0;0;100;0;0;0;0;0;0;0;0;100;0;0;0;0;0;0;0;0;0;0;0;0;100;0;100;0;0;100;0;0;0;0;0;0;0;0;100;100;0;0;0;0;100;100;0;0;0;100;100;50;0;0;0;0;0;0;0;100;0;0;0;0;100;100;0;53.33333333;50;40;0;0;0;0;0;0;0;0;0;0;0;0;0;0;0;0;100;0;0;0;0;0;0;0;100;100;0;0;0;0;0;0;0;0;0;0;0;100;0;0;0;0;0;0;0;100;6.666666667;100;100;100;0;0;0;0;0;0;0;0;100;100;0;100;0;0;0;0;100;100;100;100;0;50;0;0;0;16.66666667;0;0;36.66666667;43.33333333;0;16.66666667;50;0;0;0;0;0;0;0;0;0;0;0;0;0;0;0;0;0;0;0;0;0;0;0;0;0;0;0;0;0;0;0;0;0;100;100;0;0;0;0;0;100;100;0;0;0;0;0;0;0;0;0;0;0;0;0;0;0;0;0;0;0;0;0;100;0;100;26.66666667;0;0;0;0;0;100;96.66666667;0;0;0;0;;;;;
12_2010;0.00;0;0;0;0;0;0;100;0;0;0;0;0;0;100;0;0;0;0;0;100;0;0;0;0;0;100;100;0;0;0;0;0;0;0;0;0;0;100;0;0;100;0;0;0;0;100;0;0;0;0;0;0;0;0;0;0;0;0;0;0;0;0;0;0;0;100;0;0;0;0;0;0;0;0;100;0;0;0;0;0;0;0;0;0;0;0;0;100;0;100;0;0;100;0;0;0;0;0;0;0;0;100;100;0;0;0;0;100;100;0;0;0;100;32.25806452;0;0;0;0;0;0;0;0;100;0;0;0;0;100;100;0;0;0;0;0;0;0;0;0;0;0;0;0;0;0;0;0;0;0;0;100;0;0;0;0;0;0;0;100;100;0;0;0;0;0;0;0;0;0;0;0;100;0;0;0;0;0;0;0;100;0;100;100;100;0;0;0;0;0;0;0;0;100;100;0;100;0;0;0;0;100;100;100;100;0;0;0;0;0;0;0;0;0;0;25.80645161;0;0;0;0;0;0;0;0;0;0;0;0;0;0;0;0;0;0;0;0;0;0;0;0;0;0;0;0;0;0;0;0;0;0;0;100;100;0;0;0;0;0;100;100;0;0;0;0;0;0;0;0;0;0;0;0;0;0;0;0;0;0;0;0;0;100;0;70.96774194;25.80645161;0;0;0;0;0;100;100;0;0;0;0;;;;;
1_2011;0.00;0;0;0;0;0;0;100;0;0;0;0;0;0;100;0;0;0;0;0;100;0;0;0;0;0;100;100;0;0;0;0;0;0;0;0;0;0;100;0;0;100;0;0;0;0;100;0;0;0;0;0;0;0;0;0;0;0;0;0;0;0;0;0;0;0;100;0;0;0;0;0;0;0;0;100;0;0;0;0;0;0;0;0;0;0;0;0;100;0;100;0;0;100;0;0;0;0;0;0;0;0;100;100;0;0;0;0;100;100;0;0;0;100;0;0;0;0;0;0;0;0;0;100;0;0;0;0;100;100;0;0;0;0;0;0;0;0;0;0;0;0;0;0;0;0;0;0;0;0;100;0;0;0;0;0;0;0;100;100;0;0;0;0;0;0;0;0;0;0;0;100;0;0;0;0;0;0;0;100;0;100;100;100;0;0;0;0;0;0;0;0;100;100;0;100;0;0;0;0;100;100;100;100;0;0;0;0;0;0;0;0;0;0;45.16129032;0;0;0;0;0;0;0;0;0;0;0;0;0;0;0;0;0;0;0;0;0;0;0;0;0;0;0;0;0;0;0;0;0;0;0;100;0;0;0;0;0;0;100;100;0;0;0;0;0;0;0;0;0;0;0;0;0;0;0;0;0;0;0;0;0;100;0;100;100;0;0;0;0;0;100;100;0;0;0;0;;;;;
2_2011;0.00;0;0;0;0;0;0;100;0;0;0;0;0;0;100;0;0;0;0;0;100;0;0;0;0;0;100;100;0;0;0;0;0;0;0;0;0;0;100;0;0;100;0;0;0;0;100;0;0;0;0;0;0;0;0;0;0;0;0;0;0;0;0;0;0;0;100;0;0;0;0;0;0;0;0;100;0;0;0;0;0;0;0;0;0;0;0;0;100;0;100;0;0;100;0;0;0;0;0;0;0;0;100;100;0;0;0;0;0;60.71428571;0;0;0;100;0;0;0;0;0;0;0;0;0;100;0;0;0;0;100;89.28571429;0;0;0;0;0;0;0;0;0;0;0;0;0;0;0;0;0;0;0;0;100;0;0;0;0;0;0;0;96.42857143;100;0;0;0;0;0;0;0;0;0;0;0;100;0;0;0;0;0;0;0;100;0;100;100;100;0;0;0;0;0;0;0;0;100;100;0;100;0;0;0;0;100;100;100;100;0;0;0;0;0;0;0;0;0;0;0;0;0;0;0;0;0;0;0;0;0;0;0;0;0;0;0;0;0;0;0;0;0;0;0;0;0;0;0;0;0;0;0;0;0;0;100;100;0;0;0;0;0;100;100;0;0;0;0;0;0;0;0;0;0;0;0;0;0;0;0;0;0;0;0;0;100;0;100;100;0;0;0;0;0;100;100;0;0;0;0;;;;;
3_2011;0.00;0;0;0;0;0;0;100;0;0;0;0;0;0;100;0;0;0;0;0;100;0;0;0;0;0;100;100;0;0;0;0;0;0;0;0;0;0;100;0;0;100;0;0;0;0;100;0;0;0;0;0;0;0;0;0;0;0;0;0;0;0;0;0;0;0;100;0;0;0;0;0;0;0;0;100;0;0;0;0;0;0;0;0;0;0;0;0;100;0;100;0;0;100;0;0;0;0;0;0;0;0;100;100;0;0;0;0;100;100;0;0;0;100;0;41.93548387;0;0;0;0;0;0;0;100;0;0;0;0;100;77.41935484;0;0;0;45.16129032;0;0;0;0;0;0;0;0;0;0;0;0;0;0;0;0;100;0;0;0;0;0;0;0;100;100;0;0;0;0;0;0;0;0;0;0;0;100;0;0;0;0;0;0;0;100;0;100;100;100;0;0;0;0;0;0;0;0;100;100;0;100;0;0;0;0;100;100;83.87096774;100;0;48.38709677;48.38709677;0;0;0;0;0;16.12903226;16.12903226;16.12903226;0;35.48387097;0;0;0;0;0;0;0;0;0;0;0;0;0;0;0;0;0;0;0;0;0;0;0;0;0;0;0;0;0;0;0;0;0;100;100;0;0;0;48.38709677;19.35483871;0;100;0;0;0;0;0;0;0;0;0;0;0;0;0;0;0;0;0;0;0;0;0;100;0;83.87096774;100;0;0;0;0;0;100;93.5483871;19.35483871;0;0;0;;;;;
4_2011;0.00;0;0;0;0;0;0;100;0;0;0;0;0;0;100;0;0;0;0;0;100;0;0;0;0;0;100;100;0;0;0;0;0;0;0;0;0;0;100;0;0;100;0;0;0;0;100;0;0;0;0;0;0;0;0;0;0;0;0;0;0;0;0;0;0;0;100;0;0;0;0;0;0;0;0;0;0;0;0;0;0;0;0;0;0;0;0;0;100;0;100;0;0;100;0;0;0;0;0;0;0;0;100;100;0;0;0;0;100;100;0;0;0;100;0;100;0;0;0;0;0;0;0;100;0;0;0;0;100;100;0;0;0;100;0;0;0;0;0;0;0;0;0;0;0;0;0;0;0;0;100;0;0;0;0;0;0;0;100;100;0;0;0;0;0;0;0;0;0;0;0;100;0;0;0;0;0;0;0;100;16.66666667;100;100;100;0;0;0;0;0;0;0;0;100;100;0;100;0;0;0;0;100;100;100;100;0;100;100;0;0;0;0;0;100;100;0;0;100;0;0;0;0;0;0;0;0;0;0;0;0;0;0;0;0;0;0;0;0;0;0;0;0;0;0;0;0;0;0;0;0;0;100;100;0;0;0;100;100;0;100;0;0;0;0;0;0;0;0;0;0;0;0;0;0;0;0;0;0;0;0;0;100;0;96.66666667;56.66666667;0;0;0;0;0;100;100;100;0;0;0;;;;;
5_2011;0.00;0;0;0;0;0;0;100;0;0;0;0;0;0;100;0;0;0;0;0;100;0;0;0;0;0;100;100;0;0;0;0;0;0;0;0;0;0;100;0;0;100;0;0;0;0;100;0;0;0;0;0;0;0;0;0;0;0;0;0;0;0;0;0;0;0;100;0;0;0;0;0;0;0;0;100;0;0;0;0;0;0;0;0;0;0;0;0;100;0;100;0;0;100;0;0;0;0;0;0;0;0;100;100;0;0;0;0;100;100;0;0;0;100;0;100;0;0;0;0;0;0;0;100;0;0;0;0;100;100;0;0;0;58.06451613;0;0;0;0;0;0;0;0;0;0;0;0;0;0;0;0;100;0;0;0;0;0;0;0;100;100;0;0;0;0;0;0;0;0;0;0;0;100;0;0;0;0;0;0;0;100;100;100;100;100;0;0;0;0;0;0;0;0;100;96.77419355;0;100;0;0;0;0;100;100;100;100;0;100;100;0;0;0;0;0;100;100;0;0;0;0;0;0;0;0;0;0;0;0;0;0;0;0;0;0;0;0;0;0;0;0;0;0;0;0;0;0;0;0;0;0;0;0;100;100;0;0;0;100;100;0;100;0;0;0;0;0;0;0;0;0;0;0;0;0;0;0;0;0;0;0;0;0;100;0;100;0;0;0;0;0;0;100;100;100;0;0;0;;;;;
6_2011;0.00;0;0;0;0;0;0;100;0;0;0;0;0;0;100;0;0;0;0;0;100;0;0;0;0;0;100;100;0;0;0;0;0;0;0;0;0;0;100;0;0;100;0;0;0;0;100;0;0;0;0;0;0;0;0;0;0;0;0;0;0;0;0;0;0;0;100;0;0;0;0;0;0;0;0;100;0;0;0;0;0;0;0;0;0;0;0;0;100;0;100;0;0;100;0;0;0;0;0;0;0;0;100;100;0;0;0;0;100;100;0;0;0;100;0;100;0;0;0;0;0;0;0;100;0;0;0;0;100;100;0;0;0;0;0;0;0;0;0;0;0;0;0;0;0;0;0;0;0;0;100;0;0;0;0;0;0;0;100;100;0;0;0;0;0;0;0;0;0;0;0;100;0;0;0;0;0;0;0;100;100;100;100;100;0;0;0;0;0;0;0;0;100;100;0;100;0;0;0;0;100;100;100;100;0;100;100;0;0;0;0;0;100;100;0;0;0;0;0;0;0;0;0;0;0;0;0;0;0;0;0;0;0;0;0;0;0;0;0;0;0;0;0;0;0;0;0;0;0;0;100;100;0;0;0;100;100;0;0;0;0;0;0;0;0;0;0;0;0;0;0;0;0;0;0;0;0;0;0;0;100;0;100;0;0;0;0;0;0;100;100;100;0;0;0;;;;;
7_2011;0.00;0;0;0;0;0;0;100;0;0;0;0;0;0;100;0;0;0;0;0;100;64.51612903;58.06451613;0;0;0;100;100;0;0;0;0;0;0;0;0;0;0;100;0;0;100;0;0;0;0;100;0;0;0;0;0;0;0;0;0;0;0;0;0;0;0;0;0;0;0;100;0;0;0;0;0;0;0;0;100;0;0;0;0;0;0;0;0;0;0;0;0;100;0;100;0;0;100;0;0;0;0;0;0;0;0;100;100;0;0;0;0;100;100;0;0;54.83870968;100;0;100;0;0;0;0;0;0;0;100;0;0;0;0;100;100;0;0;0;41.93548387;0;0;0;0;0;0;0;0;0;0;0;0;0;0;0;0;100;0;0;0;0;0;0;0;100;100;0;0;0;0;0;0;0;0;0;0;0;100;0;0;0;0;0;0;0;100;100;100;100;100;0;0;0;0;0;0;0;0;100;100;0;100;0;0;0;0;100;100;100;100;0;100;100;0;0;0;0;0;58.06451613;100;35.48387097;54.83870968;48.38709677;0;0;0;0;0;0;0;0;0;0;0;0;0;0;0;0;0;0;0;0;0;0;0;0;0;0;0;0;0;0;0;0;0;100;100;0;0;0;100;100;0;0;0;0;0;0;0;0;0;0;0;0;0;0;0;0;0;0;0;0;0;0;0;100;0;100;32.25806452;0;0;0;0;0;100;100;61.29032258;0;0;0;;;;;
8_2011;0.00;0;0;0;0;0;0;100;0;0;0;0;0;0;100;0;0;0;0;0;100;100;100;0;0;0;100;100;0;0;0;0;0;0;0;0;0;0;100;0;0;100;0;0;0;0;100;0;0;0;0;0;0;0;0;0;0;0;0;0;0;0;0;0;0;0;100;0;0;0;0;0;0;0;0;100;0;0;0;0;0;0;0;0;0;0;0;0;100;0;9.677419355;0;0;100;0;0;0;0;0;0;0;0;100;100;0;0;0;0;100;100;0;0;100;100;0;100;0;0;0;0;0;0;0;100;0;0;0;0;100;100;0;0;0;100;0;0;0;0;0;0;0;0;0;0;0;0;0;0;0;0;100;0;0;0;0;0;0;0;100;100;0;0;0;0;0;0;0;0;0;0;0;100;0;0;0;0;0;0;0;100;100;100;100;100;0;0;0;0;0;0;0;0;100;100;0;100;0;0;0;0;100;100;100;100;0;100;100;0;0;0;0;0;0;100;0;100;100;0;0;0;0;0;0;0;0;0;0;0;0;0;0;0;0;0;0;0;0;0;0;0;0;0;0;0;0;0;0;0;0;0;100;100;0;0;0;100;100;0;0;0;0;0;0;0;0;0;0;0;0;0;0;0;0;0;0;0;0;0;0;0;100;0;100;100;0;0;0;0;0;100;100;0;0;0;0;;;;;
9_2011;0.00;0;0;0;0;0;0;100;0;0;0;0;0;0;100;0;0;0;0;0;100;70;70;0;0;0;100;100;0;0;0;0;0;0;0;0;0;0;100;0;0;100;0;0;0;0;100;0;0;0;0;0;0;0;0;0;0;0;90;0;0;0;0;0;0;0;100;0;0;0;0;0;0;0;0;100;0;0;0;0;0;0;0;0;0;0;0;0;100;0;100;0;0;100;0;0;0;0;0;0;0;0;100;100;0;0;0;0;100;100;0;0;100;100;0;53.33333333;0;0;0;0;0;0;0;100;0;0;0;0;100;100;46.66666667;0;0;53.33333333;0;0;0;0;0;0;0;0;0;0;0;0;0;0;0;0;100;0;0;0;0;0;0;0;100;100;0;0;0;0;0;0;0;0;0;0;0;100;0;0;0;0;0;0;0;100;100;100;100;100;0;0;0;0;0;0;0;0;100;100;0;100;0;0;0;0;100;100;100;100;0;46.66666667;100;0;0;53.33333333;0;0;0;66.66666667;30;100;63.33333333;0;0;0;0;0;0;0;0;0;0;0;0;0;0;0;0;0;0;0;0;0;0;0;0;0;0;0;0;0;0;0;0;0;100;100;0;0;0;46.66666667;70;0;0;0;0;0;0;0;0;0;0;0;0;0;0;0;0;0;0;0;0;0;0;0;100;0;100;90;0;0;0;0;0;100;100;0;0;0;0;;;;;
10_2011;0.00;0;0;0;0;0;0;100;0;0;0;0;0;0;100;0;0;0;0;0;100;0;0;0;0;0;100;100;0;0;0;0;0;0;0;0;0;0;100;0;0;100;0;0;0;0;100;0;0;0;0;0;0;0;0;0;0;0;100;0;0;0;0;0;0;0;100;0;0;0;0;0;0;0;0;100;0;0;0;0;0;0;0;0;0;0;0;0;100;0;100;0;0;100;0;0;0;0;0;0;0;0;100;100;0;0;0;0;100;100;0;0;100;100;0;0;0;0;0;0;0;0;0;100;0;0;0;0;100;96.77419355;100;0;0;0;0;0;0;0;0;0;0;0;0;0;0;0;0;0;0;0;100;0;0;0;0;0;0;0;100;100;0;0;0;0;0;0;0;0;0;0;0;100;0;0;0;0;0;0;0;100;100;100;100;100;0;0;0;0;0;0;0;0;100;90.32258065;0;100;0;0;0;0;100;100;100;100;0;0;12.90322581;0;0;100;0;0;0;0;29.03225806;100;0;0;0;0;0;0;0;0;0;0;0;0;0;0;0;0;0;0;0;0;0;0;0;0;0;0;0;0;0;0;0;0;0;0;100;100;0;0;0;87.09677419;0;0;100;0;0;0;0;0;0;0;0;0;0;0;0;0;0;0;0;0;0;0;0;0;100;0;100;0;0;0;0;0;0;100;100;0;0;0;0;;;;;
11_2011;0.00;0;0;0;0;0;0;100;0;0;0;0;0;0;100;0;0;0;0;0;100;0;0;0;0;0;100;100;0;0;0;0;0;0;0;0;0;0;100;0;0;100;0;0;0;0;100;0;0;0;0;0;0;0;0;0;0;0;100;0;0;0;0;0;0;0;100;0;0;0;0;0;0;0;0;90;0;0;0;0;0;0;0;0;0;0;0;0;100;0;100;0;0;100;0;0;0;0;0;0;0;0;100;100;0;0;0;0;100;100;0;0;100;96.66666667;0;0;0;0;0;0;0;0;0;100;0;0;0;0;100;90;100;0;0;0;0;0;0;0;0;0;0;0;0;0;0;0;0;0;0;0;100;0;0;0;0;0;0;0;100;100;0;0;0;0;0;0;0;0;0;0;0;100;0;0;0;0;0;0;0;100;100;100;100;100;0;0;0;0;0;0;0;0;100;100;0;100;0;0;0;0;100;100;100;100;0;0;3.333333333;0;0;100;0;0;0;0;30;100;0;0;0;0;0;0;0;0;0;0;0;0;0;0;0;0;0;0;0;0;0;0;0;0;0;0;0;0;0;0;0;0;0;0;100;100;0;0;0;100;0;0;83.33333333;0;0;0;0;0;0;0;0;0;0;0;0;0;0;0;0;0;0;0;0;0;100;0;100;0;0;0;0;0;0;100;100;0;0;0;0;;;;;
12_2011;0.00;0;0;0;0;0;0;100;0;0;0;0;0;0;100;0;0;0;0;0;100;87.09677419;80.64516129;0;0;0;100;100;0;0;0;0;0;0;0;0;0;0;100;0;0;100;0;0;0;0;100;0;0;0;0;0;0;0;0;0;0;0;100;0;0;0;0;0;0;0;100;0;0;0;0;0;0;0;0;93.5483871;0;0;0;0;0;0;0;0;0;0;0;0;100;0;100;0;0;90.32258065;0;0;0;0;0;0;0;0;100;100;0;0;0;0;100;100;0;0;100;100;0;90.32258065;0;0;0;0;0;0;0;100;0;0;0;0;100;51.61290323;3.225806452;0;90.32258065;90.32258065;0;0;0;0;0;0;0;0;0;0;0;0;0;0;0;0;100;0;0;0;0;0;0;0;100;100;0;0;0;0;0;0;0;0;0;0;0;100;0;0;0;0;0;0;0;100;100;100;100;100;0;0;0;0;0;0;0;0;100;100;0;100;0;0;0;0;100;100;100;100;0;93.5483871;100;0;0;100;0;0;0;0;22.58064516;100;0;0;0;0;0;0;0;0;0;0;0;0;0;0;0;0;0;0;0;0;0;0;0;0;0;0;0;0;0;0;0;0;0;0;100;100;0;0;0;100;0;0;41.93548387;0;0;0;0;0;0;0;0;0;0;0;0;0;0;0;0;0;0;0;0;0;100;0;100;22.58064516;0;0;0;0;0;100;100;0;0;0;0;;;;;
1_2012;0.00;0;0;0;0;0;0;100;0;0;0;0;0;0;100;0;0;0;0;0;100;100;100;0;0;0;100;100;0;0;0;0;0;0;0;0;0;0;100;0;0;100;0;0;0;0;100;0;0;0;0;0;0;0;0;0;0;0;100;0;0;0;0;0;0;0;100;0;0;0;0;0;0;0;0;96.77419355;0;0;0;0;0;0;0;0;0;0;0;0;100;0;96.77419355;0;0;100;0;0;0;0;0;0;0;0;100;100;0;0;0;0;100;100;0;0;100;100;0;100;0;0;0;0;0;0;0;100;0;0;0;0;70.96774194;96.77419355;0;0;100;100;0;0;0;0;0;0;0;0;0;0;0;0;0;0;0;0;100;0;0;0;0;0;0;0;100;100;0;0;0;0;0;0;0;0;0;0;0;100;0;0;0;0;0;0;0;100;100;100;100;100;0;0;0;0;0;0;0;0;100;100;0;100;0;0;0;0;100;100;100;100;0;100;100;0;0;100;0;0;0;0;0;100;0;0;0;0;0;0;0;0;0;0;0;0;0;0;0;0;0;0;0;0;0;0;0;0;0;0;0;0;0;0;0;0;0;0;100;100;0;0;0;100;0;0;61.29032258;0;0;0;0;0;0;0;0;0;0;0;0;0;0;0;0;0;0;0;0;0;100;0;96.77419355;0;0;0;0;0;0;100;100;0;0;0;0;;;;;
2_2012;0.00;0;0;0;0;0;0;100;0;0;0;0;0;0;100;0;0;0;0;0;100;100;100;0;0;0;100;100;0;0;0;0;0;0;0;0;0;0;100;0;0;100;0;0;0;0;100;0;0;0;0;0;0;0;0;0;0;0;100;0;0;0;0;0;0;0;100;0;0;0;0;0;0;0;0;100;0;0;0;0;0;0;0;0;0;0;0;0;100;0;100;0;0;100;0;0;0;0;0;0;0;0;100;100;0;0;0;0;100;100;0;0;100;27.5862069;0;100;0;0;0;0;0;0;0;100;0;0;0;0;100;100;0;0;100;100;0;0;0;0;0;0;0;0;0;0;0;0;0;0;0;0;100;0;0;0;0;0;0;0;100;100;0;0;0;0;0;0;0;0;0;0;0;100;0;0;0;0;0;0;0;100;96.55172414;100;100;100;0;0;0;0;0;0;0;0;100;100;0;100;0;0;0;0;100;100;96.55172414;100;0;100;100;0;0;100;0;0;0;0;0;100;0;0;0;0;0;0;0;0;0;0;0;0;0;0;0;0;0;0;0;0;0;0;0;0;0;0;0;0;0;0;0;0;0;0;100;100;0;0;0;100;0;0;51.72413793;0;0;0;0;0;0;0;0;0;0;0;0;0;0;0;0;0;0;0;0;0;100;0;100;0;0;0;0;0;0;100;100;0;0;0;0;;;;;
3_2012;0.00;0;0;0;0;0;0;100;0;0;0;0;0;0;100;0;0;0;0;0;100;100;100;0;0;0;100;100;0;0;0;0;0;0;0;0;0;0;100;0;0;100;0;0;0;0;100;0;0;0;0;0;0;0;0;0;0;0;100;0;0;0;0;0;0;0;100;0;0;0;0;0;0;0;0;100;0;0;0;0;0;0;0;0;0;0;0;0;100;0;100;0;0;100;0;0;0;0;0;0;0;0;100;100;0;0;0;0;100;100;0;0;100;100;0;100;0;0;0;0;0;0;0;100;0;0;0;0;100;100;0;3.225806452;80.64516129;100;0;0;0;0;0;0;0;0;0;0;0;0;0;0;0;0;100;0;0;0;0;0;0;0;100;100;0;0;0;0;0;0;0;0;0;0;0;100;0;0;0;0;0;0;0;100;100;100;100;100;0;0;0;0;0;0;0;0;100;100;0;100;0;0;0;0;100;100;100;100;0;100;100;0;0;100;0;0;9.677419355;9.677419355;12.90322581;100;12.90322581;0;0;0;0;0;0;0;0;0;0;0;0;0;0;0;0;0;0;0;0;0;0;0;0;0;0;0;0;0;0;0;0;0;100;100;0;0;0;100;0;0;100;0;0;0;0;0;0;0;0;0;0;0;0;0;0;0;0;0;0;0;0;0;100;0;100;6.451612903;0;0;0;0;0;100;100;19.35483871;0;0;0;;;;;
4_2012;0.00;0;0;0;0;0;0;100;0;0;0;0;0;0;100;0;0;0;0;0;100;100;100;0;0;0;100;100;0;0;0;0;0;0;0;0;0;0;100;0;0;100;0;0;0;0;100;0;0;0;0;0;0;0;0;0;0;0;100;0;0;0;0;0;0;0;100;0;0;0;0;0;0;0;0;100;0;0;0;0;0;0;0;0;0;0;0;0;100;0;100;0;0;100;0;0;0;0;0;0;0;0;100;100;0;0;0;0;100;100;0;0;100;100;96.66666667;100;0;0;0;0;0;0;0;100;0;0;0;0;100;100;10;100;0;100;0;0;0;0;0;0;0;0;0;0;0;0;0;0;0;0;100;0;0;0;0;0;0;0;100;100;0;0;0;0;0;0;0;0;0;0;0;100;0;0;0;0;0;0;0;100;100;100;100;100;0;0;0;0;0;0;0;0;100;100;0;100;0;0;0;0;100;100;100;100;0;100;100;0;0;100;0;0;100;100;76.66666667;100;100;0;0;0;0;0;0;0;0;0;0;0;0;0;0;0;0;0;0;0;0;0;0;0;0;0;0;0;0;0;0;0;0;0;100;100;0;0;0;100;0;0;100;0;0;0;0;0;0;0;0;0;0;0;0;0;0;0;0;0;0;0;0;0;100;0;100;43.33333333;0;0;0;0;0;100;100;100;0;0;0;;;;;
5_2012;0.00;0;0;0;0;0;0;100;0;0;0;0;0;0;100;0;0;0;0;0;100;100;100;0;0;0;100;100;0;0;0;0;0;0;0;0;0;0;100;0;0;100;0;0;0;0;100;0;0;0;0;0;0;0;0;0;0;0;0;0;0;0;0;0;0;0;100;0;0;0;0;0;0;0;0;96.77419355;0;0;0;0;0;0;0;0;0;0;0;0;100;0;100;0;0;100;0;0;0;0;0;0;0;0;100;100;0;0;0;0;100;100;0;0;100;100;41.93548387;100;0;0;0;0;0;0;0;100;0;0;0;0;100;100;0;19.35483871;0;77.41935484;0;0;0;0;0;0;0;0;0;0;0;0;0;0;0;0;100;0;0;0;0;0;0;0;100;100;0;0;0;0;0;0;0;0;0;0;0;100;0;0;0;0;0;0;0;100;100;100;100;100;0;0;0;0;0;0;0;0;100;100;0;100;0;0;0;0;100;100;100;100;0;100;100;0;0;100;0;0;87.09677419;100;0;100;100;0;0;0;0;0;0;0;0;0;0;0;0;0;0;0;0;0;0;0;0;0;0;0;0;0;0;0;0;0;0;0;0;0;100;100;0;0;0;100;0;0;100;0;0;0;0;0;0;0;0;0;0;0;0;0;0;0;0;0;0;0;0;0;100;0;100;0;0;0;0;0;0;100;100;100;0;0;0;;;;;
6_2012;0.00;0;0;0;0;0;0;100;0;0;0;0;0;0;100;0;0;0;0;0;100;66.66666667;73.33333333;0;0;0;100;100;0;0;0;0;0;0;0;0;0;0;100;0;0;100;0;0;0;0;100;0;0;0;0;0;0;0;0;0;0;0;100;0;0;0;0;0;0;0;100;0;0;0;0;0;0;0;0;100;0;0;0;0;0;0;0;0;0;0;0;0;100;0;100;0;0;100;0;0;0;0;0;0;0;0;100;100;0;0;0;0;100;100;0;0;63.33333333;100;0;53.33333333;0;0;0;0;0;0;0;100;0;0;0;0;100;46.66666667;0;0;0;0;0;0;0;0;0;0;0;0;0;0;0;0;0;0;0;0;100;0;0;0;0;0;0;0;100;100;0;0;0;0;0;0;0;0;0;0;0;100;0;0;0;0;0;0;0;100;100;100;100;100;0;0;0;0;0;0;0;0;100;100;0;100;0;0;0;0;100;100;100;100;0;46.66666667;46.66666667;0;0;46.66666667;0;0;3.333333333;66.66666667;40;63.33333333;73.33333333;0;0;0;0;0;0;0;0;0;0;0;0;0;0;0;0;0;0;0;0;0;0;0;0;0;0;0;0;0;0;0;0;0;100;100;0;0;0;53.33333333;0;0;100;0;0;0;0;0;0;0;0;0;0;0;0;0;0;0;0;0;0;0;0;0;100;0;100;0;0;0;0;0;0;100;100;70;0;0;0;;;;;
7_2012;0.00;0;0;0;0;0;0;100;0;0;0;0;0;0;100;0;0;0;0;0;100;0;0;0;0;0;100;100;0;0;0;0;0;0;0;0;0;0;100;0;0;100;0;0;0;0;100;0;0;0;0;0;0;0;0;0;0;0;100;0;0;0;0;0;0;0;100;0;0;0;0;0;0;0;0;100;0;0;0;0;0;0;0;0;0;0;0;0;100;0;100;0;0;100;0;0;0;0;0;0;0;0;100;100;0;0;0;0;100;100;0;0;0;100;3.225806452;0;0;0;0;0;0;0;0;100;0;0;0;0;100;100;0;0;0;0;0;0;0;0;0;0;0;0;0;0;0;0;0;0;0;0;100;0;0;0;0;0;0;0;100;100;0;0;0;0;0;0;0;0;0;0;0;100;0;0;0;0;0;0;0;100;100;100;100;100;0;0;0;0;0;0;0;0;100;100;0;100;0;0;0;0;100;100;100;100;0;0;0;0;0;0;0;0;0;0;93.5483871;0;0;0;0;0;0;0;0;0;0;0;0;0;0;0;0;0;0;0;0;0;0;0;0;0;0;0;0;0;0;0;0;0;0;0;100;100;0;0;0;0;0;0;100;0;0;0;0;0;0;0;0;0;0;0;0;0;0;0;0;0;0;0;0;0;100;0;100;29.03225806;0;0;0;0;0;100;100;0;0;0;0;;;;;
8_2012;0.00;0;0;0;0;0;0;100;0;0;0;0;0;0;100;0;0;0;0;0;100;0;0;0;0;0;100;100;0;0;0;0;0;0;0;0;0;0;100;0;0;100;0;0;0;0;100;0;0;0;0;0;0;0;0;0;0;0;100;0;0;0;0;0;0;0;100;0;0;0;0;0;0;0;0;100;0;0;0;0;0;0;0;0;0;0;0;0;100;0;100;0;0;100;0;0;0;0;0;0;0;0;100;100;0;0;0;0;100;100;0;0;0;100;0;0;0;0;0;0;0;0;0;100;0;0;0;0;100;100;0;0;0;0;0;0;0;0;0;0;0;0;0;0;0;0;0;0;0;0;100;0;0;0;0;0;0;0;100;100;0;0;0;0;0;0;0;0;0;0;0;100;0;0;0;0;0;0;0;100;100;100;100;100;0;0;0;0;0;0;0;0;100;100;0;100;0;0;0;0;100;100;100;100;0;0;0;0;0;0;0;0;0;0;0;0;0;0;0;0;0;0;0;0;0;0;0;0;0;0;0;0;0;0;0;0;0;0;0;0;0;0;0;0;0;0;0;0;0;0;100;100;0;0;0;0;0;0;100;0;0;0;0;0;0;0;0;0;0;0;0;0;0;0;0;0;0;0;0;0;100;0;100;74.19354839;0;0;0;0;0;100;100;0;0;0;0;;;;;
9_2012;0.00;0;0;0;0;0;0;100;0;0;0;0;0;0;100;0;0;0;0;0;100;0;0;0;0;0;100;100;0;0;0;0;0;0;0;0;0;0;100;0;0;100;0;0;0;0;100;0;0;0;0;0;0;0;0;0;0;0;100;0;0;0;0;0;0;0;100;0;0;0;0;0;0;0;0;100;0;0;0;0;0;0;0;0;0;0;0;0;100;0;100;0;0;100;0;0;0;0;0;0;0;0;100;100;0;0;0;0;100;100;0;0;0;100;0;0;0;0;0;0;0;0;0;100;0;0;0;0;100;100;0;0;0;0;0;0;0;0;0;0;0;0;0;0;0;0;0;0;0;0;100;0;0;0;0;0;0;0;100;100;0;0;0;0;0;0;0;0;0;0;0;100;0;0;0;0;0;0;0;100;100;100;100;100;0;0;0;0;0;0;0;0;100;100;0;100;0;0;0;0;100;100;100;100;0;0;0;0;0;0;0;0;0;0;60;0;0;0;0;0;0;0;0;0;0;0;0;0;0;0;0;0;0;0;0;0;0;0;0;0;0;0;0;0;0;0;0;0;0;0;100;100;0;0;0;0;0;0;100;0;0;0;0;0;0;0;0;0;0;0;0;0;0;0;0;0;0;0;0;0;100;0;100;16.66666667;0;0;0;0;0;100;100;0;0;0;0;;;;;
10_2012;0.00;0;0;0;0;0;0;100;0;0;0;0;0;0;100;0;0;0;0;0;100;0;0;0;0;0;100;100;0;0;0;0;0;0;0;0;0;0;100;0;0;100;0;0;0;0;100;0;0;0;0;0;0;0;0;0;0;0;100;0;0;0;0;0;0;0;100;0;0;0;0;0;0;0;0;100;0;0;0;0;0;0;0;0;0;0;0;0;100;0;100;0;0;100;0;0;0;0;0;0;0;0;100;100;0;0;0;0;100;100;0;0;0;100;0;0;0;0;0;0;0;0;0;100;0;0;0;0;100;100;0;0;0;0;0;0;0;0;0;0;0;0;0;0;0;0;0;0;0;0;100;0;0;0;0;0;0;0;100;100;0;0;0;0;0;0;0;0;0;0;0;100;0;0;0;0;0;0;0;100;100;100;100;100;0;0;0;0;0;0;0;0;96.77419355;100;0;100;0;0;0;0;100;100;100;100;0;0;0;0;0;0;0;0;0;0;96.77419355;0;0;0;0;0;0;0;0;0;0;0;0;0;0;0;0;0;0;0;0;0;0;0;0;0;0;0;0;0;0;0;0;0;0;0;100;100;0;0;0;0;0;0;100;0;0;0;0;0;0;0;0;0;0;0;0;0;0;0;0;0;0;0;0;0;100;0;100;41.93548387;0;0;0;0;0;100;100;0;0;0;0;;;;;
11_2012;0.00;0;0;0;0;0;0;100;0;0;0;0;0;0;100;0;0;0;0;0;100;0;0;0;0;0;100;100;0;0;0;0;0;0;0;0;0;0;100;0;0;100;0;0;0;0;100;0;0;0;0;0;0;0;0;0;0;0;100;0;0;0;0;0;0;0;100;0;0;0;0;0;0;0;0;76.66666667;0;0;0;0;0;0;0;0;0;0;0;0;100;0;96.66666667;0;0;100;0;0;0;0;0;0;0;0;100;100;0;0;0;0;100;100;0;0;0;100;0;0;0;0;0;0;0;0;0;100;0;0;0;0;100;93.33333333;0;0;0;0;0;0;0;0;0;0;0;0;0;0;0;0;0;0;0;0;100;0;0;0;0;0;0;0;96.66666667;100;0;0;0;0;0;0;0;0;0;0;0;100;0;0;0;0;0;0;0;100;100;100;100;100;0;0;0;0;0;0;0;0;100;100;0;100;0;0;0;0;100;100;100;100;0;0;0;0;0;0;0;0;0;0;0;0;0;0;100;86.66666667;0;0;0;0;0;0;0;0;0;0;0;0;0;0;0;0;0;0;0;0;0;0;0;0;0;0;0;0;0;0;100;100;0;0;0;0;0;0;100;0;0;0;0;0;0;0;0;0;0;0;0;0;0;0;0;0;0;0;0;0;100;0;100;0;0;0;0;0;0;100;100;0;0;0;0;;;;;
12_2012;0.00;0;0;0;0;0;0;100;0;0;0;0;0;0;100;0;0;0;0;0;100;0;0;0;0;0;100;93.5483871;0;0;0;0;0;0;0;0;0;0;100;0;0;100;0;0;0;0;100;0;0;0;0;0;0;0;0;0;0;0;100;0;0;0;0;0;0;0;100;0;0;0;0;0;0;0;0;100;0;0;0;0;0;0;0;0;0;0;0;0;100;0;100;0;0;100;0;0;0;0;0;0;0;0;100;100;0;0;0;0;100;100;0;0;0;100;6.451612903;0;0;0;0;0;0;0;0;100;0;0;0;0;100;100;0;0;0;0;0;0;0;0;0;0;0;0;0;0;0;0;0;0;0;0;100;0;0;0;0;0;0;0;100;100;0;0;0;0;0;0;0;0;0;0;0;100;0;0;0;0;0;0;0;100;100;100;100;100;0;0;0;0;0;0;0;0;100;100;0;100;0;0;0;0;100;100;100;100;0;0;0;0;0;0;0;0;0;0;0;0;0;0;93.5483871;93.5483871;0;0;0;0;0;0;0;0;0;0;0;0;0;0;0;0;0;0;0;0;0;0;0;0;0;0;0;0;0;0;100;100;0;0;0;0;0;0;100;0;0;0;0;0;0;0;0;0;0;0;0;0;0;0;0;0;0;0;0;0;100;0;58.06451613;64.51612903;0;0;0;0;0;100;100;0;0;0;0;;;;;
1_2013;0.00;0;0;0;0;0;0;100;0;0;0;0;0;0;100;0;0;0;0;0;100;0;0;0;0;0;100;100;0;0;0;0;0;0;0;0;0;0;100;0;0;100;0;0;0;0;100;0;0;0;0;0;0;0;0;0;0;0;100;0;0;0;0;0;0;0;100;0;0;0;0;0;0;0;0;93.5483871;0;0;0;0;0;0;0;0;0;0;0;0;100;0;87.09677419;0;0;100;0;0;0;0;0;0;0;0;100;100;0;0;0;0;100;100;0;0;0;100;74.19354839;0;0;0;0;0;0;0;0;100;0;0;0;0;100;80.64516129;0;0;0;0;0;0;0;0;0;0;0;0;0;0;0;0;0;0;0;0;100;0;0;0;0;0;0;0;100;100;0;0;0;0;0;0;0;0;0;0;0;100;0;0;0;0;0;0;0;100;100;100;100;100;0;0;0;0;0;0;0;0;100;100;0;100;0;0;0;0;100;100;100;100;0;0;0;0;0;0;0;0;0;0;0;0;0;0;100;100;0;0;0;0;0;0;0;0;0;0;0;0;0;0;0;0;0;0;0;0;0;0;0;0;0;0;0;0;0;0;100;100;0;0;0;0;0;0;100;0;0;0;0;0;0;0;0;0;0;0;0;0;0;0;0;0;0;0;0;0;100;0;0;100;0;0;0;0;0;100;100;0;0;0;0;;;;;
2_2013;0.00;0;0;0;0;0;0;100;0;0;0;0;0;0;100;0;0;0;0;0;100;0;0;0;0;0;100;100;0;0;0;0;0;0;0;0;0;0;100;0;0;100;0;0;0;0;100;0;0;0;0;0;0;0;0;0;0;0;100;0;0;0;0;0;0;0;100;0;0;0;0;0;0;0;0;96.42857143;0;0;0;0;0;0;0;0;0;0;0;0;100;0;100;0;0;100;0;0;0;0;0;0;0;0;100;100;0;0;0;0;100;100;0;0;0;100;39.28571429;0;0;0;0;0;0;0;0;100;0;0;0;0;100;100;0;0;0;0;0;0;0;0;0;0;0;0;0;0;0;0;0;0;0;0;100;0;0;0;0;0;0;0;100;100;0;0;0;0;0;0;0;0;0;0;0;100;0;0;0;0;0;0;0;100;100;100;100;100;0;0;0;0;0;0;0;0;100;100;0;100;0;0;0;0;100;100;100;100;0;0;0;0;0;0;0;0;0;0;0;0;0;0;92.85714286;96.42857143;0;0;0;0;0;0;0;0;0;0;0;0;0;0;0;0;0;0;0;0;0;0;0;0;0;0;0;0;0;0;100;100;0;0;0;0;0;0;100;0;0;0;0;0;0;0;0;0;0;0;0;0;0;0;0;0;0;0;0;0;100;0;0;100;0;0;0;0;0;100;100;0;0;0;0;;;;;
3_2013;0.00;0;0;0;0;0;0;100;0;0;0;0;0;0;100;0;0;0;0;0;100;0;0;0;0;0;100;100;0;0;0;0;0;0;0;0;0;0;100;0;0;100;0;0;0;0;100;0;0;0;0;0;0;0;0;0;0;0;100;0;0;0;0;0;0;0;100;0;0;0;0;0;0;0;0;96.77419355;0;0;0;0;0;0;0;0;0;0;0;0;100;0;100;0;0;100;0;0;0;0;0;0;0;0;100;100;0;0;0;0;100;100;0;0;0;96.77419355;0;0;0;0;0;0;0;0;0;100;0;0;0;0;100;61.29032258;0;0;0;0;0;0;0;0;0;0;0;0;0;0;0;0;0;0;0;0;100;0;0;0;0;0;0;0;100;100;0;0;0;0;0;0;0;0;0;0;0;100;0;0;0;0;0;0;0;100;93.5483871;100;100;100;0;0;0;0;0;0;0;0;100;100;0;100;0;0;0;0;100;100;100;100;0;0;0;0;0;0;0;0;0;0;16.12903226;0;0;0;90.32258065;93.5483871;0;0;0;0;0;0;0;0;0;0;0;0;0;0;0;0;0;0;0;0;0;0;0;0;0;0;0;0;0;0;100;100;0;0;0;0;0;0;100;0;0;0;0;0;0;0;0;0;0;0;0;0;0;0;0;0;0;0;0;0;100;0;0;100;0;0;0;0;0;100;100;0;0;0;0;;;;;
4_2013;0.00;0;0;0;0;0;0;100;0;0;0;0;0;0;100;0;0;0;0;0;100;0;0;0;0;0;100;100;0;0;0;0;0;0;0;0;0;0;100;0;0;100;0;0;0;0;100;0;0;0;0;0;0;0;0;0;0;0;100;0;0;0;0;0;0;0;100;0;0;0;0;0;0;0;0;100;0;0;0;0;0;0;0;0;0;0;0;0;100;0;100;0;0;100;0;0;0;0;0;0;0;0;100;100;0;0;0;0;100;100;0;0;0;100;0;0;0;0;0;0;0;0;0;100;0;0;0;0;100;100;0;0;0;0;0;0;0;0;0;0;0;0;0;0;0;0;0;0;0;0;100;0;0;0;0;0;0;0;100;100;0;0;0;0;0;0;0;0;0;0;0;100;0;0;0;0;0;0;0;100;100;100;100;100;0;0;0;0;0;0;0;0;100;100;0;100;0;0;0;0;100;100;100;100;0;0;0;0;0;0;0;0;0;0;0;0;0;0;100;90;0;0;0;0;0;0;0;0;0;0;0;0;0;0;0;0;0;0;0;0;0;0;0;0;0;0;0;0;0;0;100;100;0;0;0;0;0;0;100;0;0;0;0;0;0;0;0;0;0;0;0;0;0;0;0;0;0;0;0;0;100;0;100;100;0;0;0;0;0;100;100;0;0;0;0;;;;;
5_2013;0.00;0;0;0;0;0;0;100;0;0;0;0;0;0;100;0;0;0;0;0;100;0;0;0;0;0;100;100;0;0;0;0;0;0;0;0;0;0;100;0;0;100;0;0;0;0;100;0;0;0;0;0;0;0;0;0;0;0;100;0;0;0;0;0;0;0;100;0;0;0;0;0;0;0;0;100;0;0;0;0;0;0;0;0;0;0;0;0;100;0;100;0;0;100;0;0;0;0;0;0;0;0;100;100;0;0;0;0;100;100;0;0;0;100;0;0;0;0;0;0;0;0;0;100;0;0;0;0;100;100;0;0;0;0;0;0;0;0;0;0;0;0;0;0;0;0;0;0;0;0;100;0;0;0;0;0;0;0;100;100;0;0;0;0;0;0;0;0;0;0;0;100;0;0;0;0;0;0;0;100;100;100;100;100;0;0;0;0;0;0;0;0;100;100;0;100;0;0;0;0;100;100;100;100;0;0;0;0;0;0;0;0;0;0;0;0;0;0;100;96.77419355;0;0;0;0;0;0;0;0;0;0;0;0;0;0;0;0;0;0;0;0;0;0;0;0;0;0;0;0;0;0;100;100;0;0;0;0;0;0;100;0;0;0;0;0;0;0;0;0;0;0;0;0;0;0;0;0;0;0;0;0;100;0;100;100;0;0;0;0;0;100;100;0;0;0;0;;;;;
6_2013;0.00;0;0;0;0;0;0;100;0;0;0;0;0;0;100;0;0;0;0;0;100;0;0;0;0;0;100;100;0;0;0;0;0;0;0;0;0;0;100;0;0;100;0;0;0;0;100;0;0;0;0;0;0;0;0;0;0;0;100;0;0;0;0;0;0;0;100;0;0;0;0;0;0;0;0;100;0;0;0;0;0;0;0;0;0;0;0;0;100;0;100;0;0;100;0;0;0;0;0;0;0;0;100;100;0;0;0;0;100;100;0;0;0;100;0;0;0;0;0;0;0;0;0;100;0;0;0;0;100;100;0;0;0;0;0;0;0;0;0;0;0;0;0;0;0;0;0;0;0;0;100;0;0;0;0;0;0;0;100;100;0;0;0;0;0;0;0;0;0;0;0;100;0;0;0;0;0;0;0;100;100;100;100;100;0;0;0;0;0;0;0;0;100;100;0;100;0;0;0;0;100;100;100;100;0;0;0;0;0;0;0;0;0;0;0;0;0;0;96.66666667;93.33333333;0;0;0;0;0;0;0;0;0;0;0;0;0;0;0;0;0;0;0;0;0;0;0;0;0;0;0;0;0;0;100;100;0;0;0;0;0;0;100;0;0;0;0;0;0;0;0;0;0;0;0;0;0;0;0;0;0;0;0;0;100;0;100;100;0;0;0;0;0;100;100;0;0;0;0;;;;;
7_2013;0.00;0;0;0;0;0;0;100;0;0;0;0;0;0;100;0;0;0;0;0;100;0;0;0;0;0;100;100;0;0;0;0;0;0;0;0;0;0;100;0;0;100;0;0;0;0;100;0;0;0;0;0;0;0;0;0;0;0;100;0;0;0;0;0;0;0;100;0;0;0;0;0;0;0;0;100;0;0;0;0;0;0;0;0;0;0;0;0;100;0;100;0;0;100;0;0;0;0;0;0;0;0;100;100;0;0;0;0;100;100;0;0;0;100;0;0;0;0;0;0;0;0;0;100;0;0;0;0;100;100;0;0;0;0;0;0;0;0;0;0;0;0;0;0;0;0;0;0;0;0;100;0;0;0;0;0;0;0;100;100;0;0;0;0;0;0;0;0;0;0;0;100;0;0;0;0;0;0;0;100;100;100;100;100;0;0;0;0;0;0;0;0;100;100;0;100;0;0;0;0;100;100;100;100;0;0;0;0;0;0;0;0;6.451612903;0;0;0;0;0;100;100;0;0;0;0;0;0;0;0;0;0;0;0;0;0;0;0;0;0;0;0;0;0;0;0;0;0;0;0;0;0;100;100;0;0;0;0;0;0;100;0;0;0;0;0;0;0;0;0;0;0;0;0;0;0;0;0;0;0;0;0;100;0;100;100;0;0;0;0;0;100;100;0;0;0;0;;;;;
8_2013;0.00;0;0;0;0;0;0;100;0;0;0;0;0;0;100;0;0;0;0;0;100;0;0;0;0;0;100;100;0;0;0;0;0;0;0;0;0;0;100;0;0;100;0;0;0;0;100;0;0;0;0;0;0;0;0;0;0;0;100;0;0;0;0;0;0;0;100;0;0;0;0;0;0;0;0;100;0;0;0;0;0;0;0;0;0;0;0;0;100;0;100;0;0;100;0;0;0;0;0;0;0;0;100;100;0;0;0;0;100;100;0;0;0;100;0;0;0;0;0;0;0;0;0;100;0;0;0;0;100;100;0;0;0;0;0;0;0;0;0;0;0;0;0;0;0;0;0;0;0;0;100;0;0;0;0;0;0;0;100;100;0;0;0;0;0;0;0;0;0;0;0;100;0;0;0;0;0;0;0;100;100;100;100;100;0;0;0;0;0;0;0;0;100;100;0;100;0;0;0;0;100;100;100;100;0;0;0;0;0;0;0;0;100;0;0;0;0;0;100;61.29032258;0;0;0;0;0;0;0;0;0;0;0;0;0;0;0;0;0;0;0;0;0;0;0;0;0;0;0;0;0;0;100;100;0;0;0;0;0;0;100;0;0;0;0;0;0;0;0;0;0;0;0;0;0;0;0;0;0;0;0;0;100;0;100;100;0;0;0;0;0;100;100;0;0;0;0;;;;;
9_2013;0.00;0;0;0;0;0;0;100;0;0;0;0;0;0;100;0;0;0;0;0;100;0;0;0;0;0;100;100;0;0;0;0;0;0;0;0;0;0;100;0;0;100;0;0;0;0;100;0;0;0;0;0;0;0;0;0;0;0;100;0;0;0;0;0;0;0;100;0;0;0;0;0;0;0;0;100;0;0;0;0;0;0;0;0;0;0;0;0;100;0;100;0;0;100;0;0;0;0;0;0;0;0;100;100;0;0;0;0;100;100;0;0;13.33333333;100;0;0;0;0;0;0;0;0;0;100;0;0;0;0;100;100;16.66666667;0;0;0;0;0;0;0;0;0;0;0;0;0;0;0;0;0;0;0;100;0;0;0;0;0;0;0;100;100;0;0;0;0;0;0;0;0;0;0;0;100;0;0;0;0;0;0;0;100;100;100;100;100;0;0;0;0;0;0;0;0;100;100;0;100;0;0;0;0;100;100;100;100;0;0;3.333333333;0;0;13.33333333;0;0;100;0;23.33333333;3.333333333;0;0;96.66666667;96.66666667;0;0;0;0;0;0;0;0;0;0;0;0;0;0;0;0;0;0;0;0;0;0;0;0;0;0;0;0;0;0;100;100;0;0;0;13.33333333;0;0;100;0;0;0;0;0;0;0;0;0;0;0;0;0;0;0;0;0;0;0;0;0;100;0;100;100;0;0;0;0;0;100;100;0;0;0;0;;;;;
10_2013;0.00;0;0;0;0;0;0;100;0;0;0;0;0;0;100;0;0;0;0;0;100;96.77419355;35.48387097;0;0;0;100;100;0;0;0;0;0;0;0;0;0;0;100;0;0;100;0;0;0;0;100;0;0;0;0;0;0;0;0;0;0;0;100;0;0;0;0;0;0;0;100;0;0;0;0;0;0;0;0;93.5483871;0;0;0;0;0;0;0;0;0;0;0;0;100;0;100;0;0;100;0;0;0;0;0;0;0;0;100;100;0;0;0;0;100;100;0;0;100;100;0;100;0;0;0;0;0;0;0;100;0;0;0;0;100;100;100;0;100;100;0;0;0;0;0;0;0;0;0;0;0;0;0;0;0;0;100;0;0;0;0;0;0;0;100;100;0;0;0;0;0;0;0;0;0;0;0;100;0;0;0;0;0;0;0;100;96.77419355;100;100;100;0;0;0;0;0;0;0;0;100;100;0;100;0;0;0;0;100;100;100;100;0;90.32258065;100;0;0;100;0;0;100;51.61290323;35.48387097;100;74.19354839;0;100;100;0;0;0;0;0;0;0;0;0;0;0;0;0;0;0;0;0;0;0;0;0;0;0;0;0;0;0;0;0;0;100;100;0;0;0;100;0;0;100;54.83870968;0;0;0;0;0;0;0;0;0;0;0;0;0;0;0;0;0;0;0;0;100;0;100;100;0;0;0;0;0;100;100;48.38709677;0;0;0;;;;;
11_2013;0.00;0;0;0;0;0;0;100;0;0;0;0;0;0;100;0;0;0;0;0;100;100;100;0;0;0;100;100;0;0;0;0;0;0;0;0;0;0;100;0;0;100;0;0;0;0;100;0;0;0;0;0;0;0;0;0;0;0;100;0;0;0;0;0;0;0;100;0;0;0;0;0;0;0;0;96.66666667;0;0;0;0;0;0;0;0;0;0;0;0;100;0;100;0;0;100;0;0;0;0;0;0;0;0;100;100;0;0;0;0;100;100;0;0;100;100;0;100;0;0;0;0;0;0;0;100;0;0;0;0;100;100;100;0;100;100;0;0;0;0;0;0;0;0;0;0;0;0;0;0;0;0;100;0;0;0;0;0;0;0;100;100;0;0;0;0;0;0;0;0;0;0;0;100;0;0;0;0;0;0;0;100;96.66666667;100;100;100;0;0;0;0;0;0;0;0;100;100;0;100;0;0;0;0;100;100;96.66666667;100;0;100;100;0;0;100;0;0;100;100;0;100;100;0;100;100;0;0;0;0;0;0;0;0;0;0;0;0;0;0;0;0;0;0;0;0;0;0;0;0;0;0;0;0;0;0;100;100;0;0;0;100;0;0;100;100;0;0;0;0;0;0;0;0;0;0;0;0;0;0;0;0;0;0;0;0;100;0;100;100;0;0;0;0;0;96.66666667;100;100;0;0;0;;;;;
12_2013;0.00;0;0;0;0;0;0;100;0;0;0;0;0;0;100;0;0;0;0;0;100;100;100;0;0;0;100;100;0;0;0;0;0;0;0;0;0;0;100;0;0;100;0;0;0;0;100;0;0;0;0;0;0;0;0;0;0;0;100;0;0;0;0;0;0;0;100;0;0;0;0;0;0;0;0;77.41935484;0;0;0;0;0;0;0;0;0;0;0;0;100;0;100;0;0;96.77419355;0;0;0;0;0;0;0;0;96.77419355;45.16129032;0;0;0;0;100;100;0;0;19.35483871;100;0;41.93548387;0;0;0;0;0;0;0;100;0;0;0;0;100;96.77419355;100;100;0;41.93548387;0;0;0;0;0;0;0;0;0;0;0;0;0;0;0;0;100;0;0;0;0;0;0;0;100;100;0;0;0;0;0;0;0;0;0;0;0;100;0;0;0;0;0;0;0;100;96.77419355;100;100;100;0;0;0;0;0;0;0;0;100;100;0;100;0;0;0;0;100;100;100;100;0;45.16129032;45.16129032;0;0;45.16129032;0;0;100;100;0;19.35483871;100;0;93.5483871;93.5483871;0;0;0;0;0;0;0;0;0;0;0;0;0;0;0;0;0;0;0;0;0;0;0;0;0;0;0;0;0;0;100;100;0;0;0;32.25806452;0;0;100;100;0;0;0;0;0;0;0;0;0;0;0;0;0;0;0;0;0;0;0;0;100;0;100;100;0;0;0;0;0;100;100;38.70967742;0;0;0;;;;;
1_2014;0.00;0;0;0;0;0;0;100;0;0;0;0;0;0;100;0;0;0;0;0;100;100;100;0;0;0;100;100;0;0;0;0;0;0;0;0;0;0;100;0;0;100;0;0;0;0;100;0;0;0;0;0;0;0;0;0;0;0;100;0;0;0;0;0;0;0;100;0;0;0;0;0;0;0;0;100;0;0;0;0;0;0;0;0;0;0;0;0;100;0;100;0;0;100;0;0;0;0;0;0;0;0;100;100;0;0;0;0;100;100;0;0;0;100;0;0;0;0;0;0;0;0;0;100;0;0;0;0;100;100;100;100;0;0;0;0;0;0;0;0;0;0;0;0;0;0;0;0;0;0;100;0;0;0;0;0;0;0;100;100;0;0;0;0;0;0;0;0;0;0;0;100;0;0;0;0;0;0;0;100;100;100;100;100;0;0;0;0;0;0;0;0;96.77419355;100;0;100;0;0;0;0;96.77419355;100;90.32258065;100;0;0;0;0;0;0;0;0;100;100;0;0;100;0;96.77419355;100;0;0;0;0;0;0;0;0;0;0;0;0;0;0;0;0;0;0;0;0;0;0;0;0;0;0;0;0;0;0;100;100;0;0;0;0;0;0;100;100;0;0;0;0;0;0;0;0;0;0;0;0;0;0;0;0;0;0;0;0;100;0;100;100;0;0;0;0;0;100;100;0;0;0;0;;;;;
2_2014;0.00;0;0;0;0;0;0;100;0;0;0;0;0;0;100;0;0;0;0;0;100;100;100;0;0;0;100;100;0;0;0;0;0;0;0;0;0;0;100;0;0;100;0;0;0;0;100;0;0;0;0;0;0;0;0;0;0;0;100;0;0;0;0;0;0;0;100;0;0;0;0;0;0;0;0;82.14285714;0;0;0;0;0;0;0;0;0;0;0;0;100;0;100;0;0;100;0;0;0;0;0;0;0;0;100;100;0;0;0;0;100;100;0;0;0;100;0;0;0;0;0;0;0;0;0;100;0;0;0;0;100;100;100;100;0;0;0;0;0;0;0;0;0;0;0;0;0;0;0;0;0;0;100;0;0;0;0;0;0;0;100;100;0;0;0;0;0;0;0;0;0;0;0;100;0;0;0;0;0;0;0;100;100;100;100;100;0;0;0;0;0;0;0;0;100;92.85714286;0;100;0;0;0;0;100;100;100;100;0;0;0;0;0;0;0;0;100;100;0;0;100;0;92.85714286;96.42857143;0;0;0;0;0;0;0;0;0;0;0;0;0;0;0;0;0;0;0;0;0;0;0;0;0;0;0;0;0;0;100;100;0;0;0;0;0;0;57.14285714;100;0;0;0;0;0;0;0;0;0;0;0;0;0;0;0;0;0;0;0;0;100;0;100;100;0;0;0;0;0;100;100;0;0;0;0;;;;;
3_2014;0.00;0;0;0;0;0;0;100;0;0;0;0;0;0;100;0;0;0;0;0;100;100;100;0;0;0;100;100;0;0;0;0;0;0;0;0;0;0;100;0;0;100;0;0;0;0;100;0;0;0;0;0;0;0;0;0;0;0;100;0;0;0;0;0;0;0;100;0;0;0;0;0;0;0;0;67.74193548;0;0;0;0;0;0;0;0;0;0;0;0;100;0;100;0;0;100;0;0;0;0;0;0;0;0;100;100;0;0;0;0;100;100;0;0;0;100;0;0;0;0;0;0;0;0;0;100;0;0;0;0;100;100;93.5483871;93.5483871;0;0;0;0;0;0;0;0;0;0;0;0;0;0;0;0;0;0;100;0;0;0;0;0;0;0;100;100;0;0;0;0;0;0;0;0;0;0;0;100;0;0;0;0;0;0;0;100;100;100;100;100;0;0;0;0;0;0;0;0;100;100;0;100;0;0;0;0;100;100;100;100;0;0;0;0;0;0;0;0;100;100;0;0;100;0;100;96.77419355;0;0;0;0;0;0;0;0;0;0;0;0;0;0;0;0;0;0;0;0;0;0;0;0;0;0;0;0;0;0;100;100;0;0;0;0;0;0;90.32258065;100;0;0;0;0;0;0;0;0;0;0;0;0;0;0;0;0;0;0;0;0;100;0;100;100;0;0;0;0;0;100;100;0;0;0;0;;;;;
4_2014;0.00;0;0;0;0;0;0;100;0;0;0;0;0;0;100;0;0;0;0;0;100;20;20;0;0;0;100;100;0;0;0;0;0;0;0;0;0;0;100;0;0;100;0;0;0;0;100;0;0;0;0;0;0;0;0;0;0;0;100;0;0;0;0;0;0;0;100;0;0;0;0;0;0;0;0;90;0;0;0;0;0;0;0;0;0;0;0;0;100;0;100;0;0;100;0;0;0;0;0;0;0;0;100;100;0;0;0;0;100;100;0;0;0;100;0;0;0;0;0;0;0;0;0;100;0;0;0;0;100;100;0;0;0;0;0;0;0;0;0;0;0;0;0;0;0;0;0;0;0;0;100;0;0;0;0;0;0;0;96.66666667;100;0;0;0;0;0;0;0;0;0;0;0;100;0;0;0;0;0;0;0;100;100;100;100;100;0;0;0;0;0;0;0;0;100;100;0;100;0;0;0;0;100;100;100;100;0;0;0;0;0;0;0;0;100;100;0;0;96.66666667;0;96.66666667;90;0;0;0;0;0;0;0;0;0;0;0;0;0;0;0;0;0;0;0;0;0;0;0;0;0;0;0;0;0;0;100;100;0;0;0;0;0;0;100;100;0;0;0;0;0;0;0;0;0;0;0;0;0;0;0;0;0;0;0;0;100;0;100;93.33333333;0;0;0;0;0;100;100;0;0;0;0;;;;;
5_2014;0.00;0;0;0;0;0;0;100;0;0;0;0;0;0;100;0;0;0;0;0;100;0;0;0;0;0;100;100;0;0;0;0;0;0;0;0;0;0;100;0;0;100;0;0;0;0;100;0;0;0;0;0;0;0;0;0;0;0;100;0;0;0;0;0;0;0;100;0;0;0;0;0;0;0;0;100;0;0;0;0;0;0;0;0;0;0;0;0;100;0;100;0;0;100;0;0;0;0;0;0;0;0;100;100;0;0;0;0;100;100;0;0;0;100;0;0;0;0;0;0;0;0;0;100;0;0;0;0;100;100;0;0;0;0;0;0;0;0;0;0;0;0;0;0;0;0;0;0;0;0;100;0;0;0;0;0;0;0;100;100;0;0;0;0;0;0;0;0;0;0;0;100;0;0;0;0;0;0;0;100;100;100;100;100;0;0;0;0;0;0;0;0;100;100;0;100;0;0;0;0;100;100;100;100;0;0;0;0;0;0;0;0;0;0;0;0;0;0;96.77419355;93.5483871;0;0;0;0;0;0;0;0;0;0;0;0;0;0;0;0;0;0;0;0;0;0;0;0;0;0;0;0;0;0;100;100;0;0;0;0;0;0;100;3.225806452;0;0;0;0;0;0;0;0;0;0;0;0;0;0;0;0;0;0;0;0;100;0;100;0;0;0;0;0;0;100;100;0;0;0;0;;;;;
6_2014;0.00;0;0;0;0;0;0;100;0;0;0;0;0;0;100;0;0;0;0;0;100;0;0;0;0;0;100;100;0;0;0;0;0;0;0;0;0;0;100;0;0;100;0;0;0;0;100;0;0;0;0;0;0;0;0;0;0;0;100;0;0;0;0;0;0;0;100;0;0;0;0;0;0;0;0;100;0;0;0;0;0;0;0;0;0;0;0;0;100;0;100;0;0;100;0;0;0;0;0;0;0;0;100;100;0;0;0;0;100;100;0;0;0;100;0;0;0;0;0;0;0;0;0;100;0;0;0;0;100;100;0;0;0;0;0;0;0;0;0;0;0;0;0;0;0;0;0;0;0;0;100;0;0;0;0;0;0;0;100;100;0;0;0;0;0;0;0;0;0;0;0;100;0;0;0;0;0;0;0;100;100;100;100;100;0;0;0;0;0;0;0;0;100;100;0;100;0;0;0;0;100;100;100;100;0;0;0;0;0;0;0;0;0;0;0;0;0;0;86.66666667;96.66666667;0;0;0;0;0;0;0;0;0;0;0;0;0;0;0;0;0;0;0;0;0;0;0;0;0;0;0;0;0;0;100;100;0;0;0;0;0;0;100;0;0;0;0;0;0;0;0;0;0;0;0;0;0;0;0;0;0;0;0;0;100;0;100;0;0;0;0;0;0;100;100;0;0;0;0;;;;;
7_2014;0.00;0;0;0;0;0;0;100;0;0;0;0;0;0;100;0;0;0;0;0;100;0;0;0;0;0;100;100;0;0;0;0;0;0;0;0;0;0;100;0;0;96.77419355;0;0;0;0;100;0;0;0;0;0;0;0;0;0;0;0;100;0;0;0;0;0;0;0;100;0;0;0;0;0;0;0;0;100;0;0;0;0;0;0;0;0;0;0;0;0;100;0;100;0;0;100;0;0;0;0;0;0;0;0;100;100;0;0;0;0;100;100;0;0;0;100;0;0;0;0;0;0;0;0;0;100;0;0;0;0;100;100;0;0;0;0;0;0;0;0;0;0;0;0;0;0;0;0;0;0;0;0;100;0;0;0;0;0;0;0;100;100;0;0;0;0;0;0;0;0;0;0;0;100;0;0;0;0;0;0;0;100;100;100;100;100;0;0;0;0;0;0;0;0;100;100;0;100;0;0;0;0;100;100;100;100;0;0;0;0;0;0;0;0;0;0;0;0;0;0;48.38709677;87.09677419;0;0;0;0;0;0;0;0;0;0;0;0;0;0;0;0;0;0;0;0;0;0;0;0;0;0;0;0;0;0;100;100;0;0;0;0;0;0;100;0;0;0;0;0;0;0;0;0;0;0;0;0;0;0;0;0;0;0;0;0;100;0;100;0;0;0;0;0;0;100;100;0;0;0;0;;;;;
8_2014;0.00;0;0;0;0;0;0;100;0;0;0;0;0;0;100;0;0;0;0;0;100;0;0;0;0;0;100;100;0;0;0;0;0;0;0;0;0;0;100;0;0;100;0;0;0;0;100;0;0;0;0;0;0;0;0;0;0;0;100;0;0;0;0;0;0;0;100;0;0;0;0;0;0;0;0;100;0;0;0;0;0;0;0;0;0;0;0;0;100;0;100;0;0;100;0;0;0;0;0;0;0;0;100;100;0;0;0;0;100;100;0;0;0;100;0;0;0;0;0;0;0;0;0;100;0;0;0;0;100;87.09677419;0;0;0;0;0;0;0;0;0;0;0;0;0;0;0;0;0;0;0;0;100;0;0;0;0;0;0;0;100;100;0;0;0;0;0;0;0;0;0;0;0;100;0;0;0;0;0;0;0;100;100;100;100;100;0;0;0;0;0;0;0;0;100;100;0;100;0;0;0;0;100;100;100;100;0;0;0;0;0;0;0;0;0;0;0;0;0;0;32.25806452;90.32258065;0;0;0;0;0;0;0;0;0;0;0;0;0;0;0;0;0;0;0;0;0;0;0;0;0;0;0;0;0;0;100;100;0;0;0;0;0;0;100;0;0;0;0;0;0;0;0;0;0;0;0;0;0;0;0;0;0;0;0;0;100;0;100;0;0;0;0;0;0;100;100;0;0;0;0;;;;;
9_2014;0.00;0;0;0;0;0;0;0;0;0;0;0;0;0;100;0;0;0;0;0;100;0;0;0;0;0;100;100;0;0;0;0;0;0;0;0;0;0;100;0;0;100;0;0;0;0;100;0;0;0;0;0;0;0;0;0;0;0;100;0;0;0;0;0;0;0;100;0;0;0;0;0;0;0;0;100;0;0;0;0;0;0;0;0;0;0;0;0;100;0;100;0;0;100;0;0;0;0;0;0;0;0;100;100;0;0;0;0;100;100;0;0;0;100;0;0;0;0;0;0;0;0;0;100;0;0;0;0;100;100;0;0;0;0;0;0;0;0;0;0;0;0;0;0;0;0;0;0;0;0;100;0;0;0;0;0;0;0;100;100;0;0;0;0;0;0;0;0;0;0;0;100;0;0;0;0;0;0;0;100;100;100;100;100;0;0;0;0;0;0;0;0;100;100;0;100;0;0;0;0;100;100;100;100;0;0;0;0;0;0;0;0;0;0;0;0;0;0;70;90;0;0;0;0;0;0;0;0;0;0;0;0;0;0;0;0;0;0;0;0;0;0;0;0;0;0;0;0;0;0;100;100;0;0;0;0;0;0;100;0;0;0;0;0;0;0;0;0;0;0;0;0;0;0;0;0;0;0;0;0;100;0;100;0;0;0;0;0;0;100;100;0;0;0;0;;;;;
10_2014;0.00;0;0;0;0;0;0;100;0;0;0;0;0;0;100;0;0;0;0;0;100;0;0;0;0;0;100;100;0;0;0;0;0;0;0;0;0;0;100;0;0;100;0;0;0;0;100;0;0;0;0;0;0;0;0;0;0;0;100;0;0;0;0;0;0;0;100;0;0;0;0;0;0;0;0;100;0;0;0;0;0;0;0;0;0;0;0;0;100;0;100;0;0;100;0;0;0;0;0;0;0;0;100;100;0;0;0;0;100;100;0;0;0;100;0;0;0;0;0;0;0;0;0;100;0;0;0;0;100;100;0;0;0;0;0;0;0;0;0;0;0;0;0;0;0;0;0;0;0;0;100;0;0;0;0;0;0;0;100;100;0;0;0;0;0;0;0;0;0;0;0;100;0;0;0;0;0;0;0;100;100;100;100;100;0;0;0;0;0;0;0;0;100;100;0;100;0;0;0;0;100;100;100;80.64516129;0;0;0;0;0;0;0;0;0;0;0;0;0;0;90.32258065;6.451612903;0;0;0;0;0;0;0;0;0;0;0;0;0;0;0;0;0;0;0;0;0;0;0;0;0;0;0;0;0;0;100;100;0;0;0;0;0;0;100;0;0;0;0;0;0;0;0;0;0;0;0;0;0;0;0;0;0;0;0;0;100;0;100;0;0;0;0;0;0;100;100;0;0;0;0;;;;;
11_2014;0.00;0;0;0;0;0;0;100;0;0;0;0;0;0;100;0;0;0;0;0;100;0;0;0;0;0;100;100;0;0;0;0;0;0;0;0;0;0;100;0;0;100;0;0;0;0;100;0;0;0;0;0;0;0;0;0;0;0;100;0;0;0;0;0;0;0;100;0;0;0;0;0;0;0;0;96.66666667;0;0;0;0;0;0;0;0;0;0;0;0;100;0;100;0;0;100;0;0;0;0;0;0;0;0;100;100;0;0;0;0;100;100;0;0;0;100;0;0;0;0;0;0;0;0;0;100;0;0;0;0;100;100;0;0;0;0;0;0;0;0;0;0;0;0;0;0;0;0;0;0;0;0;100;0;0;0;0;0;0;0;100;100;0;0;0;0;0;0;0;0;0;0;0;100;0;0;0;0;0;0;0;100;100;100;100;100;0;0;0;0;0;0;0;0;100;100;0;100;0;0;0;0;100;100;100;100;0;0;0;0;0;0;0;0;0;0;0;0;0;0;93.33333333;50;0;0;0;0;0;0;0;0;0;0;0;0;0;0;0;0;0;0;0;0;0;0;0;0;0;0;0;0;0;0;100;100;0;0;0;0;0;0;96.66666667;0;0;0;0;0;0;0;0;0;0;0;0;0;0;0;0;0;0;0;0;0;100;0;100;0;0;0;0;0;0;100;100;0;0;0;0;;;;;
12_2014;0.00;0;0;0;0;0;0;100;0;0;0;0;0;0;100;0;0;0;0;0;100;0;0;0;0;0;100;100;0;0;0;0;0;0;0;0;0;0;100;0;0;96.77419355;0;0;0;0;100;0;0;0;0;0;0;0;0;0;0;0;100;0;0;0;0;0;0;0;100;0;0;0;0;0;0;0;0;93.5483871;0;0;0;0;0;0;0;0;0;0;0;0;100;0;96.77419355;0;0;100;0;0;0;0;0;0;0;0;100;100;0;0;0;0;100;100;0;0;0;100;0;0;0;0;0;0;0;0;0;100;0;0;0;0;100;100;0;0;0;0;0;0;0;0;0;0;0;0;0;0;0;0;0;0;0;0;100;0;0;0;0;0;0;0;100;100;0;0;0;0;0;0;0;0;0;0;0;100;0;0;0;0;0;0;0;100;96.77419355;100;100;100;0;0;0;0;0;0;0;0;100;100;0;100;0;0;0;0;100;100;100;100;0;0;0;0;0;0;0;0;0;0;0;0;0;0;45.16129032;87.09677419;0;0;0;0;0;0;0;0;0;0;0;0;0;0;0;0;0;0;0;0;0;0;0;0;0;0;0;0;0;0;100;100;0;0;0;0;0;0;0;0;0;0;0;0;0;0;0;0;0;0;0;0;0;0;0;0;0;0;0;0;100;0;100;0;0;0;0;0;0;100;100;0;0;0;0;;;;;
1_2015;0.00;0;0;0;0;0;0;100;0;0;0;0;0;0;100;0;0;0;0;0;100;0;0;0;0;0;100;3.225806452;0;0;0;0;0;0;0;0;0;0;100;0;0;93.5483871;0;0;0;0;100;0;0;0;0;0;0;0;0;0;0;0;100;0;0;0;0;0;0;0;100;0;0;0;0;0;0;0;0;100;0;0;0;0;0;0;0;0;0;0;0;0;100;0;100;0;0;100;0;0;0;0;0;0;0;0;100;100;0;0;0;0;100;100;0;0;0;100;0;0;0;0;0;0;0;0;0;93.5483871;0;0;0;0;100;100;0;0;0;0;0;0;0;0;0;0;0;0;0;0;0;0;0;0;0;0;100;0;0;0;0;0;0;0;100;100;0;0;0;0;0;0;0;0;0;0;0;90.32258065;0;0;0;0;0;0;0;100;96.77419355;100;100;100;0;0;0;0;0;0;0;0;100;100;0;100;0;0;0;0;100;100;100;100;0;0;0;0;0;0;0;0;0;0;0;0;0;0;6.451612903;70.96774194;0;0;0;0;0;0;0;0;0;0;0;0;0;0;0;0;0;0;0;0;0;0;0;0;0;0;0;0;0;0;100;100;0;0;0;0;0;0;100;0;0;0;0;0;0;0;0;0;0;0;0;0;0;0;0;0;0;0;0;0;100;0;100;0;0;0;0;0;0;100;100;0;0;0;0;;;;;
2_2015;0.00;0;0;0;0;0;0;100;0;0;0;0;0;0;100;0;0;0;0;0;100;0;0;0;0;0;100;0;0;0;0;0;0;0;0;0;0;0;100;0;0;100;0;0;0;0;100;0;0;0;0;0;0;0;0;0;0;0;100;0;0;0;0;0;0;0;100;0;0;0;0;0;0;0;0;53.57142857;0;0;0;0;0;0;0;0;0;0;0;0;100;0;100;0;0;100;0;0;0;0;0;0;0;0;100;100;0;0;0;0;100;100;0;0;0;100;0;0;0;0;0;0;0;0;0;100;0;0;0;0;100;100;0;0;0;0;0;0;0;0;0;0;0;0;0;0;0;0;0;0;0;0;100;0;0;0;0;0;0;0;100;100;0;0;0;0;0;0;0;0;0;0;0;100;0;0;0;0;0;0;0;100;100;100;100;100;0;0;0;0;0;0;0;0;100;100;0;100;0;0;0;0;100;89.28571429;100;100;0;0;0;0;0;0;0;0;0;0;0;0;0;0;64.28571429;57.14285714;0;0;0;0;0;0;0;0;0;0;0;0;0;0;0;0;0;0;0;0;0;0;0;0;0;0;0;0;0;0;100;100;0;0;0;0;0;0;100;0;0;0;0;0;0;0;0;0;0;0;0;0;0;0;0;0;0;0;0;0;100;0;100;0;0;0;0;0;0;100;100;0;0;0;0;;;;;
3_2015;0.00;0;0;0;0;0;0;100;0;0;0;0;0;0;100;0;0;0;0;0;100;0;0;0;0;0;100;45.16129032;0;0;0;0;0;0;0;0;0;0;100;0;0;100;0;0;0;0;100;0;0;0;0;0;0;0;0;0;0;0;100;0;0;0;0;0;0;0;100;0;0;0;0;0;0;0;0;96.77419355;0;0;0;0;0;0;0;0;0;0;0;0;100;0;100;0;0;100;0;0;0;0;0;0;0;0;100;100;0;0;0;0;100;100;0;0;0;100;0;0;0;0;0;0;0;0;0;100;0;0;0;0;100;100;0;0;0;0;0;0;0;0;0;0;0;0;0;0;0;0;0;0;0;0;100;0;0;0;0;0;0;0;100;100;0;0;0;0;0;0;0;0;0;0;0;100;0;0;0;0;0;0;0;100;93.5483871;100;100;100;0;0;0;0;0;0;0;0;100;100;0;100;0;0;0;0;100;100;100;100;0;0;0;0;0;0;0;0;0;0;0;0;0;0;83.87096774;100;0;0;0;0;0;0;0;0;0;0;0;0;0;0;0;0;0;0;0;0;0;0;0;0;0;0;0;0;0;0;100;100;0;0;0;0;0;0;100;0;0;0;0;0;0;0;0;0;0;0;0;0;0;0;0;0;0;0;0;0;100;0;100;0;0;0;0;0;0;100;100;0;0;0;0;;;;;
4_2015;0.00;0;0;0;0;0;0;100;0;0;0;0;0;0;100;0;0;0;0;0;100;0;0;0;0;0;100;100;0;0;0;0;0;0;0;0;0;0;100;0;0;100;0;0;0;0;100;0;0;0;0;0;0;0;0;0;0;0;100;0;0;0;0;0;0;0;100;0;0;0;0;0;0;0;0;90;0;0;0;0;0;0;0;0;0;0;0;0;100;0;100;0;0;100;0;0;0;0;0;0;0;0;100;100;0;0;0;0;100;100;0;0;0;100;0;0;0;0;0;0;0;0;0;100;0;0;0;0;100;100;0;0;0;0;0;0;0;0;0;0;0;0;0;0;0;0;0;0;0;0;100;0;0;0;0;0;0;0;100;100;0;0;0;0;0;0;0;0;0;0;0;100;0;0;0;0;0;0;0;100;100;100;100;100;0;0;0;0;0;0;0;0;100;100;0;100;0;0;0;0;100;100;100;100;0;0;0;0;0;0;0;0;0;0;0;0;0;0;100;96.66666667;0;0;0;0;0;0;0;0;0;0;0;0;0;0;0;0;0;0;0;0;0;0;0;0;0;0;0;0;0;0;100;100;0;0;0;0;0;0;100;0;0;0;0;0;0;0;0;0;0;0;0;0;0;0;0;0;0;0;0;0;100;0;100;0;0;0;0;0;0;100;100;0;0;0;0;;;;;
5_2015;0.00;0;0;0;0;0;0;100;0;0;0;0;0;0;100;0;0;0;0;0;100;0;0;0;0;0;100;100;0;0;0;0;0;0;0;0;0;0;100;0;0;0;0;0;0;0;100;0;0;0;0;0;0;0;0;0;0;0;100;0;0;0;0;0;0;0;100;0;0;0;0;0;0;0;0;100;0;0;0;0;0;0;0;0;0;0;0;0;100;0;100;0;0;100;0;0;0;0;0;0;0;0;100;100;0;0;0;0;100;100;0;0;0;100;0;0;0;0;0;0;0;0;0;100;0;0;0;0;100;100;0;0;0;0;0;0;0;0;0;0;0;0;0;0;0;0;0;0;0;0;100;0;0;0;0;0;0;0;100;100;0;0;0;0;0;0;0;0;0;0;0;100;0;0;0;0;0;0;0;100;100;100;100;100;0;0;0;0;0;0;0;0;100;100;0;100;0;0;0;0;100;100;100;100;0;0;0;0;0;0;0;0;0;0;0;0;0;0;100;93.5483871;0;0;0;0;0;0;0;0;0;0;0;0;0;0;0;0;0;0;0;0;0;0;0;0;0;0;0;0;0;0;100;100;0;0;0;0;0;0;100;0;0;0;0;0;0;0;0;0;0;0;0;0;0;0;0;0;0;0;0;0;100;0;100;0;0;0;0;0;0;100;100;0;0;0;0;;;;;
6_2015;0.00;0;0;0;0;0;0;100;0;0;0;0;0;0;100;0;0;0;0;0;100;0;0;0;0;0;100;100;0;0;0;0;0;0;0;0;0;0;100;0;0;0;0;0;0;0;100;0;0;0;0;0;0;0;0;0;0;0;100;0;0;0;0;0;0;0;100;0;0;0;0;0;0;0;0;100;0;0;0;0;0;0;0;0;0;0;0;0;100;0;100;0;0;100;0;0;0;0;0;0;0;0;100;100;0;0;0;0;100;100;0;0;0;100;0;0;0;0;0;0;0;0;0;100;0;0;0;0;100;100;0;0;0;0;0;0;0;0;0;0;0;0;0;0;0;0;0;0;0;0;100;0;0;0;0;0;0;0;100;100;0;0;0;0;0;0;0;0;0;0;0;100;0;0;0;0;0;0;0;100;100;100;100;100;0;0;0;0;0;0;0;0;100;100;0;100;0;0;0;0;100;100;100;100;0;0;0;0;0;0;0;0;0;0;0;0;0;0;100;90;0;0;0;0;0;0;0;0;0;0;0;0;0;0;0;0;0;0;0;0;0;0;0;0;0;0;0;0;0;0;100;100;0;0;0;0;0;0;100;0;0;0;0;0;0;0;0;0;0;0;0;0;0;0;0;0;0;0;0;0;100;0;100;0;0;0;0;0;0;100;100;0;0;0;0;;;;;
7_2015;0.00;0;0;0;0;0;0;100;0;0;0;0;0;0;100;3.225806452;0;0;0;0;100;0;0;0;0;0;100;100;0;0;0;0;0;0;0;0;0;0;100;0;0;0;0;0;0;0;100;0;0;0;0;0;0;0;0;0;0;0;100;0;0;0;0;0;0;0;100;0;0;0;0;0;0;0;0;100;0;0;0;0;0;0;0;0;0;0;0;0;100;0;100;0;0;100;0;0;0;0;0;0;0;0;100;100;0;0;0;0;100;100;0;0;0;100;0;0;0;0;0;0;0;0;0;100;0;0;0;0;100;100;0;0;0;0;0;0;0;0;0;0;0;0;0;0;0;0;0;0;0;0;100;0;0;0;0;0;0;0;3.225806452;100;0;0;0;0;0;0;0;0;0;0;0;100;0;0;0;0;0;0;0;100;100;100;100;100;0;0;0;0;0;0;0;0;100;100;0;100;0;0;0;0;100;100;100;100;0;0;0;0;0;0;0;0;0;0;0;0;0;0;93.5483871;93.5483871;0;0;0;0;0;0;0;0;0;0;0;0;0;0;0;0;0;0;0;0;0;0;0;0;0;0;0;0;0;0;100;0;0;0;0;0;0;0;25.80645161;0;0;0;0;0;0;0;0;0;0;0;0;0;0;0;0;0;0;0;0;0;100;0;100;0;0;0;0;0;0;100;100;0;0;0;0;;;;;
8_2015;0.00;0;0;0;0;0;0;100;0;0;0;0;0;0;100;3.225806452;0;0;0;0;100;0;0;0;0;0;100;100;0;0;0;0;0;0;0;0;0;0;100;0;0;0;0;0;0;0;100;0;0;0;0;0;0;0;0;0;0;0;100;0;0;0;0;0;0;0;100;0;0;0;0;0;0;0;0;100;0;0;0;0;0;0;0;0;0;0;0;0;100;0;100;0;0;100;0;0;0;0;0;0;0;0;100;100;0;0;0;0;100;100;0;0;0;100;0;0;0;0;0;0;0;0;0;100;0;0;0;0;96.77419355;100;0;0;0;0;0;0;0;0;0;0;0;0;0;0;0;0;0;0;0;0;100;0;0;0;0;0;0;0;100;100;0;0;0;0;0;0;0;0;0;0;0;100;0;0;0;0;0;0;0;100;100;100;100;100;0;0;0;0;0;0;0;0;100;100;0;100;0;0;0;0;100;100;0;100;0;0;0;0;0;0;0;0;0;0;0;0;0;0;100;100;0;0;0;0;0;0;0;0;0;0;0;0;0;0;0;0;0;0;0;0;0;0;0;0;0;0;0;0;0;0;100;100;0;0;0;0;0;0;100;0;0;0;0;0;0;0;0;0;0;0;0;0;0;0;0;0;0;0;0;0;100;0;100;0;0;0;0;0;0;100;100;0;0;0;0;;;;;
9_2015;0.00;0;0;0;0;0;0;100;0;0;0;0;0;0;100;0;0;0;0;0;100;0;0;0;0;0;100;100;0;0;0;0;0;0;0;0;0;0;100;0;0;0;0;0;0;0;100;0;0;0;0;0;0;0;0;0;0;0;100;0;0;0;0;0;0;0;100;0;0;0;0;0;0;0;0;100;0;0;0;0;0;0;0;0;0;0;0;0;0;0;100;0;0;100;0;0;0;0;0;0;0;0;100;100;0;0;0;0;100;100;0;0;0;100;0;0;0;0;0;0;0;0;0;100;0;0;0;0;100;100;0;0;0;0;0;0;0;0;0;0;0;0;0;0;0;0;0;0;0;0;100;0;0;0;0;0;0;0;100;100;0;0;0;0;0;0;0;0;0;0;0;100;0;0;0;0;0;0;0;100;100;100;100;100;0;0;0;0;0;0;0;0;100;100;0;100;0;0;0;0;100;100;83.33333333;100;0;0;0;0;0;0;0;0;0;0;0;0;0;0;96.66666667;96.66666667;0;0;0;0;0;0;0;0;0;0;0;0;0;0;0;0;0;0;0;0;0;0;0;0;0;0;0;0;0;0;100;100;0;0;0;0;0;0;100;0;0;0;0;0;0;0;0;0;0;0;0;0;0;0;0;0;0;0;0;0;100;0;100;0;0;0;0;0;0;100;100;0;0;0;0;;;;;
10_2015;0.00;0;0;0;0;0;0;100;0;0;0;0;0;0;100;3.225806452;0;0;0;0;100;0;0;0;0;0;100;100;0;0;0;0;0;0;0;0;0;0;100;0;0;0;0;0;0;0;100;0;0;0;0;0;0;0;0;0;0;0;100;0;0;0;0;0;0;0;100;0;0;0;0;0;0;0;0;100;0;0;0;0;0;0;0;0;0;0;0;0;100;0;100;0;0;100;0;0;0;0;0;0;0;0;100;100;0;0;0;0;100;100;0;0;0;100;0;0;0;0;0;0;0;0;0;100;0;0;0;0;100;100;0;0;0;0;0;0;0;0;0;0;0;0;0;0;0;0;0;0;0;0;100;0;0;0;0;0;0;0;100;100;0;0;0;0;0;0;0;0;0;0;0;51.61290323;0;0;0;0;0;0;0;100;100;100;100;100;0;0;0;0;0;0;0;0;100;100;0;100;0;0;0;0;100;100;100;100;0;0;0;0;0;0;0;0;0;0;0;0;0;0;100;93.5483871;0;0;0;0;0;0;0;0;0;0;0;0;0;0;0;0;0;0;0;0;0;0;0;0;0;0;0;0;0;0;100;96.77419355;0;0;0;0;0;0;100;0;0;0;0;0;0;0;0;0;0;0;0;0;0;0;0;0;0;0;0;0;100;0;100;0;0;0;0;0;0;100;100;0;0;0;0;;;;;
11_2015;0.00;0;0;0;0;0;0;100;0;0;0;0;0;0;100;0;0;0;0;0;100;0;0;0;0;0;100;100;0;0;0;0;0;0;0;0;0;0;100;0;0;0;0;0;0;0;100;0;0;0;0;0;0;0;0;0;0;0;100;0;0;0;0;0;0;0;100;0;0;0;0;0;0;0;0;100;0;0;0;0;0;0;0;0;0;0;0;0;100;0;100;0;0;100;0;0;0;0;0;0;0;0;100;100;0;0;0;0;100;100;0;0;0;100;0;0;0;0;0;0;0;0;0;100;0;0;0;0;100;100;0;0;0;0;0;0;0;0;0;0;0;0;0;0;0;0;0;0;0;0;100;0;0;0;0;0;0;0;100;100;0;0;0;0;0;0;0;0;0;0;0;90;0;0;0;0;0;0;0;100;100;100;100;100;0;0;0;0;0;0;0;0;100;100;0;100;0;0;0;0;100;100;100;100;0;0;0;0;0;0;0;0;0;0;0;0;0;0;80;83.33333333;0;0;0;0;0;0;0;0;0;0;0;0;0;0;0;0;0;0;0;0;0;0;0;0;0;0;0;0;0;0;100;100;0;0;0;0;0;0;100;0;0;0;0;0;0;0;0;0;0;0;0;0;0;0;0;0;0;0;0;0;100;0;100;0;0;0;0;0;0;96.66666667;100;0;0;0;0;;;;;
12_2015;0.00;0;0;0;0;0;0;100;0;0;0;0;0;0;100;3.225806452;0;0;0;0;100;0;0;0;0;0;100;100;0;0;0;0;0;0;0;0;0;0;100;0;0;0;0;0;0;0;100;0;0;0;0;0;0;0;0;0;0;0;100;0;0;0;0;0;0;0;100;0;0;0;0;0;0;0;0;100;0;0;0;0;0;0;0;0;0;0;0;0;100;0;100;0;0;100;0;0;0;0;0;0;0;0;100;100;0;0;0;0;100;100;0;0;0;100;0;0;0;0;0;0;0;0;0;100;0;0;0;0;100;100;0;0;0;0;0;0;0;0;0;0;0;0;0;0;0;0;0;0;0;0;100;0;0;0;0;0;0;0;100;100;0;0;0;0;0;0;0;0;0;0;0;100;0;0;0;0;0;0;0;100;100;100;100;100;0;0;0;0;0;0;0;0;100;100;0;100;0;0;0;0;100;96.77419355;100;100;0;0;0;0;0;0;0;0;0;0;0;0;0;0;100;48.38709677;0;0;0;0;0;0;0;0;0;0;0;0;0;0;0;0;0;0;0;0;0;0;0;0;0;0;0;0;0;0;100;100;0;0;0;0;0;0;100;0;0;0;0;0;0;0;0;0;0;0;0;0;0;0;0;0;0;0;0;0;100;0;100;0;0;0;0;0;0;100;100;0;0;0;0;;;;;
1_2016;0.00;0;0;0;0;0;0;100;0;0;0;0;0;0;100;3.225806452;0;0;0;0;100;0;0;0;0;0;100;100;0;0;0;0;0;0;0;0;0;0;100;0;0;0;0;0;0;0;100;0;0;0;0;0;0;0;0;0;0;0;100;0;0;0;0;0;0;0;100;0;0;0;0;0;0;0;0;96.77419355;0;0;0;0;0;0;0;0;0;0;0;0;100;0;96.77419355;0;0;100;0;0;0;0;0;0;0;0;100;100;0;0;0;0;96.77419355;100;0;0;0;100;0;0;0;0;0;0;0;0;0;100;0;0;0;0;100;100;0;0;0;0;0;0;0;0;0;0;0;0;0;0;0;0;0;0;0;0;100;0;0;0;0;0;0;0;100;100;0;0;0;0;0;0;0;0;0;0;0;100;0;0;0;0;0;0;0;100;90.32258065;100;100;100;0;0;0;0;0;0;0;0;100;100;0;100;0;0;0;0;100;83.87096774;100;100;0;0;0;0;0;0;0;0;0;0;0;0;0;0;100;100;0;0;0;0;0;0;0;0;0;0;0;0;0;0;0;0;0;0;0;0;0;0;0;0;0;0;0;0;0;0;100;100;0;0;0;0;0;0;100;0;0;0;0;0;0;0;0;0;0;0;0;0;0;0;0;0;0;0;0;0;100;0;93.5483871;0;0;0;0;0;0;100;100;0;0;0;0;;;;;
2_2016;0.00;0;0;0;0;0;0;100;0;0;0;0;0;0;100;0;0;0;0;0;100;0;0;0;0;0;100;100;0;0;0;0;0;0;0;0;0;0;100;0;0;0;0;0;0;0;100;0;0;0;0;0;0;0;0;0;0;0;100;0;0;0;0;0;0;0;100;0;0;0;0;0;0;0;0;100;0;0;0;0;0;0;0;0;0;0;0;0;100;0;100;0;0;100;0;0;0;0;0;0;0;0;0;100;0;0;0;0;100;100;0;0;0;100;0;0;0;0;0;0;0;0;0;100;0;0;0;0;100;100;0;0;0;0;0;0;0;0;0;0;0;0;0;0;0;0;0;0;0;0;100;0;0;0;0;0;0;0;100;100;0;0;0;0;0;0;0;0;0;0;0;100;0;0;0;0;0;0;0;100;100;100;100;100;0;0;0;0;0;0;0;0;100;100;0;100;0;0;0;0;100;100;100;100;0;0;0;0;0;0;0;0;0;0;0;0;0;0;24.13793103;93.10344828;0;0;0;0;0;0;0;0;0;0;0;0;0;0;0;0;0;0;0;0;0;0;0;0;0;0;0;0;0;0;100;100;0;0;0;0;0;0;100;0;0;0;0;0;0;0;0;0;0;0;0;0;0;0;0;0;0;0;0;0;100;0;100;0;0;0;0;0;0;100;100;0;0;0;0;;;;;
3_2016;0.00;0;0;0;0;0;0;100;0;0;0;0;0;0;100;3.225806452;0;0;0;0;100;0;0;0;0;0;100;100;0;0;0;0;0;0;0;0;0;0;100;0;0;0;0;0;0;0;100;0;0;0;0;0;0;0;0;0;0;0;100;0;0;0;0;0;0;0;100;0;0;0;0;0;0;0;0;100;0;0;0;0;0;0;0;0;0;0;0;0;100;0;100;0;0;100;0;0;0;0;0;0;0;0;100;100;0;0;0;0;100;100;0;0;0;100;0;0;0;0;0;0;0;0;0;100;0;0;0;0;100;93.5483871;0;0;0;0;0;0;0;0;0;0;0;0;0;0;0;0;0;0;0;0;100;0;0;0;0;0;0;0;100;100;0;0;0;0;0;0;0;0;0;0;0;100;0;0;0;0;0;0;0;100;100;100;100;100;0;0;0;0;0;0;0;0;100;100;0;100;0;0;0;0;100;83.87096774;100;100;0;0;0;0;0;0;0;0;0;0;0;0;0;0;64.51612903;100;0;0;0;0;0;0;0;0;0;0;0;0;0;0;0;0;0;0;0;0;0;0;0;0;0;0;0;0;0;0;100;100;0;0;0;0;0;0;100;0;0;0;0;0;0;0;0;0;0;0;0;0;0;0;0;0;0;0;0;0;100;0;100;0;0;0;0;0;0;87.09677419;100;0;0;0;0;;;;;
4_2016;0.00;0;0;0;0;0;0;100;0;0;0;0;0;0;100;0;0;0;0;0;100;0;0;0;0;0;100;100;0;0;0;0;0;0;0;0;0;0;100;0;0;0;0;0;0;0;100;0;0;0;0;0;0;0;0;0;0;0;100;0;0;0;0;0;0;0;100;0;0;0;0;0;0;0;0;100;0;0;0;0;0;0;0;0;0;0;0;0;100;0;100;0;0;100;0;0;0;0;0;0;0;0;100;100;0;0;0;0;100;100;0;0;0;100;0;0;0;0;0;0;0;0;0;100;0;0;0;0;100;100;0;0;0;0;0;0;0;0;0;0;0;0;0;0;0;0;0;0;0;0;100;0;0;0;0;0;0;0;100;100;0;0;0;0;0;0;0;0;0;0;0;100;0;0;0;0;0;0;0;100;100;100;100;100;0;0;0;0;0;0;0;0;100;100;0;100;0;0;0;0;100;100;100;100;0;0;0;0;0;0;0;0;0;0;0;0;0;0;0;100;0;0;0;0;0;0;0;0;0;0;0;0;0;0;0;0;0;0;0;0;0;0;0;0;0;0;0;0;0;0;100;100;0;0;0;0;0;0;100;0;0;0;0;0;0;0;0;0;0;0;0;0;0;0;0;0;0;0;0;0;100;0;100;0;0;0;0;0;0;100;100;0;0;0;0;;;;;
5_2016;0.00;0;0;0;0;0;0;100;0;0;0;0;0;0;100;3.225806452;0;0;0;0;100;0;0;0;0;0;100;100;0;0;0;0;0;0;0;0;0;0;100;0;0;0;0;0;0;0;100;0;0;0;0;0;0;0;0;0;0;0;100;0;0;0;0;0;0;0;100;0;0;0;0;0;0;0;0;100;0;0;0;0;0;0;0;0;0;0;0;0;100;0;100;0;0;100;0;0;0;0;0;0;0;0;100;100;0;0;0;0;100;100;0;0;0;100;0;0;0;0;0;0;0;0;0;100;0;0;0;0;100;100;0;0;0;0;0;0;0;0;0;0;0;0;0;0;0;0;0;0;0;0;100;0;0;0;0;0;0;0;100;100;0;0;0;0;0;0;0;0;0;0;0;100;0;0;0;0;0;0;0;100;100;100;100;100;0;0;0;0;0;0;0;0;100;100;0;100;0;0;0;0;100;100;100;100;0;0;0;0;0;0;0;0;0;0;0;0;0;0;3.225806452;100;0;0;0;0;0;0;0;0;0;0;0;0;0;0;0;0;0;0;0;0;0;0;0;0;0;0;0;0;0;0;100;100;0;0;0;0;0;0;100;0;0;0;0;0;0;0;0;0;0;0;0;0;0;0;0;0;0;0;0;0;100;0;100;0;0;0;0;0;0;100;100;0;0;0;0;;;;;
6_2016;0.00;0;0;0;0;0;0;100;0;0;0;0;0;0;100;0;0;0;0;0;100;0;0;0;0;0;100;100;0;0;0;0;0;0;0;0;0;0;100;0;0;0;0;0;0;0;93.33333333;0;0;0;0;0;0;0;0;0;0;0;100;0;0;0;0;0;0;0;100;0;0;0;0;0;0;0;0;100;0;0;0;0;0;0;0;0;0;0;0;0;100;0;100;0;0;100;0;0;0;0;0;0;0;0;100;100;0;0;0;0;100;100;0;0;0;100;0;0;0;0;0;0;0;0;0;100;0;0;0;0;100;100;0;0;0;0;0;0;0;0;0;0;0;0;0;0;0;0;0;0;0;0;100;0;0;0;0;0;0;0;100;100;0;0;0;0;0;0;0;0;0;0;0;100;0;0;0;0;0;0;0;100;100;100;100;100;0;0;0;0;0;0;0;0;100;100;0;100;0;0;0;0;100;100;100;100;0;0;0;0;0;0;0;0;0;0;0;0;0;0;0;96.66666667;0;0;0;0;0;0;0;0;0;0;0;0;0;0;0;0;0;0;0;0;0;0;0;0;0;0;0;0;0;0;100;100;0;0;0;0;0;0;100;0;0;0;0;0;0;0;0;0;0;0;0;0;0;0;0;0;0;0;0;0;100;0;100;0;0;0;0;0;0;100;100;0;0;0;0;;;;;
7_2016;0.00;0;0;0;0;0;0;100;0;0;0;0;0;0;100;3.225806452;0;0;0;0;100;0;0;0;0;0;100;100;0;0;0;0;0;0;0;0;0;0;100;0;0;0;0;0;0;0;100;0;0;0;0;0;0;0;0;0;0;0;100;0;0;0;0;0;0;0;100;0;0;0;0;0;0;0;0;100;0;0;0;0;0;0;0;0;0;0;0;0;100;0;100;0;0;100;0;0;0;0;0;0;0;0;100;100;0;0;0;0;100;100;0;0;0;100;0;0;0;0;0;0;0;0;0;100;0;0;0;0;100;100;0;0;0;0;0;0;0;0;0;0;0;0;0;0;0;0;0;0;0;0;100;0;0;0;0;0;0;0;100;100;0;0;0;0;0;0;0;0;0;0;0;100;0;0;0;0;0;0;0;100;100;100;100;100;0;0;0;0;0;0;0;0;100;100;0;100;0;0;0;0;100;100;100;100;0;0;0;0;0;0;0;0;0;0;0;0;0;0;100;100;0;0;0;0;0;0;0;0;0;0;0;0;0;0;0;0;0;0;0;0;0;0;0;0;0;0;0;0;0;0;100;100;0;0;0;0;0;0;100;0;0;0;0;0;0;0;0;0;0;0;0;0;0;0;0;0;0;0;0;0;100;0;100;0;0;0;0;0;0;100;100;0;0;0;0;;;;;
8_2016;0.00;0;0;0;0;0;0;100;0;0;0;0;0;0;100;3.225806452;0;0;0;0;100;0;0;0;0;0;100;100;0;0;0;0;0;0;0;0;0;0;100;0;0;0;0;0;0;0;100;0;0;0;0;0;0;0;0;0;0;0;100;0;0;0;0;0;0;0;100;0;0;0;0;0;0;0;0;100;0;0;0;0;0;0;0;0;0;0;0;0;100;0;100;0;0;100;0;0;0;0;0;0;0;0;100;100;0;0;0;0;100;100;0;0;0;100;0;0;0;0;0;0;0;0;0;100;0;0;0;0;100;100;0;0;0;0;0;0;0;0;0;0;0;0;0;0;0;0;0;0;0;0;100;0;0;0;0;0;0;0;100;100;0;0;0;0;0;0;0;0;0;0;0;100;0;0;0;0;0;0;0;100;100;100;100;100;0;0;0;0;0;0;0;0;100;100;0;100;0;0;0;0;100;100;100;100;0;0;0;0;0;0;0;0;0;0;0;0;0;0;80.64516129;100;0;0;0;0;0;0;0;0;0;0;0;0;0;0;0;0;0;0;0;0;0;0;0;0;0;0;0;0;0;0;100;100;0;0;0;0;0;0;100;0;0;0;0;0;0;0;0;0;0;0;0;0;0;0;0;0;0;0;0;0;100;0;100;0;0;0;0;0;0;100;100;0;0;0;0;;;;;
9_2016;0.00;0;0;0;0;0;0;100;0;0;0;0;0;0;100;0;0;0;0;0;100;0;0;0;0;0;100;100;0;0;0;0;0;0;0;0;0;0;100;0;0;0;0;0;0;0;100;0;0;0;0;0;0;0;0;0;0;0;100;0;0;0;0;0;0;0;100;0;0;0;0;0;0;0;0;100;0;0;0;0;0;0;0;0;0;0;0;0;100;0;100;0;0;100;0;0;0;0;0;0;0;0;100;100;0;0;0;0;100;100;0;0;0;100;0;0;0;0;0;0;0;0;0;100;0;0;0;0;100;100;0;0;0;0;0;0;0;0;0;0;0;0;0;0;0;0;0;0;0;0;100;0;0;0;0;0;0;0;100;100;0;0;0;0;0;0;0;0;0;0;0;100;0;0;0;0;0;0;0;100;100;100;100;100;0;0;0;0;0;0;0;0;100;100;0;100;0;0;0;0;100;100;100;100;0;0;0;0;0;0;0;0;0;0;0;0;0;0;100;100;0;0;0;0;0;0;0;0;0;0;0;0;0;0;0;0;0;0;0;0;0;0;0;0;0;0;0;0;0;0;100;100;0;0;0;0;0;0;100;0;0;0;0;0;0;0;0;0;0;0;0;0;0;0;0;0;0;0;0;0;100;0;100;0;0;0;0;0;0;100;100;0;0;0;0;;;;;
10_2016;0.00;0;0;0;0;0;0;100;0;0;0;0;0;0;100;3.225806452;0;0;0;0;100;0;0;0;0;0;100;100;0;0;0;0;0;0;0;0;0;0;100;0;0;0;0;0;0;0;100;0;0;0;0;0;0;0;0;0;0;0;100;0;0;0;0;0;0;0;100;0;0;0;0;0;0;0;0;100;0;0;0;0;0;0;0;0;0;0;0;0;100;0;100;0;0;100;0;0;0;0;0;0;0;0;100;100;0;0;0;0;100;100;0;0;0;100;0;0;0;0;0;0;0;0;0;100;0;0;0;0;100;100;0;0;0;0;0;0;0;0;0;0;0;0;0;0;0;0;0;0;0;0;100;0;0;0;0;0;0;0;100;100;0;0;0;0;0;0;0;0;0;0;0;100;0;0;0;0;0;0;0;100;100;100;100;100;0;0;0;0;0;0;0;0;100;100;0;100;0;0;0;0;100;100;100;100;0;0;0;0;0;0;0;0;0;0;0;0;0;0;100;100;0;0;0;0;0;0;0;0;0;0;0;0;0;0;0;0;0;0;0;0;0;0;0;0;0;0;0;0;0;0;100;100;0;0;0;0;0;0;100;0;0;0;0;0;0;0;0;0;0;0;0;0;0;0;0;0;0;0;0;0;100;0;100;0;0;0;0;0;0;100;100;0;0;0;0;;;;;
11_2016;0.00;0;0;0;0;0;0;100;0;0;0;0;0;0;100;0;0;0;0;0;100;0;0;0;0;0;100;100;0;0;0;0;0;0;0;0;0;0;100;0;0;0;0;0;0;0;100;0;0;0;0;0;0;0;0;0;0;0;100;0;0;0;0;0;0;0;100;0;0;0;0;0;0;0;0;100;0;0;0;0;0;0;0;0;0;0;0;0;100;0;100;0;0;100;0;0;0;0;0;0;0;0;100;100;0;0;0;0;100;100;0;0;0;100;0;0;0;0;0;0;0;0;0;100;0;0;0;0;100;100;0;0;0;0;0;0;0;0;0;0;0;0;0;0;0;0;0;0;0;0;100;0;0;0;0;0;0;0;100;100;0;0;0;0;0;0;0;0;0;0;0;100;0;0;0;0;0;0;0;100;96.66666667;100;100;100;0;0;0;0;0;0;0;0;100;100;0;100;0;0;0;0;100;83.33333333;100;100;0;0;0;0;0;0;0;0;0;0;0;0;0;0;96.66666667;100;0;0;0;0;0;0;0;0;0;0;0;0;0;0;0;0;0;0;0;0;0;0;0;0;0;0;0;0;0;0;100;100;0;0;0;0;0;0;100;0;0;0;0;0;0;0;0;0;0;0;0;0;0;0;0;0;0;0;0;0;100;0;90;0;0;0;0;0;0;100;100;0;0;0;0;;;;;
12_2016;0.00;0;0;0;0;0;0;100;0;0;0;0;0;0;100;0;0;0;0;0;100;0;0;0;0;0;100;100;0;0;0;0;0;0;0;0;0;0;100;0;0;0;0;0;0;0;100;0;0;0;0;0;0;0;0;0;0;0;100;0;0;0;0;0;0;0;100;0;0;0;0;0;0;0;0;100;0;0;0;0;0;0;0;0;0;0;0;0;100;0;100;0;0;100;0;0;0;0;0;0;0;0;100;100;0;0;0;0;100;100;0;0;0;100;0;0;0;0;0;0;0;0;0;100;0;0;0;0;100;100;0;0;0;0;0;0;0;0;0;0;0;0;0;0;0;0;0;0;0;0;100;0;0;0;0;0;0;0;100;100;0;0;0;0;0;0;0;0;0;0;0;100;0;0;0;0;0;0;0;100;100;100;100;100;0;0;0;0;0;0;0;0;100;100;0;100;0;0;0;0;100;80.64516129;100;100;0;0;0;0;0;0;0;0;0;0;0;0;0;0;100;100;0;0;0;0;0;0;0;0;0;0;0;0;0;0;0;0;0;0;0;0;0;0;0;0;0;0;0;0;0;0;100;100;0;0;0;0;0;0;16.12903226;0;0;0;0;0;0;0;0;0;0;0;0;0;0;0;0;0;0;0;0;0;100;0;77.41935484;0;0;0;0;0;0;100;93.5483871;0;0;0;0;;;;;
1_2017;0.00;0;0;0;0;0;0;100;0;0;0;0;0;0;100;0;0;0;0;0;100;0;0;0;0;0;100;100;0;0;0;0;0;0;0;0;0;0;100;0;0;0;0;0;0;0;100;0;0;0;0;0;0;0;0;0;0;0;100;0;0;0;0;0;0;0;100;0;0;0;0;0;0;0;0;100;0;0;0;0;0;0;0;0;0;0;0;0;100;0;100;0;0;100;0;0;0;0;0;0;0;0;100;100;0;0;0;0;100;100;0;0;0;100;0;0;0;0;0;0;0;0;0;100;0;0;0;0;100;100;0;0;0;0;0;0;0;0;0;0;0;0;0;0;0;0;0;0;0;0;100;0;0;0;0;0;0;0;100;100;0;0;0;0;0;0;0;0;0;0;0;100;0;0;0;0;0;0;0;100;100;100;100;100;0;0;0;0;0;0;0;0;100;100;0;100;0;0;0;0;100;51.61290323;100;100;0;0;0;0;0;0;0;0;0;0;0;0;0;0;100;100;0;0;0;0;0;0;0;0;0;0;0;0;0;0;0;0;0;0;0;0;0;0;0;0;0;0;0;0;0;0;100;100;0;0;0;0;0;0;0;0;0;0;0;0;0;0;0;0;0;0;0;0;0;0;0;0;0;0;0;0;100;0;64.51612903;0;0;0;0;0;0;100;100;0;0;0;0;;;;;
2_2017;0.00;0;0;0;0;0;0;100;0;0;0;0;0;0;100;0;0;0;0;0;100;0;0;0;0;0;100;100;0;0;0;0;0;0;0;0;0;0;100;0;0;0;0;0;0;0;100;0;0;0;0;0;0;0;0;0;0;0;100;0;0;0;0;0;0;0;100;0;0;0;0;0;0;0;0;100;0;0;0;0;0;0;0;0;0;0;0;0;100;0;100;0;0;100;0;0;0;0;0;0;0;0;100;100;0;0;0;0;100;100;0;0;0;100;0;0;0;0;0;0;0;0;0;100;0;0;0;0;96.42857143;100;0;0;0;0;0;0;0;0;0;0;0;0;0;0;0;0;0;0;0;0;100;0;0;0;0;0;0;0;100;100;0;0;0;0;0;0;0;0;0;0;0;100;0;0;0;0;0;0;0;100;82.14285714;100;100;100;0;0;0;0;0;0;0;0;100;100;0;100;0;0;0;0;100;57.14285714;100;100;0;0;0;0;0;0;0;0;0;0;0;0;0;0;100;100;0;0;0;0;0;0;0;0;0;0;0;0;0;0;0;0;0;0;0;0;0;0;0;0;0;0;0;0;0;0;100;100;0;0;0;0;0;0;0;0;0;0;0;0;0;0;0;0;0;0;0;0;0;0;0;0;0;0;0;0;100;0;100;0;0;0;0;0;0;100;100;0;0;0;0;;;;;
3_2017;0.00;0;0;0;0;0;0;100;0;0;0;0;0;0;100;0;0;0;0;0;100;0;0;0;0;0;100;100;0;0;0;0;0;0;0;0;0;0;100;0;0;0;0;0;0;0;100;0;0;0;0;0;0;0;0;0;0;0;100;0;0;0;0;0;0;0;100;0;0;0;0;0;0;0;0;100;0;0;0;0;0;0;0;0;0;0;0;0;100;0;100;0;0;100;0;0;0;0;0;0;0;0;100;100;0;0;0;0;100;100;0;0;0;100;0;0;0;0;0;0;0;0;0;100;0;0;0;0;100;100;0;0;0;0;0;0;0;0;0;0;0;0;0;0;0;0;0;0;0;0;100;0;0;0;0;0;0;0;100;100;0;0;0;0;0;0;0;0;0;0;0;100;0;0;0;0;0;0;0;100;100;100;100;100;0;0;0;0;0;0;0;0;100;100;0;100;0;0;0;0;100;90.32258065;100;100;0;0;0;0;0;0;0;0;0;0;0;0;0;0;100;100;0;0;0;0;0;0;0;0;0;0;0;0;0;0;0;0;0;0;0;0;0;0;0;0;0;0;0;0;0;0;100;100;0;0;0;0;0;0;0;0;0;0;0;0;0;0;0;0;0;0;0;0;0;0;0;0;0;0;0;0;100;0;100;0;0;0;0;0;0;100;100;0;0;0;0;;;;;
4_2017;0.00;0;0;0;0;0;0;100;0;0;0;0;0;0;100;0;0;0;0;0;100;0;0;0;0;0;100;100;0;0;0;0;0;0;0;0;0;0;100;0;0;0;0;0;0;0;100;0;0;0;0;0;0;0;0;0;0;0;100;0;0;0;0;0;0;0;100;0;0;0;0;0;0;0;0;100;0;0;0;0;0;0;0;0;0;0;0;0;100;0;100;0;0;100;0;0;0;0;0;0;0;0;100;100;0;0;0;0;100;100;0;0;0;100;0;0;0;0;0;0;0;0;0;100;0;0;0;0;100;100;0;0;0;0;0;0;0;0;0;0;0;0;0;0;0;0;0;0;0;0;100;0;0;0;0;0;0;0;100;100;0;0;0;0;0;0;0;0;0;0;0;100;0;0;0;0;0;0;0;100;100;100;100;100;0;0;0;0;0;0;0;0;100;100;0;100;0;0;0;0;100;100;100;100;0;0;0;0;0;0;0;0;0;0;0;0;0;0;100;100;0;0;0;0;0;0;0;0;0;0;0;0;0;0;0;0;0;0;0;0;0;0;0;0;0;0;0;0;0;0;100;100;0;0;0;0;0;0;0;0;0;0;0;0;0;0;0;0;0;0;0;0;0;0;0;0;0;0;0;0;100;0;100;0;0;0;0;0;0;100;100;0;0;0;0;;;;;
5_2017;0.00;0;0;0;0;0;0;100;0;0;0;0;0;0;100;0;0;0;0;0;100;0;0;0;0;0;100;100;0;0;0;0;0;0;0;0;0;0;100;0;0;0;0;0;0;0;100;0;0;0;0;0;0;0;0;0;0;0;100;0;0;0;0;0;0;0;100;0;0;0;0;0;0;0;0;100;0;0;0;0;0;0;0;0;0;0;0;0;100;0;100;0;0;100;0;0;0;0;0;0;0;0;100;100;0;0;0;0;100;100;0;0;0;100;0;0;0;0;0;0;0;0;0;100;0;0;0;0;100;100;0;0;0;0;0;0;0;0;0;0;0;0;0;0;0;0;0;0;0;0;100;0;0;0;0;0;0;0;100;96.77419355;0;0;0;0;0;0;0;0;0;0;0;100;0;0;0;0;0;0;0;100;100;100;100;100;0;0;0;0;0;0;0;0;100;100;0;100;0;0;0;0;100;100;64.51612903;100;0;0;0;0;0;0;0;0;0;0;0;0;0;0;100;100;0;0;0;0;0;0;0;0;0;0;0;0;0;0;0;0;0;0;0;0;0;0;0;0;0;0;0;0;0;0;100;100;0;0;0;0;0;0;0;0;0;0;0;0;0;0;0;0;0;0;0;0;0;0;0;0;0;0;0;0;100;0;100;0;0;0;0;0;0;100;100;0;0;0;0;;;;;
6_2017;0.00;0;0;0;0;0;0;100;0;0;0;0;0;0;100;0;0;0;0;0;100;0;0;0;0;0;100;100;0;0;0;0;0;0;0;0;0;0;100;0;0;0;0;0;0;0;100;0;0;0;0;0;0;0;0;0;0;0;100;0;0;0;0;0;0;0;100;0;0;0;0;0;0;0;0;100;0;0;0;0;0;0;0;0;0;0;0;0;100;0;100;0;0;100;0;0;0;0;0;0;0;0;100;100;0;0;0;0;100;100;0;0;0;100;0;0;0;0;0;0;0;0;0;100;0;0;0;0;100;100;0;0;0;0;0;0;0;0;0;0;0;0;0;0;0;0;0;0;0;0;100;0;0;0;0;0;0;0;100;100;0;0;0;0;0;0;0;0;0;0;0;100;0;0;0;0;0;0;0;100;100;100;100;100;0;0;0;0;0;0;0;0;100;100;0;100;0;0;0;0;100;100;100;100;0;0;0;0;0;0;0;0;0;0;0;0;0;0;100;100;0;0;0;0;0;0;0;0;0;0;0;0;0;0;0;0;0;0;0;0;0;0;0;0;0;0;0;0;0;0;100;100;0;0;0;0;0;0;96.66666667;0;0;0;0;0;0;0;0;0;0;0;0;0;0;0;0;0;0;0;0;0;100;0;100;0;0;0;0;0;0;100;100;0;0;0;0;;;;;
7_2017;0.00;0;0;0;0;0;0;100;0;0;0;0;0;0;100;100;0;0;0;0;100;0;0;0;0;0;100;100;0;0;0;0;0;0;0;0;0;0;100;0;0;0;0;0;0;0;100;0;0;0;0;0;0;0;0;0;0;0;100;0;0;0;0;0;0;0;100;0;0;0;0;0;0;0;0;100;0;0;0;0;0;0;0;0;0;0;0;0;100;0;100;0;0;100;0;0;0;0;0;0;0;0;100;100;0;0;0;0;100;100;0;0;0;100;0;0;0;0;0;0;0;0;0;100;0;0;0;0;100;100;0;0;0;0;0;0;0;0;0;0;0;0;0;0;0;0;0;0;0;0;100;0;0;0;0;0;0;0;100;100;0;0;0;0;0;0;0;0;0;0;0;0;0;0;0;0;0;0;0;100;100;100;100;100;0;0;0;0;0;0;0;0;100;100;0;100;0;0;0;0;100;100;100;100;0;0;0;0;0;0;0;0;0;0;0;0;0;0;100;100;0;0;0;0;0;0;0;0;0;0;0;0;0;0;0;0;0;0;0;0;0;0;0;0;0;0;0;0;0;0;100;100;0;0;0;0;0;0;100;0;0;0;0;0;0;0;0;0;0;0;0;0;0;0;0;0;0;0;0;0;100;0;100;0;0;0;0;0;0;100;100;0;0;0;0;;;;;
8_2017;0.00;0;0;0;0;0;0;100;0;0;0;0;0;0;100;100;0;0;0;0;100;0;0;0;0;0;100;100;0;0;0;0;0;0;0;0;0;0;100;0;0;0;0;0;0;0;100;0;0;0;0;0;0;0;0;0;0;0;100;0;0;0;0;0;0;0;100;0;0;0;0;0;0;0;0;100;0;0;0;0;0;0;0;0;0;0;0;0;100;0;100;0;0;100;0;0;0;0;0;0;0;0;100;100;0;0;0;0;100;100;0;0;0;100;0;0;0;0;0;0;0;0;0;100;0;0;0;0;100;100;0;0;0;0;0;0;0;0;0;0;0;0;0;0;0;0;0;0;0;0;100;0;0;0;0;0;0;0;100;100;0;0;0;0;0;0;0;0;0;0;0;100;0;0;0;0;0;0;0;100;100;100;100;100;0;0;0;0;0;0;0;0;100;100;0;0;0;0;0;0;100;100;100;100;0;0;0;0;0;0;0;0;0;0;0;0;0;0;93.5483871;96.77419355;0;0;0;0;0;0;0;0;0;0;0;0;0;0;0;0;0;0;0;0;0;0;0;0;0;0;0;0;0;0;100;100;0;0;0;0;0;0;100;0;0;0;0;0;0;0;0;0;0;0;0;0;0;0;0;0;0;0;0;0;100;0;100;0;0;0;0;0;0;100;100;0;0;0;0;;;;;
9_2017;0.00;0;0;0;0;0;0;100;0;0;0;0;0;0;100;100;0;0;0;0;100;0;0;0;0;0;100;100;0;0;0;0;0;0;0;0;0;0;100;0;0;0;0;0;0;0;100;0;0;0;0;0;0;0;0;0;0;0;100;0;0;0;0;0;0;0;100;0;0;0;0;0;0;0;0;100;0;0;0;0;0;0;0;0;0;0;0;0;100;0;100;0;0;100;0;0;0;0;0;0;0;0;100;100;0;0;0;0;100;100;0;0;0;100;0;0;0;0;0;0;0;0;0;100;0;0;0;0;100;100;0;0;0;0;0;0;0;0;0;0;0;0;0;0;0;0;0;0;0;0;100;0;0;0;0;0;0;0;100;100;0;0;0;0;0;0;0;0;0;0;0;100;0;0;0;0;0;0;0;100;100;100;100;100;0;0;0;0;0;0;0;0;100;100;0;100;0;0;0;0;100;100;100;100;0;0;0;0;0;0;0;0;0;0;0;0;0;0;100;100;0;0;0;0;0;0;0;0;0;0;0;0;0;0;0;0;0;0;0;0;0;0;0;0;0;0;0;0;0;0;100;100;0;0;0;0;0;0;100;0;0;0;0;0;0;0;0;0;0;0;0;0;0;0;0;0;0;0;0;0;100;0;100;0;0;0;0;0;0;100;66.66666667;0;0;0;0;;;;;
10_2017;0.00;0;0;0;0;0;0;100;0;0;0;0;0;0;100;100;0;0;0;0;100;0;0;0;0;0;100;0;0;0;0;0;0;0;0;0;0;0;100;0;0;0;0;0;0;0;100;0;0;0;0;0;0;0;0;0;0;0;100;0;0;0;0;0;0;0;100;0;0;0;0;0;0;0;0;100;0;0;0;0;0;0;0;0;0;0;0;0;100;0;100;0;0;100;0;0;0;0;0;0;0;0;100;100;0;0;0;0;0;100;0;0;0;100;0;0;0;0;0;0;0;0;0;100;0;0;0;0;100;100;0;0;0;0;0;0;0;0;0;0;0;0;0;0;0;0;0;0;0;0;100;0;0;0;0;0;0;0;100;100;0;0;0;0;0;0;0;0;0;0;0;100;0;0;0;0;0;0;0;100;100;100;100;100;0;0;0;0;0;0;0;0;100;100;0;100;0;0;0;0;100;100;100;100;0;0;0;0;0;0;0;0;0;0;0;0;0;0;100;100;0;0;0;0;0;0;0;0;0;0;0;0;0;0;0;0;0;0;0;0;0;0;0;0;0;0;0;0;0;0;100;100;0;0;0;0;0;0;100;0;0;0;0;0;0;0;0;0;0;0;0;0;0;0;0;0;0;0;0;0;100;0;100;0;0;0;0;0;0;100;100;0;0;0;0;;;;;
11_2017;0.00;0;0;0;0;0;0;100;0;0;0;0;0;0;100;100;0;0;0;0;100;0;0;0;0;0;100;100;0;0;0;0;0;0;0;0;0;0;100;0;0;0;0;0;0;0;100;0;0;0;0;0;0;0;0;0;0;0;100;0;0;0;0;0;0;0;100;0;0;0;0;0;0;0;0;100;0;0;0;0;0;0;0;0;0;0;0;0;100;0;100;0;0;100;0;0;0;0;0;0;0;0;100;100;0;0;0;0;100;100;0;0;0;100;0;0;0;0;0;0;0;0;0;100;0;0;0;0;100;100;0;0;0;0;0;0;0;0;0;0;0;0;0;0;0;0;0;0;0;0;100;0;0;0;0;0;0;0;100;100;0;0;0;0;0;0;0;0;0;0;0;100;0;0;0;0;0;0;0;100;100;100;100;100;0;0;0;0;0;0;0;0;100;100;0;100;0;0;0;0;100;100;100;100;0;0;0;0;0;0;0;0;0;0;0;0;0;0;96.66666667;96.66666667;0;0;0;0;0;0;0;0;0;0;0;0;0;0;0;0;0;0;0;0;0;0;0;0;0;0;0;0;0;0;100;100;0;0;0;0;0;0;100;0;0;0;0;0;0;0;0;0;0;0;0;0;0;0;0;0;0;0;0;0;100;0;100;0;0;0;0;0;0;100;100;0;0;0;0;;;;;
12_2017;0.00;0;0;0;0;0;0;100;0;0;0;0;0;0;100;100;0;0;0;0;100;0;0;0;0;0;100;100;0;0;0;0;0;0;0;0;0;0;100;0;0;0;0;0;0;0;100;0;0;0;0;0;0;0;0;0;0;0;100;0;0;0;0;0;0;0;100;0;0;0;0;0;0;0;0;100;0;0;0;0;0;0;0;0;0;0;0;0;100;0;100;0;0;100;0;0;0;0;0;0;0;0;100;100;0;0;0;0;100;100;0;0;0;100;0;0;0;0;0;0;0;0;0;100;0;0;0;0;100;100;0;0;0;0;0;0;0;0;0;0;0;0;0;0;0;0;0;0;0;0;100;0;0;0;0;0;0;0;100;100;0;0;0;0;0;0;0;0;0;0;0;100;0;0;0;0;0;0;0;100;100;100;100;100;0;0;0;0;0;0;0;0;100;100;0;100;0;0;0;0;100;100;100;100;0;0;0;0;0;0;0;0;0;0;0;0;0;0;100;100;0;0;0;0;0;0;0;0;0;0;0;0;0;0;0;0;0;0;0;0;0;0;0;0;0;0;0;0;0;0;100;100;0;0;0;0;0;0;100;0;0;0;0;0;0;0;0;0;0;0;0;0;0;0;0;0;0;0;0;0;100;0;100;0;0;0;0;0;0;100;100;0;0;0;0;;;;;
1_2018;0.00;0;0;0;0;0;0;100;0;0;0;0;0;0;100;100;0;0;0;0;100;0;0;0;0;0;100;100;0;0;0;0;0;0;0;0;0;0;100;0;0;0;0;0;0;0;100;0;0;0;0;0;0;0;0;0;0;0;100;0;0;0;0;0;0;0;100;0;0;0;0;0;0;0;0;100;0;0;0;0;0;0;0;0;0;0;0;0;100;0;100;0;0;100;0;0;0;0;0;0;0;0;100;100;0;0;0;0;100;100;0;0;0;100;0;0;0;0;0;0;0;0;0;100;0;0;0;0;100;100;0;0;0;0;0;0;0;0;0;0;0;0;0;0;0;0;0;0;0;0;100;0;0;0;0;0;0;0;100;100;0;0;0;0;0;0;0;0;0;0;0;100;0;0;0;0;0;0;0;100;100;100;100;100;0;0;0;0;0;0;0;0;100;100;0;100;0;0;0;0;100;74.19354839;100;100;0;0;0;0;0;0;0;0;0;0;0;0;0;0;100;100;0;0;0;0;0;0;0;0;0;0;0;0;0;0;0;0;0;0;0;0;0;0;0;0;0;0;0;0;0;0;100;100;0;0;0;0;0;0;100;0;0;0;0;0;0;0;0;0;0;0;0;0;0;0;0;0;0;0;0;0;100;0;100;0;0;0;0;0;0;100;100;0;0;0;0;;;;;
2_2018;0.00;0;0;0;0;0;0;100;0;0;0;0;0;0;100;100;0;0;0;0;100;0;0;0;0;0;100;100;0;0;0;0;0;0;0;0;0;0;100;0;0;0;0;0;0;0;100;0;0;0;0;0;0;0;0;0;0;0;100;0;0;0;0;0;0;0;100;0;0;0;0;0;0;0;0;100;0;0;0;0;0;0;0;0;0;0;0;0;100;0;100;0;0;100;0;0;0;0;0;0;0;0;100;100;0;0;0;0;100;100;0;0;0;100;0;0;0;0;0;0;0;0;0;100;0;0;0;0;100;100;0;0;0;0;0;0;0;0;0;0;0;0;0;0;0;0;0;0;0;0;100;0;0;0;0;0;0;0;100;100;0;0;0;0;0;0;0;0;0;0;0;100;0;0;0;0;0;0;0;100;82.14285714;100;100;100;0;0;0;0;0;0;0;0;100;100;0;100;0;0;0;0;100;78.57142857;100;100;0;0;0;0;0;0;0;0;0;0;0;0;0;0;100;100;0;0;0;0;0;0;0;0;0;0;0;0;0;0;0;0;0;0;0;0;0;0;0;0;0;0;0;0;0;0;100;100;0;0;0;0;0;0;100;0;0;0;0;0;0;0;0;0;0;0;0;0;0;0;0;0;0;0;0;0;100;0;100;0;0;0;0;0;0;100;100;0;0;0;0;;;;;
3_2018;0.00;0;0;0;0;0;0;100;0;0;0;0;0;0;100;100;0;0;0;0;100;0;0;0;0;0;100;100;0;0;0;0;0;0;0;0;0;0;100;0;0;0;0;0;0;0;100;0;0;0;0;0;0;0;0;0;0;0;100;0;0;0;0;0;0;0;100;0;0;0;0;0;0;0;0;0;0;0;0;0;0;0;0;0;0;0;0;0;100;0;100;0;0;100;0;0;0;0;0;0;0;0;100;100;0;0;0;0;100;100;0;0;0;100;0;0;0;0;0;0;0;0;0;100;0;0;0;0;100;100;0;0;0;0;0;0;0;0;0;0;0;0;0;0;0;0;0;0;0;0;100;0;0;0;0;0;0;0;100;100;0;0;0;0;0;0;0;0;0;0;0;100;0;0;0;0;0;0;0;100;100;100;100;100;0;0;0;0;0;0;0;0;100;100;0;100;0;0;0;0;100;83.87096774;100;100;0;0;0;0;0;0;0;0;0;0;0;0;0;0;100;96.77419355;0;0;0;0;0;0;0;0;0;0;0;0;0;0;0;0;0;0;0;0;0;0;0;0;0;0;0;0;0;0;100;100;0;0;0;0;0;0;100;0;0;0;0;0;0;0;0;0;0;0;0;0;0;0;0;0;0;0;0;0;100;0;100;0;0;0;0;0;0;100;100;0;0;0;0;;;;;
4_2018;0.00;0;0;0;0;0;0;100;0;0;0;0;0;0;100;100;0;0;0;0;100;0;0;0;0;0;100;100;0;0;0;0;0;0;0;0;0;0;100;0;0;0;0;0;0;0;100;0;0;0;0;0;0;0;0;0;0;0;100;0;0;0;0;0;0;0;100;0;0;0;0;0;0;0;0;100;0;0;0;0;0;0;0;0;0;0;0;0;100;0;100;0;0;60;0;0;0;0;0;0;0;0;100;100;0;0;0;0;100;100;0;0;0;100;0;0;0;0;0;0;0;0;0;96.66666667;0;0;0;0;100;100;0;0;0;0;0;0;0;0;0;0;0;0;0;0;0;0;0;0;0;0;100;0;0;0;0;0;0;0;100;100;0;0;0;0;0;0;0;0;0;0;0;100;0;0;0;0;0;0;0;100;100;100;100;100;0;0;0;0;0;0;0;0;100;100;0;100;0;0;0;0;100;100;100;100;0;0;0;0;0;0;0;0;0;0;0;0;0;0;100;100;0;0;0;0;0;0;0;0;0;0;0;0;0;0;0;0;0;0;0;0;0;0;0;0;0;0;0;0;0;0;100;100;0;0;0;0;0;0;100;0;0;0;0;0;0;0;0;0;0;0;0;0;0;0;0;0;0;0;0;0;100;0;100;0;0;0;0;0;0;100;100;0;0;0;0;;;;;
5_2018;0.00;0;0;0;0;0;0;100;0;0;0;0;0;0;100;100;0;0;0;0;100;0;0;0;0;0;100;100;0;0;0;0;0;0;0;0;0;0;100;0;0;0;0;0;0;0;100;0;0;0;0;0;0;0;0;0;0;0;100;0;0;0;0;0;0;0;100;0;0;0;0;0;0;0;0;100;0;0;0;0;0;0;0;0;0;0;0;0;100;0;100;0;0;3.225806452;0;0;0;0;0;0;0;0;100;100;0;0;0;0;100;100;0;0;0;100;0;0;0;0;0;0;0;0;0;100;0;0;0;0;100;100;0;0;0;0;0;0;0;0;0;0;0;0;0;0;0;0;0;0;0;0;100;0;0;0;0;0;0;0;100;100;0;0;0;0;0;0;0;0;0;0;0;100;0;0;0;0;0;0;0;100;100;100;100;100;0;0;0;0;0;0;0;0;100;100;0;100;0;0;0;0;100;100;100;100;0;0;0;0;0;0;0;0;0;0;0;0;0;0;100;100;0;0;0;0;0;0;0;0;0;0;0;0;0;0;0;0;0;0;0;0;0;0;0;0;0;0;0;0;0;0;100;100;0;0;0;0;0;0;100;0;0;0;0;0;0;0;0;0;0;0;0;0;0;0;0;0;0;0;0;0;100;0;100;0;0;0;0;0;0;100;100;0;0;0;0;;;;;
6_2018;0.00;0;0;0;0;0;0;100;0;0;0;0;0;0;100;100;0;0;0;0;100;0;0;0;0;0;100;100;0;0;0;0;0;0;0;0;0;0;100;0;0;0;0;0;0;0;100;0;0;0;0;0;0;0;0;0;0;0;100;0;0;0;0;0;0;0;100;0;0;0;0;0;0;0;0;100;0;0;0;0;0;0;0;0;0;0;0;0;100;0;100;0;0;0;0;0;0;0;0;0;0;0;100;100;0;0;0;0;100;100;0;0;0;100;0;0;0;0;0;0;0;0;0;100;0;0;0;0;100;50;0;0;0;0;0;0;0;0;0;0;0;0;0;0;0;0;0;0;0;0;100;0;0;0;0;0;0;0;100;100;0;0;0;0;0;0;0;0;0;0;0;100;0;0;0;0;0;0;0;100;100;100;100;100;0;0;0;0;0;0;0;0;100;100;0;100;0;0;0;0;100;100;100;100;0;0;0;0;0;0;0;0;0;0;0;0;0;0;100;53.33333333;0;0;0;0;0;0;0;0;0;0;0;0;0;0;0;0;0;0;0;0;0;0;0;0;0;0;0;0;0;0;100;100;0;0;0;0;0;0;100;0;0;0;0;0;0;0;0;0;0;0;0;0;0;0;0;0;0;0;0;0;100;0;100;0;0;0;0;0;0;100;100;0;0;0;0;;;;;
7_2018;0.00;0;0;0;0;0;0;100;0;0;0;0;0;0;100;100;0;0;0;0;100;0;0;0;0;0;100;100;0;0;0;0;0;0;0;0;0;0;100;0;0;0;0;0;0;0;100;0;0;0;0;0;0;0;0;0;0;0;100;0;0;0;0;0;0;0;100;0;0;0;0;0;0;0;0;100;0;0;0;0;0;0;0;0;0;0;0;0;100;0;100;0;0;3.225806452;0;0;0;0;0;0;0;0;100;100;0;0;0;0;100;100;0;0;0;100;0;0;0;0;0;0;0;0;0;100;0;0;0;0;100;100;0;0;0;0;0;0;0;0;0;0;0;0;0;0;0;0;0;0;0;0;100;0;0;0;0;0;0;0;100;100;0;0;0;0;0;0;0;0;0;0;0;100;0;0;0;0;0;0;0;100;100;100;100;100;0;0;0;0;0;0;0;0;100;100;0;100;0;0;0;0;0;100;100;100;0;0;0;0;0;0;0;0;0;0;0;0;0;0;100;58.06451613;0;0;0;0;0;0;0;0;0;0;0;0;0;0;0;0;0;0;0;0;0;0;0;0;0;0;0;0;0;0;100;100;0;0;0;0;0;0;100;0;0;0;0;0;0;0;0;0;0;0;0;0;0;0;0;0;0;0;0;0;100;0;100;0;0;0;0;0;0;100;100;0;0;0;0;;;;;
8_2018;0.00;0;0;0;0;0;0;100;0;0;0;0;0;0;100;100;0;0;0;0;100;0;0;0;0;0;100;100;0;0;0;0;0;0;0;0;0;0;100;0;0;0;0;0;0;0;100;0;0;0;0;0;0;0;0;0;0;0;100;0;0;0;0;0;0;0;100;0;0;0;0;0;0;0;0;100;0;0;0;0;0;0;0;0;0;0;0;0;100;0;100;0;0;35.48387097;0;0;0;0;0;0;0;0;64.51612903;100;0;0;0;0;100;100;0;0;0;100;0;0;0;0;0;0;0;0;0;100;0;0;0;0;100;100;0;0;0;0;0;0;0;0;0;0;0;0;0;0;0;0;0;0;0;0;100;0;0;0;0;0;0;0;100;100;0;0;0;0;0;0;0;0;0;0;0;100;0;0;0;0;0;0;0;100;100;100;100;100;0;0;0;0;0;0;0;0;100;100;0;100;0;0;0;0;100;100;100;100;0;0;0;0;0;0;0;0;0;0;0;0;0;0;100;100;0;0;0;0;0;0;0;0;0;0;0;0;0;0;0;0;0;0;0;0;0;0;0;0;0;0;0;0;0;0;100;100;0;0;0;0;0;0;100;0;0;0;0;0;0;0;0;0;0;0;0;0;0;0;0;0;0;0;0;0;100;0;100;0;0;0;0;0;0;100;100;0;0;0;0;;;;;
9_2018;0.00;0;0;0;0;0;0;100;0;0;0;0;0;0;100;100;0;0;0;0;100;0;0;0;0;0;100;100;0;0;0;0;0;0;0;0;0;0;100;0;0;0;0;0;0;0;100;0;0;0;0;0;0;0;0;0;0;0;100;0;0;0;0;0;0;0;100;0;0;0;0;0;0;0;0;100;0;0;0;0;0;0;0;0;0;0;0;0;100;0;100;0;0;100;0;0;0;0;0;0;0;0;100;100;0;0;0;0;100;100;0;0;0;100;0;0;0;0;0;0;0;0;0;100;0;0;0;0;100;100;0;0;0;0;0;0;0;0;0;0;0;0;0;0;0;0;0;0;0;0;100;0;0;0;0;0;0;0;100;100;0;0;0;0;0;0;0;0;0;0;0;100;0;0;0;0;0;0;0;100;100;100;100;100;0;0;0;0;0;0;0;0;100;100;0;100;0;0;0;0;100;100;100;100;0;0;0;0;0;0;0;0;0;0;0;0;0;0;96.66666667;96.66666667;0;0;0;0;0;0;0;0;0;0;0;0;0;0;0;0;0;0;0;0;0;0;0;0;0;0;0;0;0;0;100;100;0;0;0;0;0;0;100;0;0;0;0;0;0;0;0;0;0;0;0;0;0;0;0;0;0;0;0;0;100;0;100;0;0;0;0;0;0;100;100;0;0;0;0;;;;;
10_2018;0.00;0;0;0;0;0;0;100;0;0;0;0;0;0;100;100;0;0;0;0;100;0;0;0;0;0;100;100;0;0;0;0;0;0;0;0;0;0;100;0;0;0;0;0;0;0;100;0;0;0;0;0;0;0;0;0;0;0;100;0;0;0;0;0;0;0;100;0;0;0;0;0;0;0;0;100;0;0;0;0;0;0;0;0;0;0;0;0;100;0;100;0;0;93.5483871;0;0;0;0;0;0;0;0;100;100;0;0;0;0;100;100;0;0;0;100;0;0;0;0;0;0;0;0;0;100;0;0;0;0;100;100;0;0;0;0;0;0;0;0;0;0;0;0;0;0;0;0;0;0;0;0;100;0;0;0;0;0;0;0;100;100;0;0;0;0;0;0;0;0;0;0;0;100;0;0;0;0;0;0;0;100;96.77419355;100;100;100;0;0;0;0;0;0;0;0;100;100;0;100;0;0;0;0;100;87.09677419;100;100;0;0;0;0;0;0;0;0;0;0;0;0;0;0;96.77419355;100;0;0;0;0;0;0;0;0;0;0;0;0;0;0;0;0;0;0;0;0;0;0;0;0;0;0;0;0;0;0;100;100;0;0;0;0;0;0;100;0;0;0;0;0;0;0;0;0;0;0;0;0;0;0;0;0;0;0;0;0;100;0;100;93.5483871;0;0;0;0;0;100;100;0;0;0;0;;;;;
11_2018;0.00;0;0;0;0;0;0;100;0;0;0;0;0;0;100;100;0;0;0;0;100;0;0;0;0;0;100;100;0;0;0;0;0;0;0;0;0;0;100;0;0;0;0;0;0;0;100;0;0;0;0;0;0;0;0;0;0;0;100;0;0;0;0;0;0;0;100;0;0;0;0;0;0;0;0;100;0;0;0;0;0;0;0;0;0;0;0;0;100;0;100;0;0;96.66666667;0;0;0;0;0;0;0;0;100;100;0;0;0;0;100;100;0;0;0;100;0;0;0;0;0;0;0;0;0;100;0;0;0;0;100;96.66666667;0;0;0;0;0;0;0;0;0;0;0;0;0;0;0;0;0;0;0;0;100;0;0;0;0;0;0;0;100;100;0;0;0;0;0;0;0;0;0;0;0;100;0;0;0;0;0;0;0;100;90;100;100;100;0;0;0;0;0;0;0;0;100;100;0;100;0;0;0;0;100;86.66666667;100;100;0;0;0;0;0;0;0;0;0;0;0;0;0;0;43.33333333;86.66666667;0;0;0;0;0;0;0;0;0;0;0;0;0;0;0;0;0;0;0;0;0;0;0;0;0;0;0;0;0;0;100;100;0;0;0;0;0;0;100;0;0;0;0;0;0;0;0;0;0;0;0;0;0;0;0;0;0;0;0;0;100;0;100;0;0;0;0;0;0;100;56.66666667;0;0;0;0;;;;;
12_2018;0.00;0;0;0;0;0;0;100;0;0;0;0;0;0;100;100;0;0;0;0;100;0;0;0;0;0;100;100;0;0;0;0;0;0;0;0;0;0;100;0;0;0;0;0;0;0;100;0;0;0;0;0;0;0;0;0;0;0;100;0;0;0;0;0;0;0;100;0;0;0;0;0;0;0;0;100;0;0;0;0;0;0;0;0;0;0;0;0;100;0;96.77419355;0;0;93.5483871;0;0;0;0;0;0;0;0;100;100;0;0;0;0;100;100;0;0;0;100;0;0;0;0;0;0;0;0;0;100;0;0;0;0;100;96.77419355;0;0;0;0;0;0;0;0;0;0;0;0;0;0;0;0;0;0;0;0;100;0;0;0;0;0;0;0;96.77419355;100;0;0;0;0;0;0;0;0;0;0;0;100;0;0;0;0;0;0;0;100;93.5483871;100;100;100;0;0;0;0;0;0;0;0;100;100;0;100;0;0;0;0;96.77419355;93.5483871;100;100;0;0;0;0;0;0;0;0;0;0;0;0;0;0;48.38709677;80.64516129;0;0;0;0;0;0;0;0;0;0;0;0;0;0;0;0;0;0;0;0;0;0;0;0;0;0;0;0;0;0;100;100;0;0;0;0;0;0;100;0;0;0;0;0;0;0;0;0;0;0;0;0;0;0;0;0;0;0;0;0;100;0;74.19354839;0;0;0;0;0;0;100;100;0;0;0;0;;;;;
1_2019;0.00;0;0;0;0;0;0;100;0;0;0;0;0;0;100;100;0;0;0;0;100;0;0;0;0;0;100;100;0;0;0;0;0;0;0;0;0;0;100;0;0;0;0;0;0;0;100;0;0;0;0;0;0;0;0;0;0;0;100;0;0;0;0;0;0;0;100;0;0;0;0;0;0;0;0;100;0;0;0;0;0;0;0;0;0;0;0;0;100;0;100;0;0;100;0;0;0;0;0;0;0;0;100;100;0;0;0;0;100;100;0;0;0;100;0;0;0;0;0;0;0;0;0;100;0;0;0;0;100;100;0;0;0;0;0;0;0;0;0;0;0;0;0;0;0;0;0;0;0;0;100;0;0;0;0;0;0;0;100;100;0;0;0;0;0;0;0;0;0;0;0;100;0;0;0;0;0;0;0;100;100;100;100;100;0;0;0;0;0;0;0;0;100;100;0;100;0;0;0;0;100;100;100;100;0;0;0;0;0;0;0;0;0;0;0;0;0;0;100;100;0;0;0;0;0;0;0;0;0;0;0;0;0;0;0;0;0;0;0;0;0;0;0;0;0;0;0;0;0;0;100;100;0;0;0;0;0;0;100;0;0;0;0;0;0;0;0;0;0;0;0;0;0;0;0;0;0;0;0;0;100;0;54.83870968;0;0;0;0;0;0;100;100;0;0;0;0;;;;;
2_2019;0.00;0;0;0;0;0;0;100;0;0;0;0;0;0;100;100;0;0;0;0;100;0;0;0;0;0;100;96.42857143;0;0;0;0;0;0;0;0;0;0;100;0;0;0;0;0;0;0;100;0;0;0;0;0;0;0;0;0;0;0;100;0;0;0;0;0;0;0;100;0;0;0;0;0;0;0;0;96.42857143;0;0;0;0;0;0;0;0;0;0;0;0;100;0;100;0;0;92.85714286;0;0;0;0;0;0;0;0;100;100;0;0;0;0;100;100;0;0;0;89.28571429;0;0;0;0;0;0;0;0;0;100;0;0;0;0;100;100;0;0;0;0;0;0;0;0;0;0;0;0;0;0;0;0;0;0;0;0;100;0;0;0;0;0;0;0;100;100;0;0;0;0;0;0;0;0;0;0;0;100;0;0;0;0;0;0;0;100;100;100;100;100;0;0;0;0;0;0;0;0;100;100;0;100;0;0;0;0;92.85714286;100;100;100;0;0;0;0;0;0;0;0;0;0;0;0;0;0;100;96.42857143;0;0;0;0;0;0;0;0;0;0;0;0;0;0;0;0;0;0;0;0;0;0;0;0;0;0;0;0;0;0;100;100;0;0;0;0;0;0;100;0;0;0;0;0;0;0;0;0;0;0;0;0;0;0;0;0;0;0;0;0;100;0;100;0;0;0;0;0;0;100;100;0;0;0;0;;;;;
3_2019;0.00;0;0;0;0;0;0;100;0;0;0;0;0;0;100;100;0;0;0;0;100;0;0;0;0;0;100;100;0;0;0;0;0;0;0;0;0;0;100;0;0;0;0;0;0;0;100;0;0;0;0;0;0;0;0;0;0;0;100;0;0;0;0;0;0;0;100;0;0;0;0;0;0;0;0;100;0;0;0;0;0;0;0;0;0;0;0;0;100;0;100;0;0;96.77419355;0;0;0;0;0;0;0;0;100;100;0;0;0;0;100;100;0;0;0;100;0;0;0;0;0;0;0;0;0;100;0;0;0;0;100;100;0;0;0;0;0;0;0;0;0;0;0;0;0;0;0;0;0;0;0;0;100;0;0;0;0;0;0;0;100;96.77419355;0;0;0;0;0;0;0;0;0;0;0;100;0;0;0;0;0;0;0;100;100;100;100;100;0;0;0;0;0;0;0;0;100;100;0;100;0;0;0;0;100;93.5483871;100;100;0;0;0;0;0;0;0;0;0;0;0;0;0;0;96.77419355;96.77419355;0;0;0;0;0;0;0;0;0;0;0;0;0;0;0;0;0;0;0;0;0;0;0;0;0;0;0;0;0;0;100;100;0;0;0;0;0;0;100;0;0;0;0;0;0;0;0;0;0;0;0;0;0;0;0;0;0;0;0;0;100;0;100;0;0;0;0;0;0;100;100;0;0;0;0;;;;;
4_2019;0.00;0;0;0;0;0;0;100;0;0;0;0;0;0;100;100;0;0;0;0;100;0;0;0;0;0;100;100;0;0;0;0;0;0;0;0;0;0;100;0;0;0;0;0;0;0;100;0;0;0;0;0;0;0;0;0;0;0;100;0;0;0;0;0;0;0;100;0;0;0;0;0;0;0;0;100;0;0;0;0;0;0;0;0;0;0;0;0;100;0;100;0;0;96.66666667;0;0;0;0;0;0;0;0;100;100;0;0;0;0;100;100;0;0;0;100;0;0;0;0;0;0;0;0;0;100;0;0;0;0;100;100;0;0;0;0;0;0;0;0;0;0;0;0;0;0;0;0;0;0;0;0;100;0;0;0;0;0;0;0;100;100;0;0;0;0;0;0;0;0;0;0;0;100;0;0;0;0;0;0;0;100;100;100;100;100;0;0;0;0;0;0;0;0;100;100;0;100;0;0;0;0;100;93.33333333;100;100;0;0;0;0;0;0;0;0;0;0;0;0;0;0;100;100;0;0;0;0;0;0;0;0;0;0;0;0;0;0;0;0;0;0;0;0;0;0;0;0;0;0;0;0;0;0;100;100;0;0;0;0;0;0;100;0;0;0;0;0;0;0;0;0;0;0;0;0;0;0;0;0;0;0;0;0;100;0;100;0;0;0;0;0;0;100;100;0;0;0;0;;;;;
5_2019;0.00;0;0;0;0;0;0;100;0;0;0;0;0;0;100;100;0;0;0;0;100;0;0;0;0;0;100;100;0;0;0;0;0;0;0;0;0;0;100;0;0;0;0;0;0;0;100;0;0;0;0;0;0;0;0;0;0;0;90.32258065;0;0;0;0;0;0;0;96.77419355;0;0;0;0;0;0;0;0;100;0;0;0;0;0;0;0;0;0;0;0;0;100;0;100;0;0;100;0;0;0;0;0;0;0;0;100;100;0;0;0;0;100;100;0;0;0;100;0;0;0;0;0;0;0;0;0;100;0;0;0;0;96.77419355;100;0;0;0;0;0;0;0;0;0;0;0;0;0;0;0;0;0;0;0;0;100;0;0;0;0;0;0;0;100;100;0;0;0;0;0;0;0;0;0;0;0;100;0;0;0;0;0;0;0;100;100;100;100;100;0;0;0;0;0;0;0;0;100;100;0;100;0;0;0;0;100;90.32258065;100;100;0;0;0;0;0;0;0;0;0;0;0;0;0;0;100;100;0;0;0;0;0;0;0;0;0;0;0;0;0;0;0;0;0;0;0;0;0;0;0;0;0;0;0;0;0;0;100;100;0;0;0;0;0;0;100;0;0;0;0;0;0;0;0;0;0;0;0;0;0;0;0;0;0;0;0;0;100;0;100;0;0;0;0;0;0;100;100;0;0;0;0;;;;;
6_2019;0.00;0;0;0;0;0;0;100;0;0;0;0;0;0;100;100;0;0;0;0;100;0;0;0;0;0;100;100;0;0;0;0;0;0;0;0;0;0;100;0;0;0;0;0;0;0;100;0;0;0;0;0;0;0;0;0;0;0;100;0;0;0;0;0;0;0;100;0;0;0;0;0;0;0;0;100;0;0;0;0;0;0;0;0;0;0;0;0;100;0;100;0;0;100;0;0;0;0;0;0;0;0;100;100;0;0;0;0;100;100;0;0;0;100;0;0;0;0;0;0;0;0;0;100;0;0;0;0;100;100;0;0;0;0;0;0;0;0;0;0;0;0;0;0;0;0;0;0;0;0;100;0;0;0;0;0;0;0;100;100;0;0;0;0;0;0;0;0;0;0;0;100;0;0;0;0;0;0;0;100;100;100;100;100;0;0;0;0;0;0;0;0;100;100;0;100;0;0;0;0;100;100;100;100;0;0;0;0;0;0;0;0;0;0;0;0;0;0;100;30;0;0;0;0;0;0;0;0;0;0;0;0;0;0;0;0;0;0;0;0;0;0;0;0;0;0;0;0;0;0;100;100;0;0;0;0;0;0;100;0;0;0;0;0;0;0;0;0;0;0;0;0;0;0;0;0;0;0;0;0;100;0;100;0;0;0;0;0;0;100;100;0;0;0;0;;;;;
7_2019;0.00;0;0;0;0;0;0;100;0;0;0;0;0;0;100;100;0;0;0;0;100;0;0;0;0;0;100;100;0;0;0;0;0;0;0;0;0;0;100;0;0;0;0;0;0;0;100;0;0;0;0;0;0;0;0;0;0;0;100;0;0;0;0;0;0;0;100;0;0;0;0;0;0;0;0;100;0;0;0;0;0;0;0;0;0;0;0;0;100;0;100;0;0;100;0;0;0;0;0;0;0;0;100;100;0;0;0;0;100;100;0;0;0;100;0;0;0;0;0;0;0;0;0;100;0;0;0;0;100;100;0;0;0;0;0;0;0;0;0;0;0;0;0;0;0;0;0;0;0;0;100;0;0;0;0;0;0;0;100;100;0;0;0;0;0;0;0;0;0;0;0;100;0;0;0;0;0;0;0;100;100;100;100;100;0;0;0;0;0;0;0;0;100;100;0;100;0;0;0;0;100;100;100;100;0;0;0;0;0;0;0;0;0;0;0;0;0;0;100;70.96774194;0;0;0;0;0;0;0;0;0;0;0;0;0;0;0;0;0;0;0;0;0;0;0;0;0;0;0;0;0;0;100;100;0;0;0;0;0;0;100;0;0;0;0;0;0;0;0;0;0;0;0;0;0;0;0;0;0;0;0;0;100;0;100;0;0;0;0;0;0;100;100;0;0;0;0;;;;;
8_2019;0.00;0;0;0;0;0;0;100;0;0;0;0;0;0;100;100;0;0;0;0;100;0;0;0;0;0;100;100;0;0;0;0;0;0;0;0;0;0;100;0;0;0;0;0;0;0;100;0;0;0;0;0;0;0;0;0;0;0;100;0;0;0;0;0;0;0;100;0;0;0;0;0;0;0;0;100;0;0;0;0;0;0;0;0;0;0;0;0;100;0;100;0;0;100;0;0;0;0;0;0;0;0;80.64516129;100;0;0;0;0;100;100;0;0;0;100;0;0;0;0;0;0;0;0;0;100;0;0;0;0;100;100;0;0;0;0;0;0;0;0;0;0;0;0;0;0;0;0;0;0;0;0;100;0;0;0;0;0;0;0;100;100;0;0;0;0;0;0;0;0;0;0;0;100;0;0;0;0;0;0;0;100;100;100;100;100;0;0;0;0;0;0;0;0;100;100;0;100;0;0;0;0;100;100;100;100;0;0;0;0;0;0;0;0;0;0;0;0;0;0;100;100;0;0;0;0;0;0;0;0;0;0;0;0;0;0;0;0;0;0;0;0;0;0;0;0;0;0;0;0;0;0;100;100;0;0;0;0;0;0;100;0;0;0;0;0;0;0;0;0;0;0;0;0;0;0;0;0;0;0;0;0;100;0;58.06451613;0;0;0;0;0;0;100;100;0;0;0;0;;;;;
9_2019;0.00;0;0;0;0;0;0;100;0;0;0;0;0;0;100;100;0;0;0;0;100;0;0;0;0;0;100;100;0;0;0;0;0;0;0;0;0;0;100;0;0;0;0;0;0;0;100;0;0;0;0;0;0;0;0;0;0;0;100;0;0;0;0;0;0;0;100;0;0;0;0;0;0;0;0;100;0;0;0;0;0;0;0;0;0;0;0;0;100;0;100;0;0;100;0;0;0;0;0;0;0;0;76.66666667;100;0;0;0;0;100;100;0;0;0;100;0;0;0;0;0;0;0;0;0;100;0;0;0;0;100;100;0;0;0;0;0;0;0;0;0;0;0;0;0;0;0;0;0;0;0;0;100;0;0;0;0;0;0;0;100;100;0;0;0;0;0;0;0;0;0;0;0;100;0;0;0;0;0;0;0;100;100;100;100;100;0;0;0;0;0;0;0;0;100;100;0;100;0;0;0;0;100;100;100;100;0;0;0;0;0;0;0;0;0;0;0;0;0;0;100;100;0;0;0;0;0;0;0;0;0;0;0;0;0;0;0;0;0;0;0;0;0;0;0;0;0;0;0;0;0;0;100;100;0;0;0;0;0;0;100;0;0;0;0;0;0;0;0;0;0;0;0;0;0;0;0;0;0;0;0;0;100;0;100;0;0;0;0;0;0;100;100;0;0;0;0;;;;;
10_2019;0.00;0;0;0;0;0;0;100;0;0;0;0;0;0;100;100;0;0;0;0;100;0;0;0;0;0;100;100;0;0;0;0;0;0;0;0;0;0;100;0;0;0;0;0;0;0;100;0;0;0;0;0;0;0;0;0;0;0;100;0;0;0;0;0;0;0;100;0;0;0;0;0;0;0;0;96.77419355;0;0;0;0;0;0;0;0;0;0;0;0;100;0;100;0;0;100;0;0;0;0;0;0;0;0;80.64516129;100;0;0;0;0;100;100;0;0;0;100;0;0;0;0;0;0;0;0;0;100;0;0;0;0;100;96.77419355;0;0;0;0;0;0;0;0;0;0;0;0;0;0;0;0;0;0;0;0;100;0;0;0;0;0;0;0;100;100;0;0;0;0;0;0;0;0;0;0;0;100;0;0;0;0;0;0;0;100;100;100;100;100;0;0;0;0;0;0;0;0;100;100;0;100;0;0;0;0;100;93.5483871;93.5483871;100;0;0;0;0;0;0;0;0;0;0;0;0;0;0;100;96.77419355;0;0;0;0;0;0;0;0;0;0;0;0;0;0;0;0;0;0;0;0;0;0;0;0;0;0;0;0;0;0;100;100;0;0;0;0;0;0;100;0;0;0;0;0;0;0;0;0;0;0;0;0;0;0;0;0;0;0;0;0;100;0;100;0;0;0;0;0;0;100;100;0;0;0;0;;;;;
11_2019;0.00;0;0;0;0;0;0;100;0;0;0;0;0;0;100;100;0;0;0;0;100;0;0;0;0;0;100;100;0;0;0;0;0;0;0;0;0;0;100;0;0;0;0;0;0;0;100;0;0;0;0;0;0;0;0;0;0;0;100;0;0;0;0;0;0;0;100;0;0;0;0;0;0;0;0;100;0;0;0;0;0;0;0;0;0;0;0;0;100;0;100;0;0;100;0;0;0;0;0;0;0;0;73.33333333;100;0;0;0;0;100;100;0;0;0;100;0;0;0;0;0;0;0;0;0;100;0;0;0;0;100;100;0;0;0;0;0;0;0;0;0;0;0;0;0;0;0;0;0;0;0;0;100;0;0;0;0;0;0;0;100;100;0;0;0;0;0;0;0;0;0;0;0;100;0;0;0;0;0;0;0;100;100;100;100;100;0;0;0;0;0;0;0;0;100;100;0;100;0;0;0;0;100;90;100;100;0;0;0;0;0;0;0;0;0;0;0;0;0;0;100;100;0;0;0;0;0;0;0;0;0;0;0;0;0;0;0;0;0;0;0;0;0;0;0;0;0;0;0;0;0;0;100;100;0;0;0;0;0;0;100;0;0;0;0;0;0;0;0;0;0;0;0;0;0;0;0;0;0;0;0;0;100;0;100;0;0;0;0;0;0;100;100;0;0;0;0;;;;;
12_2019;0.00;0;0;0;0;0;0;100;0;0;0;0;0;0;100;100;0;0;0;0;100;0;0;0;0;0;100;100;0;0;0;0;0;0;0;0;0;0;100;0;0;0;0;0;0;0;100;0;0;0;0;0;0;0;0;0;0;0;100;0;0;0;0;0;0;0;100;0;0;0;0;0;0;0;0;100;0;0;0;0;0;0;0;0;0;0;0;0;100;0;100;0;0;96.77419355;0;0;0;0;0;0;0;0;77.41935484;100;0;0;0;0;100;100;0;0;0;100;0;0;0;0;0;0;0;0;0;100;0;0;0;0;100;100;0;0;0;0;0;0;0;0;0;0;0;0;0;0;0;0;0;0;0;0;100;0;0;0;0;0;0;0;100;100;0;0;0;0;0;0;0;0;0;0;0;100;0;0;0;0;0;0;0;100;96.77419355;100;100;100;0;0;0;0;0;0;0;0;100;100;0;100;0;0;0;0;100;100;100;100;0;0;0;0;0;0;0;0;0;0;0;0;0;0;100;100;0;0;0;0;0;0;0;0;0;0;0;0;0;0;0;0;0;0;0;0;0;0;0;0;0;0;0;0;0;0;100;100;0;0;0;0;0;0;100;0;0;0;0;0;0;0;0;0;0;0;0;0;0;0;0;0;0;0;0;0;100;0;100;0;0;0;0;0;0;100;100;0;0;0;0;;;;;
1_2020;0.00;0;0;0;0;0;0;100;0;0;0;0;0;0;100;100;0;0;0;0;96.77419355;0;0;0;0;0;100;100;0;0;0;0;0;0;0;0;0;0;100;0;0;0;0;0;0;0;100;0;0;0;0;0;0;0;0;0;0;0;100;0;0;0;0;0;0;0;96.77419355;0;0;0;0;0;0;0;0;100;0;0;0;0;0;0;0;0;0;0;0;0;100;0;100;0;0;93.5483871;0;0;0;0;0;0;0;0;77.41935484;100;0;0;0;0;100;100;0;0;0;100;0;0;0;0;0;0;0;0;0;100;0;0;0;0;100;100;0;0;0;0;0;0;0;0;0;0;0;0;0;0;0;0;0;0;0;0;100;0;0;0;0;0;0;0;100;100;0;0;0;0;0;0;0;0;0;0;0;100;0;0;0;0;0;0;0;100;90.32258065;100;100;100;0;0;0;0;0;0;0;0;100;100;0;96.77419355;0;0;0;0;100;87.09677419;100;100;0;0;0;0;0;0;0;0;0;0;0;0;0;0;0;0;0;0;0;0;0;0;0;0;0;0;0;0;0;0;0;0;0;0;0;0;0;0;0;0;0;0;0;0;0;0;100;100;0;0;0;0;0;0;100;0;0;0;0;0;0;0;0;0;0;0;0;0;0;0;0;0;0;0;0;0;100;0;100;0;0;0;0;0;0;100;100;0;0;0;0;;;;;
2_2020;0.00;0;0;0;0;0;0;100;0;0;0;0;0;0;100;100;0;0;0;0;100;0;0;0;0;0;100;100;0;0;0;0;0;0;0;0;0;0;100;0;0;0;0;0;0;0;100;0;0;0;0;0;0;0;0;0;0;0;100;0;0;0;0;0;0;0;96.55172414;0;0;0;0;0;0;0;0;100;0;0;0;0;0;0;0;0;0;0;0;0;100;0;100;0;0;100;0;0;0;0;0;0;0;0;89.65517241;100;0;0;0;0;100;100;0;0;0;0;0;0;0;0;0;0;0;0;0;100;0;0;0;0;100;100;0;0;0;0;0;0;0;0;0;0;0;0;0;0;0;0;0;0;0;0;100;0;0;0;0;0;0;0;100;100;0;0;0;0;0;0;0;0;0;0;0;100;0;0;0;0;0;0;0;100;89.65517241;100;65.51724138;100;0;0;0;0;0;0;0;0;100;100;0;100;0;0;0;0;100;82.75862069;100;100;0;0;0;0;0;0;0;0;0;0;0;0;0;0;0;0;0;0;0;0;0;0;0;0;0;0;0;0;0;0;0;0;0;0;0;0;0;0;0;0;0;0;0;0;0;0;100;100;0;0;0;0;0;0;100;0;0;0;0;0;0;0;0;0;0;0;0;0;0;0;0;0;0;0;0;0;100;0;51.72413793;0;0;0;0;0;0;100;100;0;0;0;0;;;;;
3_2020;0.00;0;0;0;0;0;0;100;0;0;0;0;0;0;100;100;0;0;0;0;0;0;0;0;0;0;100;100;0;0;0;0;0;0;0;0;0;0;100;0;0;0;0;0;0;0;100;0;0;0;0;0;0;0;0;0;0;0;100;0;0;0;0;0;0;0;93.5483871;0;0;0;0;0;0;0;0;100;0;0;0;0;0;0;0;0;0;0;0;0;100;0;100;0;0;96.77419355;0;0;0;0;0;0;0;0;100;100;0;0;0;0;100;100;0;0;0;0;0;0;0;0;0;0;0;0;0;100;0;0;0;0;0;0;0;0;0;0;0;0;0;0;0;0;0;0;0;0;0;0;0;0;0;0;100;0;0;0;0;0;0;0;100;100;0;0;0;0;0;0;0;0;0;0;0;100;0;0;0;0;0;0;0;100;61.29032258;100;100;100;0;0;0;0;0;0;0;0;96.77419355;100;0;100;0;0;0;0;100;90.32258065;100;100;0;0;0;0;0;0;0;0;0;0;0;0;0;0;0;0;0;0;0;0;0;0;0;0;0;0;0;0;0;0;0;0;0;0;0;0;0;0;0;0;0;0;0;0;0;0;100;100;0;0;0;0;0;0;100;0;0;0;0;0;0;0;0;0;0;0;0;0;0;0;0;0;0;0;0;0;100;0;100;0;0;0;0;0;0;100;100;0;0;0;0;;;;;
4_2020;0.00;0;0;0;0;0;0;100;0;0;0;0;0;0;100;100;0;0;0;0;0;0;0;0;0;0;100;100;0;0;0;0;0;0;0;0;0;0;100;0;0;0;0;0;0;0;100;0;0;0;0;0;0;0;0;0;0;0;100;0;0;0;0;0;0;0;96.66666667;0;0;0;0;0;0;0;0;100;0;0;0;0;0;0;0;0;0;0;0;0;100;0;100;0;0;100;0;0;0;0;0;0;0;0;100;100;0;0;0;0;100;100;0;0;0;0;0;0;0;0;0;0;0;0;0;100;0;0;0;0;0;0;0;0;0;0;0;0;0;0;0;0;0;0;0;0;0;0;0;0;0;0;100;0;0;0;0;0;0;0;100;100;0;0;0;0;0;0;0;0;0;0;0;100;0;0;0;0;0;0;0;0;80;100;100;100;0;0;0;0;0;0;0;0;100;100;0;100;0;0;0;0;96.66666667;83.33333333;0;100;0;0;0;0;0;0;0;0;0;0;0;0;0;0;0;0;0;0;0;0;0;0;0;0;0;0;0;0;0;0;0;0;0;0;0;0;0;0;0;0;0;0;0;0;0;0;100;100;0;0;0;0;0;0;100;0;0;0;0;0;0;0;0;0;0;0;0;0;0;0;0;0;0;0;0;0;100;0;100;0;0;0;0;0;0;100;100;0;0;0;0;;;;;
5_2020;0.00;0;0;0;0;0;0;100;0;0;0;0;0;0;100;100;0;0;0;0;0;0;0;0;0;0;100;100;0;0;0;0;0;0;0;0;0;0;100;0;0;0;0;0;0;0;100;0;0;0;0;0;0;0;0;0;0;0;100;0;0;0;0;0;0;0;100;0;0;0;0;0;0;0;0;100;0;0;0;0;0;0;0;0;0;0;0;0;100;0;100;0;0;96.77419355;0;0;0;0;0;0;0;0;100;100;0;0;0;0;100;100;0;0;0;100;0;0;0;0;0;0;0;0;0;100;0;0;0;0;100;100;0;0;0;0;0;0;0;0;0;0;0;0;0;0;0;0;0;0;0;0;100;0;0;0;0;0;0;0;100;100;0;0;0;0;0;0;0;0;0;0;0;100;0;0;0;0;0;0;0;0;100;100;100;100;0;0;0;0;0;0;0;0;100;100;0;100;0;0;0;0;100;90.32258065;100;100;0;0;0;0;0;0;0;0;0;0;0;0;0;0;0;0;0;0;0;0;0;0;0;0;0;0;0;0;0;0;0;0;0;0;0;0;0;0;0;0;0;0;0;0;0;0;100;100;0;0;0;0;0;0;100;0;0;0;0;0;0;0;0;0;0;0;0;0;0;0;0;0;0;0;0;0;100;0;100;0;0;0;0;0;0;100;100;0;0;0;0;;;;;
6_2020;0.00;0;0;0;0;0;0;100;0;0;0;0;0;0;100;100;0;0;0;0;100;0;0;0;0;0;100;100;0;0;0;0;0;0;0;0;0;0;100;0;0;0;0;0;0;0;100;0;0;0;0;0;0;0;0;0;0;0;100;0;0;0;0;0;0;0;100;0;0;0;0;0;0;0;0;100;0;0;0;0;0;0;0;0;0;0;0;0;100;0;100;0;0;100;0;0;0;0;0;0;0;0;100;100;0;0;0;0;100;100;0;0;0;100;0;0;0;0;0;0;0;0;0;100;0;0;0;0;0;0;0;0;0;0;0;0;0;0;0;0;0;0;0;0;0;0;0;0;0;0;100;0;0;0;0;0;0;0;100;100;0;0;0;0;0;0;0;0;0;0;0;100;0;0;0;0;0;0;0;100;100;100;100;100;0;0;0;0;0;0;0;0;100;100;0;100;0;0;0;0;100;96.66666667;100;100;0;0;0;0;0;0;0;0;0;0;0;0;0;0;0;0;0;0;0;0;0;0;0;0;0;0;0;0;0;0;0;0;0;0;0;0;0;0;0;0;0;0;0;0;0;0;100;100;0;0;0;0;0;0;100;0;0;0;0;0;0;0;0;0;0;0;0;0;0;0;0;0;0;0;0;0;100;0;100;0;0;0;0;0;0;100;100;0;0;0;0;;;;;
7_2020;0.00;0;0;0;0;0;0;100;0;0;0;0;0;0;100;100;0;0;0;0;100;0;0;0;0;0;100;100;0;0;0;0;0;0;0;0;0;0;100;0;0;0;0;0;0;0;100;0;0;0;0;0;0;0;0;0;0;0;100;0;0;0;0;0;0;0;100;0;0;0;0;0;0;0;0;100;0;0;0;0;0;0;0;0;0;0;0;0;100;0;100;0;0;100;0;0;0;0;0;0;0;0;100;100;0;0;0;0;100;100;0;0;0;100;0;0;0;0;0;0;0;0;0;100;0;0;0;0;100;100;0;0;0;0;0;0;0;0;0;0;0;0;0;0;0;0;0;0;0;0;100;0;0;0;0;0;0;0;100;100;0;0;0;0;0;0;0;0;0;0;0;100;0;0;0;0;0;0;0;100;100;100;100;100;0;0;0;0;0;0;0;0;100;100;0;100;0;0;0;0;100;100;100;100;0;0;0;0;0;0;0;0;0;0;0;0;0;0;0;0;0;0;0;0;0;0;0;0;0;0;0;0;0;0;0;0;0;0;0;0;0;0;0;0;0;0;0;0;0;0;100;100;0;0;0;0;0;0;100;0;0;0;0;0;0;0;0;0;0;0;0;0;0;0;0;0;0;0;0;0;100;0;100;0;0;0;0;0;0;100;100;0;0;0;0;;;;;
8_2020;0.00;0;0;0;0;0;0;100;0;0;0;0;0;0;100;100;0;0;0;0;100;0;0;0;0;0;100;100;0;0;0;0;0;0;0;0;0;0;100;0;0;0;0;0;0;0;100;0;0;0;0;0;0;0;0;0;0;0;100;0;0;0;0;0;0;0;100;0;0;0;0;0;0;0;0;100;0;0;0;0;0;0;0;0;0;0;0;0;100;0;100;0;0;100;0;0;0;0;0;0;0;0;100;100;0;0;0;0;100;100;0;0;0;100;0;0;0;0;0;0;0;0;0;100;0;0;0;0;100;100;0;0;0;0;0;0;0;0;0;0;0;0;0;0;0;0;0;0;0;0;100;0;0;0;0;0;0;0;100;100;0;0;0;0;0;0;0;0;0;0;0;100;0;0;0;0;0;0;0;100;100;100;100;100;0;0;0;0;0;0;0;0;100;100;0;100;0;0;0;0;100;100;100;100;0;0;0;0;0;0;0;0;0;0;0;0;0;0;0;0;0;0;0;0;0;0;0;0;0;0;0;0;0;0;0;0;0;0;0;0;0;0;0;0;0;0;0;0;0;0;100;100;0;0;0;0;0;0;100;0;0;0;0;0;0;0;0;0;0;0;0;0;0;0;0;0;0;0;0;0;100;0;45.16129032;0;0;0;0;0;0;100;100;0;0;0;0;;;;;
9_2020;0.00;0;0;0;0;0;0;100;0;0;0;0;0;0;100;100;0;0;0;0;100;0;0;0;0;0;100;100;0;0;0;0;0;0;0;0;0;0;100;0;0;0;0;0;0;0;100;0;0;0;0;0;0;0;0;0;0;0;100;0;0;0;0;0;0;0;100;0;0;0;0;0;0;0;0;100;0;0;0;0;0;0;0;0;0;0;0;0;100;0;100;0;0;100;0;0;0;0;0;0;0;0;100;100;0;0;0;0;100;100;0;0;0;100;0;0;0;0;0;0;0;0;0;100;0;0;0;0;100;100;0;0;0;0;0;0;0;0;0;0;0;0;0;0;0;0;0;0;0;0;100;0;0;0;0;0;0;0;100;100;0;0;0;0;0;0;0;0;0;0;0;100;0;0;0;0;0;0;0;100;100;100;100;100;0;0;0;0;0;0;0;0;100;100;0;100;0;0;0;0;100;100;100;100;0;0;0;0;0;0;0;0;0;0;0;0;0;0;0;0;0;0;0;0;0;0;0;0;0;0;0;0;0;0;0;0;0;0;0;0;0;0;0;0;0;0;0;0;0;0;100;100;0;0;0;0;0;0;100;0;0;0;0;0;0;0;0;0;0;0;0;0;0;0;0;0;0;0;0;0;100;0;100;0;0;0;0;0;0;100;100;0;0;0;0;;;;;
10_2020;0.00;0;0;0;0;0;0;100;0;0;0;0;0;0;100;100;0;0;0;0;0;0;0;0;0;0;100;100;0;0;0;0;0;0;0;0;0;0;100;0;0;0;0;0;0;0;100;0;0;0;0;0;0;0;0;0;0;0;100;0;0;0;0;0;0;0;100;0;0;0;0;0;0;0;0;100;0;0;0;0;0;0;0;0;0;0;0;0;100;0;100;0;0;100;0;0;0;0;0;0;0;0;93.5483871;100;0;0;0;0;100;100;0;0;0;100;0;0;0;0;0;0;0;0;0;100;0;0;0;0;100;100;0;0;0;0;0;0;0;0;0;0;0;0;0;0;0;0;0;0;0;0;100;0;0;0;0;0;0;0;100;100;0;0;0;0;0;0;0;0;0;0;0;100;0;0;0;0;0;0;0;100;100;100;100;100;0;0;0;0;0;0;0;0;100;100;0;100;0;0;0;0;100;93.5483871;100;100;0;0;0;0;0;0;0;0;0;0;0;0;0;0;0;0;0;0;0;0;0;0;0;0;0;0;0;0;0;0;0;0;0;0;0;0;0;0;0;0;0;0;0;0;0;0;100;100;0;0;0;0;0;0;100;0;0;0;0;0;0;0;0;0;0;0;0;0;0;0;0;0;0;0;0;0;100;0;100;0;0;0;0;0;0;100;100;0;0;0;0;;;;;
11_2020;0.00;0;0;0;0;0;0;100;0;0;0;0;0;0;100;100;0;0;0;0;100;0;0;0;0;0;100;100;0;0;0;0;0;0;0;0;0;0;100;0;0;0;0;0;0;0;100;0;0;0;0;0;0;0;0;0;0;0;100;0;0;0;0;0;0;0;96.66666667;0;0;0;0;0;0;0;0;100;0;0;0;0;0;0;0;0;0;0;0;0;100;0;100;0;0;100;0;0;0;0;0;0;0;0;100;100;0;0;0;0;100;100;0;0;0;100;0;0;0;0;0;0;0;0;0;100;0;0;0;0;100;100;0;0;0;0;0;0;0;0;0;0;0;0;0;0;0;0;0;0;0;0;100;0;0;0;0;0;0;0;100;100;0;0;0;0;0;0;0;0;0;0;0;100;0;0;0;0;0;0;0;100;100;100;100;100;0;0;0;0;0;0;0;0;100;100;0;46.66666667;0;0;0;0;100;100;100;100;0;0;0;0;0;0;0;0;0;0;0;0;0;0;0;0;0;0;0;0;0;0;0;0;0;0;0;0;0;0;0;0;0;0;0;0;0;0;0;0;0;0;0;0;0;0;100;100;0;0;0;0;0;0;100;0;0;0;0;0;0;0;0;0;0;0;0;0;0;0;0;0;0;0;0;0;100;0;100;0;0;0;0;0;0;100;100;0;0;0;0;;;;;
12_2020;0.00;0;0;0;0;0;0;100;0;0;0;0;0;0;100;100;0;0;0;0;100;0;0;0;0;0;100;100;0;0;0;0;0;0;0;0;0;0;100;0;0;0;0;0;0;0;100;0;0;0;0;0;0;0;0;0;0;0;100;0;0;0;0;0;0;0;100;0;0;0;0;0;0;0;0;100;0;0;0;0;0;0;0;0;0;0;0;0;100;0;100;0;0;100;0;0;0;0;0;0;0;0;100;100;0;0;0;0;100;100;0;0;0;100;0;0;0;0;0;0;0;0;0;100;0;0;0;0;100;100;0;0;0;0;0;0;0;0;0;0;0;0;0;0;0;0;0;0;0;0;100;0;0;0;0;0;0;0;100;100;0;0;0;0;0;0;0;0;0;0;0;100;0;0;0;0;0;0;0;100;100;100;100;100;0;0;0;0;0;0;0;0;100;100;0;100;0;0;0;0;100;100;100;100;0;0;0;0;0;0;0;0;0;0;0;0;0;0;0;0;0;0;0;0;0;0;0;0;0;0;0;0;0;0;0;0;0;0;0;0;0;0;0;0;0;0;0;0;0;0;100;100;0;0;0;0;0;0;100;0;0;0;0;0;0;0;0;0;0;0;0;0;0;0;0;0;0;0;0;0;100;0;100;0;0;0;0;0;0;100;100;0;0;0;0;;;;;
1_2021;0.00;0;0;0;0;0;0;100;0;0;0;0;0;0;100;100;0;0;0;0;100;0;0;0;0;0;100;100;0;0;0;0;0;0;0;0;0;0;100;0;0;0;0;0;0;0;100;0;0;0;0;0;0;0;0;0;0;0;100;0;0;0;0;0;0;0;100;0;0;0;0;0;0;0;0;100;0;0;0;0;0;0;0;0;0;0;0;0;100;0;100;0;0;100;0;0;0;0;0;0;0;0;93.5483871;100;0;0;0;0;100;100;0;0;0;100;0;0;0;0;0;0;0;0;0;100;0;0;0;0;100;100;0;0;0;0;0;0;0;0;0;0;0;0;0;0;0;0;0;0;0;0;100;0;0;0;0;0;0;0;100;100;0;0;0;0;0;0;0;0;0;0;0;100;0;0;0;0;0;0;0;100;100;100;100;100;0;0;0;0;0;0;0;0;0;100;0;100;0;0;0;0;100;100;100;100;0;0;0;0;0;0;0;0;0;0;0;0;0;0;0;0;0;0;0;0;0;0;0;0;0;0;0;0;0;0;0;0;0;0;0;0;0;0;0;0;0;0;0;0;0;0;100;100;0;0;0;0;0;0;100;0;0;0;0;0;0;0;0;0;0;0;0;0;0;0;0;0;0;0;0;0;100;0;100;0;0;0;0;0;0;100;100;0;0;0;0;;;;;
2_2021;0.00;0;0;0;0;0;0;100;0;0;0;0;0;0;100;100;0;0;0;0;100;0;0;0;0;0;100;100;0;0;0;0;0;0;0;0;0;0;100;0;0;0;0;0;0;0;100;0;0;0;0;0;0;0;0;0;0;0;100;0;0;0;0;0;0;0;100;0;0;0;0;0;0;0;0;100;0;0;0;0;0;0;0;0;0;0;0;0;100;0;100;0;0;100;0;0;0;0;0;0;0;0;100;100;0;0;0;0;100;100;0;0;0;100;0;0;0;0;0;0;0;0;0;100;0;0;0;0;100;0;0;0;0;0;0;0;0;0;0;0;0;0;0;0;0;0;0;0;0;0;100;0;0;0;0;0;0;0;100;100;0;0;0;0;0;0;0;0;0;0;0;100;0;0;0;0;0;0;0;100;100;100;100;100;0;0;0;0;0;0;0;0;100;100;0;100;0;0;0;0;100;100;100;100;0;0;0;0;0;0;0;0;0;0;0;0;0;0;0;0;0;0;0;0;0;0;0;0;0;0;0;0;0;0;0;0;0;0;0;0;0;0;0;0;0;0;0;0;0;0;100;100;0;0;0;0;0;0;100;0;0;0;0;0;0;0;0;0;0;0;0;0;0;0;0;0;0;0;0;0;100;0;100;0;0;0;0;0;0;100;0;0;0;0;0;;;;;
3_2021;0.00;0;0;0;0;0;0;100;0;0;0;0;0;0;100;100;0;0;0;0;100;0;0;0;0;0;100;100;0;0;0;0;0;0;0;0;0;0;100;0;0;0;0;0;0;0;100;0;0;0;0;0;0;0;0;0;0;0;100;0;0;0;0;0;0;0;100;0;0;0;0;0;0;0;0;100;0;0;0;0;0;0;0;0;0;0;0;0;100;0;100;0;0;100;0;0;0;0;0;0;0;0;100;100;0;0;0;0;100;100;0;0;0;100;0;0;0;0;0;0;0;0;0;100;0;0;0;0;100;100;0;0;0;0;0;0;0;0;0;0;0;0;0;0;0;0;0;0;0;0;100;0;0;0;0;0;0;0;100;100;0;0;0;0;0;0;0;0;0;0;0;100;0;0;0;0;0;0;0;100;100;100;100;100;0;0;0;0;0;0;0;0;100;100;0;100;0;0;0;0;100;100;100;100;0;0;0;0;0;0;0;0;0;0;0;0;0;0;0;0;0;0;0;0;0;0;0;0;0;0;0;0;0;0;0;0;0;0;0;0;0;0;0;0;0;0;0;0;0;0;100;100;0;0;0;0;0;0;100;0;0;0;0;0;0;0;0;0;0;0;0;0;0;0;0;0;0;0;0;0;100;0;100;0;0;0;0;0;0;100;0;0;0;0;0;;;;;
4_2021;0.00;0;0;0;0;0;0;100;0;0;0;0;0;0;100;100;0;0;0;0;100;0;0;0;0;0;100;100;0;0;0;0;0;0;0;0;0;0;100;0;0;0;0;0;0;0;100;0;0;0;0;0;0;0;0;0;0;0;100;0;0;0;0;0;0;0;100;0;0;0;0;0;0;0;0;100;0;0;0;0;0;0;0;0;0;0;0;0;100;0;100;0;0;86.66666667;0;0;0;0;0;0;0;0;100;100;0;0;0;0;100;100;0;0;0;100;0;0;0;0;0;0;0;0;0;100;0;0;0;0;100;90;0;0;0;0;0;0;0;0;0;0;0;0;0;0;0;0;0;0;0;0;100;0;0;0;0;0;0;0;100;100;0;0;0;0;0;0;0;0;0;0;0;100;0;0;0;0;0;0;0;100;100;100;100;100;0;0;0;0;0;0;0;0;100;100;0;100;0;0;0;0;100;100;100;100;0;0;0;0;0;0;0;0;0;0;0;0;0;0;0;0;0;0;0;0;0;0;0;0;0;0;0;0;0;0;0;0;0;0;0;0;0;0;0;0;0;0;0;0;0;0;100;100;0;0;0;0;0;0;100;0;0;0;0;0;0;0;0;0;0;0;0;0;0;0;0;0;0;0;0;0;100;0;0;0;0;0;0;0;0;100;0;0;0;0;0;;;;;
5_2021;0.00;0;0;0;0;0;0;100;0;0;0;0;0;0;100;100;0;0;0;0;100;0;0;0;0;0;100;100;0;0;0;0;0;0;0;0;0;0;100;0;0;0;0;0;0;0;100;0;0;0;0;0;0;0;0;0;0;0;100;0;0;0;0;0;0;0;100;0;0;0;0;0;0;0;0;0;0;0;0;0;0;0;0;0;0;0;0;0;100;0;100;0;0;100;0;0;0;0;0;0;0;0;100;100;0;0;0;0;100;100;0;0;0;0;0;0;0;0;0;0;0;0;0;100;0;0;0;0;100;3.225806452;0;0;0;0;0;0;0;0;0;0;0;0;0;0;0;0;0;0;0;0;100;0;0;0;0;0;0;0;100;100;0;0;0;0;0;0;0;0;0;0;0;100;0;0;0;0;0;0;0;100;100;100;100;100;0;0;0;0;0;0;0;0;100;100;0;100;0;0;0;0;100;100;100;100;0;0;0;0;0;0;0;0;0;0;0;0;0;0;0;0;0;0;0;0;0;0;0;0;0;0;0;0;0;0;0;0;0;0;0;0;0;0;0;0;0;0;0;0;0;0;100;100;0;0;0;0;0;0;100;0;0;0;0;0;0;0;0;0;0;0;0;0;0;0;0;0;0;0;0;0;100;0;100;0;0;0;0;0;0;100;100;0;0;0;0;;;;;
6_2021;0.00;0;0;0;0;0;0;100;0;0;0;0;0;0;100;100;0;0;0;0;100;0;0;0;0;0;100;100;0;0;0;0;0;0;0;0;0;0;100;0;0;0;0;0;0;0;100;0;0;0;0;0;0;0;0;0;0;0;100;0;0;0;0;0;0;0;100;0;0;0;0;0;0;0;0;0;0;0;0;0;0;0;0;0;0;0;0;0;100;0;100;0;0;100;0;0;0;0;0;0;0;0;100;100;0;0;0;0;100;0;0;0;0;0;0;0;0;0;0;0;0;0;0;100;0;0;0;0;100;100;0;0;0;0;0;0;0;0;0;0;0;0;0;0;0;0;0;0;0;0;100;0;0;0;0;0;0;0;100;100;0;0;0;0;0;0;0;0;0;0;0;100;0;0;0;0;0;0;0;0;100;100;100;100;0;0;0;0;0;0;0;0;100;100;0;100;0;0;0;0;100;100;100;100;0;0;0;0;0;0;0;0;0;0;0;0;0;0;0;0;0;0;0;0;0;0;0;0;0;0;0;0;0;0;0;0;0;0;0;0;0;0;0;0;0;0;0;0;0;0;100;100;0;0;0;0;0;0;0;0;0;0;0;0;0;0;0;0;0;0;0;0;0;0;0;0;0;0;0;0;100;0;0;0;0;0;0;0;0;100;100;0;0;0;0;;;;;
7_2021;0.00;0;0;0;0;0;0;100;0;0;0;0;0;0;100;100;0;0;0;0;100;0;0;0;0;0;100;100;0;0;0;0;0;0;0;0;0;0;100;0;0;0;0;0;0;0;100;0;0;0;0;0;0;0;0;0;0;0;100;0;0;0;0;0;0;0;100;0;0;0;0;0;0;0;0;100;0;0;0;0;0;0;0;0;0;0;0;0;100;0;100;0;0;100;0;0;0;0;0;0;0;0;100;100;0;0;0;0;100;100;0;0;0;100;0;0;0;0;0;0;0;0;0;100;0;0;0;0;100;100;0;0;0;0;0;0;0;0;0;0;0;0;0;0;0;0;0;0;0;0;100;0;0;0;0;0;0;0;100;100;0;0;0;0;0;0;0;0;0;0;0;100;0;0;0;0;0;0;0;100;100;100;100;100;0;0;0;0;0;0;0;0;100;100;0;100;0;0;0;0;100;100;100;100;0;0;0;0;0;0;0;0;0;0;0;0;0;0;0;0;0;0;0;0;0;0;0;0;0;0;0;0;0;0;0;0;0;0;0;0;0;0;0;0;0;0;0;0;0;0;100;100;0;0;0;0;0;0;100;0;0;0;0;0;0;0;0;0;0;0;0;0;0;0;0;0;0;0;0;0;100;0;100;0;0;0;0;0;0;100;100;0;0;0;0;;;;;
8_2021;0.00;0;0;0;0;0;0;100;0;0;0;0;0;0;100;100;0;0;0;0;100;0;0;0;0;0;100;100;0;0;0;0;0;0;0;0;0;0;100;0;0;0;0;0;0;0;100;0;0;0;0;0;0;0;0;0;0;0;100;0;0;0;0;0;0;0;100;0;0;0;0;0;0;0;0;100;0;0;0;0;0;0;0;0;0;0;0;0;100;0;100;0;0;100;0;0;0;0;0;0;0;0;100;100;0;0;0;0;100;100;0;0;0;100;0;0;0;0;0;0;0;0;0;100;0;0;0;0;100;100;0;0;0;0;0;0;0;0;0;0;0;0;0;0;0;0;0;0;0;0;100;0;0;0;0;0;0;0;100;100;0;0;0;0;0;0;0;0;0;0;0;100;0;0;0;0;0;0;0;100;100;100;100;100;0;0;0;0;0;0;0;0;100;100;0;100;0;0;0;0;100;100;100;100;0;0;0;0;0;0;0;0;0;0;0;0;0;0;0;0;0;0;0;0;0;0;0;0;0;0;0;0;0;0;0;0;0;0;0;0;0;0;0;0;0;0;0;0;0;0;100;100;0;0;0;0;0;0;100;0;0;0;0;0;0;0;0;0;0;0;0;0;0;0;0;0;0;0;0;0;100;0;100;0;0;0;0;0;0;100;100;0;0;0;0;;;;;
9_2021;0.00;0;0;0;0;0;0;100;0;0;0;0;0;0;100;100;0;0;0;0;100;0;0;0;0;0;100;100;0;0;0;0;0;0;0;0;0;0;100;0;0;0;0;0;0;0;100;0;0;0;0;0;0;0;0;0;0;0;100;0;0;0;0;0;0;0;100;0;0;0;0;0;0;0;0;100;0;0;0;0;0;0;0;0;0;0;0;0;100;0;100;0;0;100;0;0;0;0;0;0;0;0;100;100;0;0;0;0;100;100;0;0;0;100;0;0;0;0;0;0;0;0;0;100;0;0;0;0;100;100;0;0;0;0;0;0;0;0;0;0;0;0;0;0;0;0;0;0;0;0;100;0;0;0;0;0;0;0;100;100;0;0;0;0;0;0;0;0;0;0;0;100;0;0;0;0;0;0;0;100;100;100;100;100;0;0;0;0;0;0;0;0;100;100;0;100;0;0;0;0;100;100;100;100;0;0;0;0;0;0;0;0;0;0;0;0;0;0;0;0;0;0;0;0;0;0;0;0;0;0;0;0;0;0;0;0;0;0;0;0;0;0;0;0;0;0;0;0;0;0;100;100;0;0;0;0;0;0;100;0;0;0;0;0;0;0;0;0;0;0;0;0;0;0;0;0;0;0;0;0;100;0;100;0;0;0;0;0;0;100;100;0;0;0;0;;;;;
10_2021;0.00;0;0;0;0;0;0;100;0;0;0;0;0;0;100;100;0;0;0;0;100;0;0;0;0;0;100;100;0;0;0;0;0;0;0;0;0;0;100;0;0;0;0;0;0;0;100;0;0;0;0;0;0;0;0;0;0;0;100;0;0;0;0;0;0;0;100;0;0;0;0;0;0;0;0;100;0;0;0;0;0;0;0;0;0;0;0;0;100;0;100;0;0;100;0;0;0;0;0;0;0;0;100;100;0;0;0;0;100;100;0;0;0;100;0;0;0;0;0;0;0;0;0;100;0;0;0;0;100;100;0;0;0;0;0;0;0;0;0;0;0;0;0;0;0;0;0;0;0;0;100;0;0;0;0;0;0;0;100;100;0;0;0;0;0;0;0;0;0;0;0;100;0;0;0;0;0;0;0;100;100;100;100;100;0;0;0;0;0;0;0;0;100;100;0;100;0;0;0;0;100;100;100;100;0;0;0;0;0;0;0;0;0;0;0;0;0;0;0;0;0;0;0;0;0;0;0;0;0;0;0;0;0;0;0;0;0;0;0;0;0;0;0;0;0;0;0;0;0;0;100;100;0;0;0;0;0;0;100;0;0;0;0;0;0;0;0;0;0;0;0;0;0;0;0;0;0;0;0;0;100;0;100;0;0;0;0;0;0;100;100;0;0;0;0;;;;;
11_2021;0.00;0;0;0;0;0;0;100;0;0;0;0;0;0;100;100;0;0;0;0;100;0;0;0;0;0;100;100;0;0;0;0;0;0;0;0;0;0;100;0;0;0;0;0;0;0;100;0;0;0;0;0;0;0;0;0;0;0;100;0;0;0;0;0;0;0;100;0;0;0;0;0;0;0;0;93.33333333;0;0;0;0;0;0;0;0;0;0;0;0;100;0;100;0;0;100;0;0;0;0;0;0;0;0;100;100;0;0;0;0;100;100;0;0;0;100;0;0;0;0;0;0;0;0;0;100;0;0;0;0;100;96.66666667;0;0;0;0;0;0;0;0;0;0;0;0;0;0;0;0;0;0;0;0;100;0;0;0;0;0;0;0;100;100;0;0;0;0;0;0;0;0;0;0;0;100;0;0;0;0;0;0;0;100;100;100;100;100;0;0;0;0;0;0;0;0;100;100;0;100;0;0;0;0;100;100;100;100;0;0;0;0;0;0;0;0;0;0;0;0;0;0;0;0;0;0;0;0;0;0;0;0;0;0;0;0;0;0;0;0;0;0;0;0;0;0;0;0;0;0;0;0;0;0;100;100;0;0;0;0;0;0;100;0;0;0;0;0;0;0;0;0;0;0;0;0;0;0;0;0;0;0;0;0;100;0;100;0;0;0;0;0;0;100;100;0;0;0;0;;;;;
12_2021;0.00;0;0;0;0;0;0;100;0;0;0;0;0;0;100;100;0;0;0;0;100;0;0;0;0;0;100;100;0;0;0;0;0;0;0;0;0;0;100;0;0;0;0;0;0;0;100;0;0;0;0;0;0;0;0;0;0;0;100;0;0;0;0;0;0;0;100;0;0;0;0;0;0;0;0;100;0;0;0;0;0;0;0;0;0;0;0;0;100;0;100;0;0;93.5483871;0;0;0;0;0;0;0;0;100;100;0;0;0;0;100;100;0;0;0;100;0;0;0;0;0;0;0;0;0;100;0;0;0;0;100;100;0;0;0;0;0;0;0;0;0;0;0;0;0;0;0;0;0;0;0;0;100;0;0;0;0;0;0;0;100;100;0;0;0;0;0;0;0;0;0;0;0;100;0;0;0;0;0;0;0;100;77.41935484;100;100;100;0;0;0;0;0;0;0;0;100;100;0;100;0;0;0;0;100;100;100;100;0;0;0;0;0;0;0;0;0;0;0;0;0;0;0;0;0;0;0;0;0;0;0;0;0;0;0;0;0;0;0;0;0;0;0;0;0;0;0;0;0;0;0;0;0;0;100;100;0;0;0;0;0;0;100;0;0;0;0;0;0;0;0;0;0;0;0;0;0;0;0;0;0;0;0;0;100;0;100;0;0;0;0;0;0;100;100;0;0;0;0;;;;;
1_2022;0.00;0;0;0;0;0;0;100;0;0;0;0;0;0;100;100;0;0;0;0;100;0;0;0;0;0;100;100;0;0;0;0;0;0;0;0;0;0;100;0;0;0;0;0;0;0;100;0;0;0;0;0;0;0;0;0;0;0;100;0;0;0;0;0;0;0;90.32258065;0;0;0;0;0;0;0;0;100;0;0;0;0;0;0;0;0;0;0;0;0;100;0;100;0;0;100;0;0;0;0;0;0;0;0;100;100;0;0;0;0;100;100;0;0;0;100;0;0;0;0;0;0;0;0;0;100;0;0;0;0;100;100;0;0;0;0;0;0;0;0;0;0;0;0;0;0;0;0;0;0;0;0;100;0;0;0;0;0;0;0;100;100;0;0;0;0;0;0;0;0;0;0;0;100;0;0;0;0;0;0;0;100;96.77419355;100;100;100;0;0;0;0;0;0;0;0;100;100;0;100;0;0;0;0;100;100;100;100;0;0;0;0;0;0;0;0;0;0;0;0;0;0;0;0;0;0;0;0;0;0;0;0;0;0;0;0;0;0;0;0;0;0;0;0;0;0;0;0;0;0;0;0;0;0;100;100;0;0;0;0;0;0;96.77419355;0;0;0;0;0;0;0;0;0;0;0;0;0;0;0;0;0;0;0;0;0;100;0;100;0;0;0;0;0;0;100;100;0;0;0;0;;;;;
2_2022;0.00;0;0;0;0;0;0;100;0;0;0;0;0;0;100;100;0;0;0;0;100;0;0;0;0;0;100;100;0;0;0;0;0;0;0;0;0;0;100;0;0;0;0;0;0;0;100;0;0;0;0;0;0;0;0;0;0;0;100;0;0;0;0;0;0;0;100;0;0;0;0;0;0;0;0;100;0;0;0;0;0;0;0;0;0;0;0;0;100;0;100;0;0;96.42857143;0;0;0;0;0;0;0;0;100;100;0;0;0;0;100;100;0;0;0;100;0;0;0;0;0;0;0;0;0;100;0;0;0;0;100;100;0;0;0;0;0;0;0;0;0;0;0;0;0;0;0;0;0;0;0;0;100;0;0;0;0;0;0;0;100;100;0;0;0;0;0;0;0;0;0;0;0;100;0;0;0;0;0;0;0;100;100;100;100;100;0;0;0;0;0;0;0;0;100;100;0;100;0;0;0;0;50;100;100;100;0;0;0;0;0;0;0;0;0;0;0;0;0;0;0;0;0;0;0;0;0;0;0;0;0;0;0;0;0;0;0;0;0;0;0;0;0;0;0;0;0;0;0;0;0;0;100;100;0;0;0;0;0;0;100;0;0;0;0;0;0;0;0;0;0;0;0;0;0;0;0;0;0;0;0;0;100;0;100;0;0;0;0;0;0;100;100;0;0;0;0;;;;;
3_2022;0.00;0;0;0;0;0;0;100;0;0;0;0;0;0;100;100;0;0;0;0;100;0;0;0;0;0;100;100;0;0;0;0;0;0;0;0;0;0;100;0;0;0;0;0;0;0;100;0;0;0;0;0;0;0;0;0;0;0;100;0;0;0;0;0;0;0;100;0;0;0;0;0;0;0;0;100;0;0;0;0;0;0;0;0;0;0;0;0;100;0;100;0;0;100;0;0;0;0;0;0;0;0;100;100;0;0;0;0;100;100;0;0;0;100;0;0;0;0;0;0;0;0;0;100;0;0;0;0;100;100;0;0;0;0;0;0;0;0;0;0;0;0;0;0;0;0;0;0;0;0;100;0;0;0;0;0;0;0;100;100;0;0;0;0;0;0;0;0;0;0;0;100;0;0;0;0;0;0;0;100;100;100;100;100;0;0;0;0;0;0;0;0;100;100;0;100;0;0;0;0;100;100;100;100;0;0;0;0;0;0;0;0;0;0;0;0;0;0;0;0;0;0;0;0;0;0;0;0;0;0;0;0;0;0;0;0;0;0;0;0;0;0;0;0;0;0;0;0;0;0;100;100;0;0;0;0;0;0;100;0;0;0;0;0;0;0;0;0;0;0;0;0;0;0;0;0;0;0;0;0;100;0;100;0;0;0;0;0;0;100;100;0;0;0;0;;;;;
4_2022;0.00;0;0;0;0;0;0;100;0;0;0;0;0;0;100;76.66666667;0;0;0;0;100;0;0;0;0;0;100;100;0;0;0;0;0;0;0;0;0;0;100;0;0;0;0;0;0;0;100;0;0;0;0;0;0;0;0;0;0;0;100;0;0;0;0;0;0;0;100;0;0;0;0;0;0;0;0;100;0;0;0;0;0;0;0;0;0;0;0;0;100;0;100;0;0;100;0;0;0;0;0;0;0;0;90;100;0;0;0;0;100;100;0;0;0;100;0;0;0;0;0;0;0;0;0;100;0;0;0;0;100;100;0;0;0;0;0;0;0;0;0;0;0;0;0;0;0;0;0;0;0;0;100;0;0;0;0;0;0;0;100;100;0;0;0;0;0;0;0;0;0;0;0;100;0;0;0;0;0;0;0;100;100;100;100;100;0;0;0;0;0;0;0;0;100;100;0;100;0;0;0;0;100;80;100;100;0;0;0;0;0;0;0;0;0;0;0;0;0;0;0;0;0;0;0;0;0;0;0;0;0;0;0;0;0;0;0;0;0;0;0;0;0;0;0;0;0;0;0;0;0;0;100;100;0;0;0;0;0;0;93.33333333;0;0;0;0;0;0;0;0;0;0;0;0;0;0;0;0;0;0;0;0;0;100;0;100;0;0;0;0;0;0;100;100;0;0;0;0;;;;;
5_2022;0.00;0;0;0;0;0;0;100;0;0;0;0;0;0;100;100;0;0;0;0;100;0;0;0;0;0;100;100;0;0;0;0;0;0;0;0;0;0;100;0;0;0;0;0;0;0;100;0;0;0;0;0;0;0;0;0;0;0;100;0;0;0;0;0;0;0;100;0;0;0;0;0;0;0;0;100;0;0;0;0;0;0;0;0;0;0;0;0;100;0;100;0;0;100;0;0;0;0;0;0;0;0;100;100;0;0;0;0;100;100;0;0;0;100;0;0;0;0;0;0;0;0;0;100;0;0;0;0;100;100;0;0;0;0;0;0;0;0;0;0;0;0;0;0;0;0;0;0;0;0;100;0;0;0;0;0;0;0;100;100;0;0;0;0;0;0;0;0;0;0;0;100;0;0;0;0;0;0;0;100;100;100;100;100;0;0;0;0;0;0;0;0;100;100;0;100;0;0;0;0;100;100;100;100;0;0;0;0;0;0;0;0;0;0;0;0;0;0;0;0;0;0;0;0;0;0;0;0;0;0;0;0;0;0;0;0;0;0;0;0;0;0;0;0;0;0;0;0;0;0;100;100;0;0;0;0;0;0;100;0;0;0;0;0;0;0;0;0;0;0;0;0;0;0;0;0;0;0;0;0;100;0;100;0;0;0;0;0;0;100;100;0;0;0;0;;;;;
6_2022;0.00;0;0;0;0;0;0;100;0;0;0;0;0;0;100;100;0;0;0;0;100;0;0;0;0;0;100;100;0;0;0;0;0;0;0;0;0;0;100;0;0;0;0;0;0;0;100;0;0;0;0;0;0;0;0;0;0;0;100;0;0;0;0;0;0;0;100;0;0;0;0;0;0;0;0;100;0;0;0;0;0;0;0;0;0;0;0;0;100;0;100;0;0;100;0;0;0;0;0;0;0;0;100;100;0;0;0;0;100;100;0;0;0;100;0;0;0;0;0;0;0;0;0;100;0;0;0;0;100;100;0;0;0;0;0;0;0;0;0;0;0;0;0;0;0;0;0;0;0;0;100;0;0;0;0;0;0;0;100;100;0;0;0;0;0;0;0;0;0;0;0;100;0;0;0;0;0;0;0;100;100;100;100;100;0;0;0;0;0;0;0;0;100;100;0;100;0;0;0;0;100;100;100;100;0;0;0;0;0;0;0;0;0;0;0;0;0;0;0;0;0;0;0;0;0;0;0;0;0;0;0;0;0;0;0;0;0;0;0;0;0;0;0;0;0;0;0;0;0;0;100;100;0;0;0;0;0;0;100;0;0;0;0;0;0;0;0;0;0;0;0;0;0;0;0;0;0;0;0;0;100;0;100;0;0;0;0;0;0;100;100;0;0;0;0;;;;;
7_2022;0.00;0;0;0;0;0;0;100;0;0;0;0;0;0;100;100;0;0;0;0;100;0;0;0;0;0;100;100;0;0;0;0;0;0;0;0;0;0;100;0;0;0;0;0;0;0;100;0;0;0;0;0;0;0;0;0;0;0;100;0;0;0;0;0;0;0;100;0;0;0;0;0;0;0;0;100;0;0;0;0;0;0;0;0;0;0;0;0;100;0;100;0;0;100;0;0;0;0;0;0;0;0;100;90.32258065;0;0;0;0;100;100;0;0;0;100;0;0;0;0;0;0;0;0;0;100;0;0;0;0;100;100;0;0;0;0;0;0;0;0;0;0;0;0;0;0;0;0;0;0;0;0;100;0;0;0;0;0;0;0;100;100;0;0;0;0;0;0;0;0;0;0;0;100;0;0;0;0;0;0;0;100;100;100;100;100;0;0;0;0;0;0;0;0;100;100;0;100;0;0;0;0;100;100;100;100;0;0;0;0;0;0;0;0;0;0;0;0;0;0;0;0;0;0;0;0;0;0;0;0;0;0;0;0;0;0;0;0;0;0;0;0;0;0;0;0;0;0;0;0;0;0;100;100;0;0;0;0;0;0;100;0;0;0;0;0;0;0;0;0;0;0;0;0;0;0;0;0;0;0;0;0;100;0;100;0;0;0;0;0;0;100;0;0;0;0;0;;;;;
8_2022;0.00;0;0;0;0;0;0;100;0;0;0;0;0;0;100;100;0;0;0;0;100;0;0;0;0;0;100;100;0;0;0;0;0;0;0;0;0;0;100;0;0;0;0;0;0;0;100;0;0;0;0;0;0;0;0;0;0;0;100;0;0;0;0;0;0;0;100;0;0;0;0;0;0;0;0;100;0;0;0;0;0;0;0;0;0;0;0;0;100;0;100;0;0;100;0;0;0;0;0;0;0;0;100;100;0;0;0;0;100;100;0;0;0;100;0;0;0;0;0;0;0;0;0;100;0;0;0;0;100;100;0;0;0;0;0;0;0;0;0;0;0;0;0;0;0;0;0;0;0;0;100;0;0;0;0;0;0;0;100;100;0;0;0;0;0;0;0;0;0;0;0;100;0;0;0;0;0;0;0;100;100;100;100;100;0;0;0;0;0;0;0;0;100;100;0;100;0;0;0;0;100;100;100;100;0;0;0;0;0;0;0;0;0;0;0;0;0;0;0;0;0;0;0;0;0;0;0;0;0;0;0;0;0;0;0;0;0;0;0;0;0;0;0;0;0;0;0;0;0;0;100;100;0;0;0;0;0;0;100;0;0;0;0;0;0;0;0;0;0;0;0;0;0;0;0;0;0;0;0;0;100;0;100;0;0;0;0;0;0;100;0;0;0;0;0;;;;;
9_2022;0.00;0;0;0;0;0;0;100;0;0;0;0;0;0;100;100;0;0;0;0;100;0;0;0;0;0;100;0;0;0;0;0;0;0;0;0;0;0;100;0;0;0;0;0;0;0;100;0;0;0;0;0;0;0;0;0;0;0;100;0;0;0;0;0;0;0;100;0;0;0;0;0;0;0;0;16.66666667;0;0;0;0;0;0;0;0;0;0;0;0;100;0;100;0;0;100;0;0;0;0;0;0;0;0;100;100;0;0;0;0;100;100;0;0;0;100;0;0;0;0;0;0;0;0;0;100;0;0;0;0;100;100;0;0;0;0;0;0;0;0;0;0;0;0;0;0;0;0;0;0;0;0;100;0;0;0;0;0;0;0;100;100;0;0;0;0;0;0;0;0;0;0;0;100;0;0;0;0;0;0;0;100;100;100;100;100;0;0;0;0;0;0;0;0;100;100;0;100;0;0;0;0;100;100;100;100;0;0;0;0;0;0;0;0;0;0;0;0;0;0;0;0;0;0;0;0;0;0;0;0;0;0;0;0;0;0;0;0;0;0;0;0;0;0;0;0;0;0;0;0;0;0;100;100;0;0;0;0;0;0;96.66666667;0;0;0;0;0;0;0;0;0;0;0;0;0;0;0;0;0;0;0;0;0;100;0;100;0;0;0;0;0;0;100;100;0;0;0;0;;;;;
10_2022;0.00;0;0;0;0;0;0;100;0;0;0;0;0;0;100;100;0;0;0;0;100;0;0;0;0;0;100;0;0;0;0;0;0;0;0;0;0;0;100;0;0;0;0;0;0;0;100;0;0;0;0;0;0;0;0;0;0;0;100;0;0;0;0;0;0;0;100;0;0;0;0;0;0;0;0;3.225806452;0;0;0;0;0;0;0;0;0;0;0;0;100;0;100;0;0;100;0;0;0;0;0;0;0;0;100;100;0;0;0;0;100;100;0;0;0;100;0;0;0;0;0;0;0;0;0;100;0;0;0;0;100;100;0;0;0;0;0;0;0;0;0;0;0;0;0;0;0;0;0;0;0;0;100;0;0;0;0;0;0;0;100;100;0;0;0;0;0;0;0;0;0;0;0;100;0;0;0;0;0;0;0;100;100;100;100;100;0;0;0;0;0;0;0;0;100;100;0;100;0;0;0;0;100;100;100;100;0;0;0;0;0;0;0;0;0;0;0;0;0;0;0;0;0;0;0;0;0;0;0;0;0;0;0;0;0;0;0;0;0;0;0;0;0;0;0;0;0;0;0;0;0;0;100;100;0;0;0;0;0;0;100;0;0;0;0;0;0;0;0;0;0;0;0;0;0;0;0;0;0;0;0;0;100;0;100;0;0;0;0;0;0;100;100;0;0;0;0;;;;;
11_2022;0.00;0;0;0;0;0;0;96.66666667;0;0;0;0;0;0;100;100;0;0;0;0;100;0;0;0;0;0;0;0;0;0;0;0;0;0;0;0;0;0;100;0;0;0;0;0;0;0;100;0;0;0;0;0;0;0;0;0;0;0;100;0;0;0;0;0;0;0;100;0;0;0;0;0;0;0;0;3.333333333;0;0;0;0;0;0;0;0;0;0;0;0;100;0;100;0;0;100;0;0;0;0;0;0;0;0;100;100;0;0;0;0;100;100;0;0;0;100;0;0;0;0;0;0;0;0;0;100;0;0;0;0;100;100;0;0;0;0;0;0;0;0;0;0;0;0;0;0;0;0;0;0;0;0;100;0;0;0;0;0;0;0;100;100;0;0;0;0;0;0;0;0;0;0;0;100;0;0;0;0;0;0;0;100;93.33333333;100;100;100;0;0;0;0;0;0;0;0;100;100;0;100;0;0;0;0;100;100;100;100;0;0;0;0;0;0;0;0;0;0;0;0;0;0;0;0;0;0;0;0;0;0;0;0;0;0;0;0;0;0;0;0;0;0;0;0;0;0;0;0;0;0;0;0;0;0;100;100;0;0;0;0;0;0;93.33333333;0;0;0;0;0;0;0;0;0;0;0;0;0;0;0;0;0;0;0;0;0;100;0;100;0;0;0;0;0;0;100;100;0;0;0;0;;;;;
12_2022;0.00;0;0;0;0;0;0;100;0;0;0;0;0;0;100;100;0;0;0;0;100;0;0;0;0;0;0;0;0;0;0;0;0;0;0;0;0;0;100;0;0;0;0;0;0;0;100;0;0;0;0;0;0;0;0;0;0;0;100;0;0;0;0;0;0;0;100;0;0;0;0;0;0;0;0;3.225806452;0;0;0;0;0;0;0;0;0;0;0;0;100;0;100;0;0;100;0;0;0;0;0;0;0;0;100;96.77419355;0;0;0;0;100;100;0;0;0;100;0;0;0;0;0;0;0;0;0;100;0;0;0;0;100;96.77419355;0;0;0;0;0;0;0;0;0;0;0;0;0;0;0;0;0;0;0;0;100;0;0;0;0;0;0;0;100;100;0;0;0;0;0;0;0;0;0;0;0;100;0;0;0;0;0;0;0;100;100;100;100;100;0;0;0;0;0;0;0;0;100;100;0;100;0;0;0;0;100;100;100;100;0;0;0;0;0;0;0;0;0;0;0;0;0;0;0;0;0;0;0;0;0;0;0;0;0;0;0;0;0;0;0;0;0;0;0;0;0;0;0;0;0;0;0;0;0;0;100;100;0;0;0;0;0;0;100;0;0;0;0;0;0;0;0;0;0;0;0;0;0;0;0;0;0;0;0;0;100;0;100;0;0;0;0;0;0;100;100;0;0;0;0;;;;;
1_2023;0.00;0;0;0;0;0;0;100;0;0;0;0;0;0;100;100;0;0;0;0;100;0;0;0;0;0;100;0;0;0;0;0;0;0;0;0;0;0;100;0;0;0;0;0;0;0;100;0;0;0;0;0;0;0;0;0;0;0;100;0;0;0;0;0;0;0;100;0;0;0;0;0;0;0;0;3.225806452;0;0;0;0;0;0;0;0;0;0;0;0;100;0;100;0;0;100;0;0;0;0;0;0;0;0;93.5483871;90.32258065;0;0;0;0;100;100;0;0;0;100;0;0;0;0;0;0;0;0;0;100;0;0;0;0;100;100;0;0;0;0;0;0;0;0;0;0;0;0;0;0;0;0;0;0;0;0;90.32258065;0;0;0;0;0;0;0;100;100;0;0;0;0;0;0;0;0;0;0;0;100;0;0;0;0;0;0;0;100;100;100;100;100;0;0;0;0;0;0;0;0;100;100;0;100;0;0;0;0;100;100;100;100;0;0;0;0;0;0;0;0;0;0;0;0;0;0;0;0;0;0;0;0;0;0;0;0;0;0;0;0;0;0;0;0;0;0;0;0;0;0;0;0;0;0;0;0;0;0;100;100;0;0;0;0;0;0;90.32258065;0;0;0;0;0;0;0;0;0;0;0;0;0;0;0;0;0;0;0;0;0;100;0;61.29032258;0;0;0;0;0;0;100;100;0;0;0;0;;;;;
2_2023;0.00;0;0;0;0;0;0;100;0;0;0;0;0;0;100;100;0;0;0;0;100;0;0;0;0;0;100;0;0;0;0;0;0;0;0;0;0;0;100;0;0;0;0;0;0;0;100;0;0;0;0;0;0;0;0;0;0;0;100;0;0;0;0;0;0;0;96.42857143;0;0;0;0;0;0;0;0;3.571428571;0;0;0;0;0;0;0;0;0;0;0;0;100;0;100;0;0;100;0;0;0;0;0;0;0;0;100;100;0;0;0;0;100;100;0;0;0;100;0;0;0;0;0;0;0;0;0;100;0;0;0;0;100;100;0;0;0;0;0;0;0;0;0;0;0;0;0;0;0;0;0;0;0;0;100;0;0;0;0;0;0;0;100;100;0;0;0;0;0;0;0;0;0;0;100;100;0;0;0;0;0;0;0;100;100;100;100;100;0;0;0;0;0;0;0;0;100;100;0;100;0;0;0;0;100;100;100;100;0;0;0;0;0;0;0;0;0;0;0;0;0;0;0;0;0;0;0;0;0;0;0;0;0;0;0;0;0;0;0;0;0;0;0;0;0;0;0;0;0;0;0;0;0;0;100;100;0;0;0;0;0;0;100;0;0;0;0;0;0;0;0;0;0;0;0;0;0;0;0;0;0;0;0;0;100;0;100;0;0;0;0;0;0;100;100;0;0;0;0;;;;;
3_2023;0.00;0;0;0;0;0;0;100;0;0;0;0;0;0;100;100;0;0;0;0;100;0;0;0;0;0;100;0;0;0;0;0;0;0;0;0;0;0;100;0;0;0;0;0;0;0;100;0;0;0;0;0;0;0;0;0;0;0;100;0;0;0;0;0;0;0;90.32258065;0;0;0;0;0;0;0;0;3.225806452;0;0;0;0;0;0;0;0;0;0;0;0;100;0;100;0;0;100;0;0;0;0;0;0;0;0;100;100;0;0;0;0;100;100;0;0;0;100;0;0;0;0;0;0;0;0;0;100;0;0;0;0;100;100;0;0;0;0;0;0;0;0;0;0;0;0;0;0;0;0;0;0;0;0;100;0;0;0;0;0;0;0;100;100;0;0;0;0;0;0;0;0;0;0;0;100;0;0;0;0;0;0;0;100;100;100;100;100;0;0;0;0;0;0;0;0;100;100;0;100;0;0;0;0;100;100;100;100;0;0;0;0;0;0;0;0;0;0;0;0;0;0;0;0;0;0;0;0;0;0;0;0;0;0;0;0;0;0;0;0;0;0;0;0;0;0;0;0;0;0;0;0;0;0;100;100;0;0;0;0;0;0;100;0;0;0;0;0;0;0;0;0;0;0;0;0;0;0;0;0;0;0;0;0;100;0;100;0;0;0;0;0;0;100;100;0;0;0;0;;;;;
4_2023;0.00;0;0;0;0;0;0;100;0;0;0;0;0;0;100;100;0;0;0;0;100;0;0;0;0;0;100;0;0;0;0;0;0;0;0;0;0;0;100;0;0;0;0;0;0;0;100;0;0;0;0;0;0;0;0;0;0;0;100;0;0;0;0;0;0;0;100;0;0;0;0;0;0;0;0;100;0;0;0;0;0;0;0;0;0;0;0;0;100;0;100;0;0;100;0;0;0;0;0;0;0;0;100;100;0;0;0;0;100;100;0;0;0;100;0;0;0;0;0;0;0;0;0;100;0;0;0;0;100;96.66666667;0;0;0;0;0;0;0;0;0;0;0;0;0;0;0;0;0;0;0;0;100;0;0;0;0;0;0;0;100;100;0;0;0;0;0;0;0;0;0;0;0;100;0;0;0;0;0;0;0;100;100;100;100;100;0;0;0;0;0;0;0;0;100;100;0;100;0;0;0;0;100;100;100;100;0;0;0;0;0;0;0;0;0;0;0;0;0;0;0;0;0;0;0;0;0;0;0;0;0;0;0;0;0;0;0;0;0;0;0;0;0;0;0;0;0;0;0;0;0;0;100;100;0;0;0;0;0;0;100;0;0;0;0;0;0;0;0;0;0;0;0;0;0;0;0;0;0;0;0;0;100;0;100;0;0;0;0;0;0;100;100;0;0;0;0;;;;;
5_2023;0.00;0;0;0;0;0;0;100;0;0;0;0;0;0;100;100;0;0;0;0;100;0;0;0;0;0;100;0;0;0;0;0;0;0;0;0;0;0;100;0;0;0;0;0;0;0;100;0;0;0;0;0;0;0;0;0;0;0;100;0;0;0;0;0;0;0;100;0;0;0;0;0;0;0;0;3.225806452;0;0;0;0;0;0;0;0;0;0;0;0;100;0;100;0;0;100;0;0;0;0;0;0;0;0;100;100;0;0;0;0;100;100;0;0;0;100;0;0;0;0;0;0;0;0;0;100;0;0;0;0;100;100;0;0;0;0;0;0;0;0;0;0;0;0;0;0;0;0;0;0;0;0;100;0;0;0;0;0;0;0;100;100;0;0;0;0;0;0;0;0;0;0;0;100;0;0;0;0;0;0;0;100;100;100;100;100;0;0;0;0;0;0;0;0;100;100;0;100;0;0;0;0;100;100;100;100;0;0;0;0;0;0;0;0;0;0;0;0;0;0;0;0;0;0;0;0;0;0;0;0;0;0;0;0;0;0;0;0;0;0;0;0;0;0;0;0;0;0;0;0;0;0;100;100;0;0;0;0;0;0;100;0;0;0;0;0;0;0;0;0;0;0;0;0;0;0;0;0;0;0;0;0;100;0;100;0;0;0;0;0;0;100;100;0;0;0;0;;;;;
6_2023;0.00;0;0;0;0;0;0;100;0;0;0;0;0;0;100;100;0;0;0;0;100;0;0;0;0;0;100;0;0;0;0;0;0;0;0;0;0;0;100;0;0;0;0;0;0;0;100;0;0;0;0;0;0;0;0;0;0;0;100;0;0;0;0;0;0;0;100;0;0;0;0;0;0;0;0;0;0;0;0;0;0;0;0;0;0;0;0;0;100;0;100;0;0;100;0;0;0;0;0;0;0;0;100;100;0;0;0;0;100;100;0;0;0;100;0;0;0;0;0;0;0;0;0;100;0;0;0;0;100;100;0;0;0;0;0;0;0;0;0;0;0;0;0;0;0;0;0;0;0;0;100;0;0;0;0;0;0;0;100;100;0;0;0;0;0;0;0;0;0;0;0;100;0;0;0;0;0;0;0;100;100;100;100;100;0;0;0;0;0;0;0;0;100;100;0;100;0;0;0;0;100;100;100;100;0;0;0;0;0;0;0;0;0;0;0;0;0;0;0;0;0;0;0;0;0;0;0;0;0;0;0;0;0;0;0;0;0;0;0;0;0;0;0;0;0;0;0;0;0;0;100;100;0;0;0;0;0;0;100;0;0;0;0;0;0;0;0;0;0;0;0;0;0;0;0;0;0;0;0;0;100;0;100;0;0;0;0;0;0;100;100;0;0;0;0;;;;;
7_2023;0.00;0;0;0;0;0;0;100;0;0;0;0;0;0;100;100;0;0;0;0;100;0;0;0;0;0;100;0;0;0;0;0;0;0;0;0;0;0;100;0;0;0;0;0;0;0;100;0;0;0;0;0;0;0;0;0;0;0;100;0;0;0;0;0;0;0;100;0;0;0;0;0;0;0;0;3.225806452;0;0;0;0;0;0;0;0;0;0;0;0;100;0;100;0;0;100;0;0;0;0;0;0;0;0;100;100;0;0;0;0;100;100;0;0;0;100;0;0;0;0;0;0;0;0;0;100;0;0;0;0;100;100;0;0;0;0;0;0;0;0;0;0;0;0;0;0;0;0;0;0;0;0;100;0;0;0;0;0;0;0;100;100;0;0;0;0;0;0;0;0;0;0;0;100;0;0;0;0;0;0;0;100;100;100;100;100;0;0;0;0;0;0;0;0;100;100;0;100;0;0;0;0;100;100;100;100;0;0;0;0;0;0;0;0;0;0;0;0;0;0;0;0;0;0;0;0;0;0;0;0;0;0;0;0;0;0;0;0;0;0;0;0;0;0;0;0;0;0;0;0;0;0;100;100;0;0;0;0;0;0;100;0;0;0;0;0;0;0;0;0;0;0;0;0;0;0;0;0;0;0;0;0;100;0;100;0;0;0;0;0;0;100;100;0;0;0;0;;;;;
8_2023;0.00;0;0;0;0;0;0;100;0;0;0;0;0;0;100;100;0;0;0;0;100;0;0;0;0;0;100;0;0;0;0;0;0;0;0;0;0;0;100;0;0;0;0;0;0;0;100;0;0;0;0;0;0;0;0;0;0;0;100;0;0;0;0;0;0;0;100;0;0;0;0;0;0;0;0;3.225806452;0;0;0;0;0;0;0;0;0;0;0;0;100;0;100;0;0;100;0;0;0;0;0;0;0;0;93.5483871;100;0;0;0;0;100;100;0;0;0;100;0;0;0;0;0;0;0;0;0;100;0;0;0;0;100;100;0;0;0;0;0;0;0;0;0;0;0;0;0;0;0;0;0;0;0;0;100;0;0;0;0;0;0;0;100;100;0;0;0;0;0;0;0;0;0;0;0;100;0;0;0;0;0;0;0;100;100;100;100;100;0;0;0;0;0;0;0;0;100;100;0;100;0;0;0;0;100;100;100;100;0;0;0;0;0;0;0;0;0;0;0;0;0;0;0;0;0;0;0;0;0;0;0;0;0;0;0;0;0;0;0;0;0;0;0;0;0;0;0;0;0;0;0;0;0;0;100;100;0;0;0;0;0;0;100;0;0;0;0;0;0;0;0;0;0;0;0;0;0;0;0;0;0;0;0;0;100;0;100;0;0;0;0;0;0;100;100;0;0;0;0;;;;;
9_2023;0.00;0;0;0;0;0;0;100;0;0;0;0;0;0;100;100;0;0;0;0;100;0;0;0;0;0;100;0;0;0;0;0;0;0;0;0;0;0;100;0;0;0;0;0;0;0;100;0;0;0;0;0;0;0;0;0;0;0;100;0;0;0;0;0;0;0;100;0;0;0;0;0;0;0;0;0;0;0;0;0;0;0;0;0;0;0;0;0;100;0;100;0;0;100;0;0;0;0;0;0;0;0;100;100;0;0;0;0;100;100;0;0;0;100;0;0;0;0;0;0;0;0;0;100;0;0;0;0;100;100;0;0;0;0;0;0;0;0;0;0;0;0;0;0;0;0;0;0;0;0;100;0;0;0;0;0;0;0;100;100;0;0;0;0;0;0;0;0;0;0;0;100;0;0;0;0;0;0;0;100;100;100;100;100;0;0;0;0;0;0;0;0;100;100;0;100;0;0;0;0;100;100;100;100;0;0;0;0;0;0;0;0;0;0;0;0;0;0;0;0;0;0;0;0;0;0;0;0;0;0;0;0;0;0;0;0;0;0;0;0;0;0;0;0;0;0;0;0;0;0;100;100;0;0;0;0;0;0;100;0;0;0;0;0;0;0;0;0;0;0;0;0;0;0;0;0;0;0;0;0;100;0;100;0;0;0;0;0;0;100;100;0;0;0;0;;;;;
10_2023;0.00;0;0;0;0;0;0;100;0;0;0;0;0;0;100;100;0;0;0;0;100;0;0;0;0;0;100;0;0;0;0;0;0;0;0;0;0;0;100;0;0;0;0;0;0;0;100;0;0;0;0;0;0;0;0;0;0;0;100;0;0;0;0;0;0;0;100;0;0;0;0;0;0;0;0;3.225806452;0;0;0;0;0;0;0;0;0;0;0;0;100;0;100;0;0;100;0;0;0;0;0;0;0;0;100;100;0;0;0;0;100;100;0;0;0;100;0;0;0;0;0;0;0;0;0;100;0;0;0;0;100;100;0;0;0;0;0;0;0;0;0;0;0;0;0;0;0;0;0;0;0;0;100;0;0;0;0;0;0;0;100;100;0;0;0;0;0;0;0;0;0;0;0;100;0;0;0;0;0;0;0;100;100;100;100;100;0;0;0;0;0;0;0;0;100;100;0;100;0;0;0;0;100;100;100;100;0;0;0;0;0;0;0;0;0;0;0;0;0;0;0;0;0;0;0;0;0;0;0;0;0;0;0;0;0;0;0;0;0;0;0;0;0;0;0;0;0;0;0;0;0;0;100;100;0;0;0;0;0;0;100;0;0;0;0;0;0;0;0;0;0;0;0;0;0;0;0;0;0;0;0;0;100;0;100;0;0;0;0;0;0;100;100;0;0;0;0;;;;;
11_2023;0.00;0;0;0;0;0;0;100;0;0;0;0;0;0;100;100;0;0;0;0;100;0;0;0;0;0;100;0;0;0;0;0;0;0;0;0;0;0;100;0;0;0;0;0;0;0;100;0;0;0;0;0;0;0;0;0;0;0;100;0;0;0;0;0;0;0;100;0;0;0;0;0;0;0;0;43.33333333;0;0;0;0;0;0;0;0;0;0;0;0;100;0;100;0;0;100;0;0;0;0;0;0;0;0;96.66666667;100;0;0;0;0;100;100;0;0;0;100;0;0;0;0;0;0;0;0;0;100;0;0;0;0;100;100;0;0;0;0;0;0;0;0;0;0;0;0;0;0;0;0;0;0;0;0;100;0;0;0;0;0;0;0;96.66666667;100;0;0;0;0;0;0;0;0;0;0;0;100;0;0;0;0;0;0;0;100;100;100;100;100;0;0;0;0;0;0;0;0;100;100;0;100;0;0;0;0;100;100;100;100;0;0;0;0;0;0;0;0;0;0;0;0;0;0;0;0;0;0;0;0;0;0;0;0;0;0;0;0;0;0;0;0;0;0;0;0;0;0;0;0;0;0;0;0;0;0;100;100;0;0;0;0;0;0;100;0;0;0;0;0;0;0;0;0;0;0;0;0;0;0;0;0;0;0;0;0;100;0;96.66666667;0;0;0;0;0;0;100;100;0;0;0;0;;;;;
12_2023;0.00;0;0;0;0;0;0;100;0;0;0;0;0;0;100;100;0;0;0;0;100;0;0;0;0;0;100;0;0;0;0;0;0;0;0;0;0;0;100;0;0;0;0;0;0;0;100;0;0;0;0;0;0;0;0;0;0;0;100;0;0;0;0;0;0;0;100;0;0;0;0;0;0;0;0;100;0;0;0;0;0;0;0;0;0;0;0;0;100;0;100;0;0;100;0;0;0;0;0;0;0;0;100;100;0;0;0;0;100;100;0;0;0;100;0;0;0;0;0;0;0;0;0;100;0;0;0;0;100;100;0;0;0;0;0;0;0;0;0;0;0;0;0;0;0;0;0;0;0;0;100;0;0;0;0;0;0;0;100;100;0;0;0;0;0;0;0;0;0;0;0;100;0;0;0;0;0;0;0;100;100;100;100;100;0;0;0;0;0;0;0;0;100;100;0;100;0;0;0;0;100;87.09677419;100;100;0;0;0;0;0;0;0;0;0;0;0;0;0;0;0;0;0;0;0;0;0;0;0;0;0;0;0;0;0;0;0;0;0;0;0;0;0;0;0;0;0;0;0;0;0;0;100;100;0;0;0;0;0;0;100;0;0;0;0;0;0;0;0;0;0;0;0;0;0;0;0;0;0;0;0;0;100;0;100;0;0;0;0;0;0;100;100;0;0;0;0;;;;;
1_2024;0.00;0;0;0;0;0;0;100;0;0;0;0;0;0;100;100;0;0;0;0;100;0;0;0;0;0;100;3.225806452;0;0;0;0;0;0;0;0;0;0;100;0;0;0;0;0;0;0;100;0;0;0;0;0;0;0;0;0;0;0;100;0;0;0;0;0;0;0;100;0;0;0;0;0;0;0;0;100;0;0;0;0;0;0;0;0;0;0;0;0;100;0;100;0;0;100;0;0;0;0;0;0;0;0;100;96.77419355;0;0;0;0;100;100;0;0;0;100;0;0;0;0;0;0;0;0;0;100;0;0;0;0;100;100;0;0;0;0;0;0;0;0;0;0;0;0;0;0;0;0;0;0;0;0;100;0;0;0;0;0;0;0;100;100;0;0;0;0;0;0;0;0;0;0;0;100;0;0;0;0;0;0;0;100;90.32258065;100;100;100;0;0;0;0;0;0;0;0;100;100;0;100;0;0;0;0;100;100;83.87096774;100;0;0;0;0;0;0;0;0;100;0;0;0;0;0;0;0;0;0;0;0;0;0;0;0;0;0;0;0;0;0;0;0;0;0;0;0;0;0;0;0;0;0;0;0;0;0;100;100;0;0;0;0;0;0;100;0;0;0;0;0;0;0;0;0;0;0;0;0;0;0;0;0;0;0;0;0;100;0;80.64516129;0;0;0;0;0;0;100;100;100;0;0;0;;;;;
2_2024;0.00;0;0;0;0;0;0;100;0;0;0;0;0;0;100;100;0;0;0;0;100;100;0;0;0;0;96.55172414;0;0;0;0;0;0;0;0;0;0;0;100;0;0;0;0;0;0;0;100;0;0;0;0;0;0;0;0;0;0;0;100;0;0;0;0;0;0;0;100;0;0;0;0;0;0;0;0;100;0;0;0;0;0;0;0;0;0;0;0;0;100;0;100;0;0;100;0;0;0;0;0;0;0;0;100;100;0;0;0;0;100;100;0;0;100;100;0;0;0;0;0;0;0;0;0;100;0;0;0;0;100;100;0;0;0;0;0;0;0;0;0;0;0;0;0;0;0;0;0;0;0;0;100;0;0;0;0;0;0;0;100;100;0;0;0;0;0;0;0;0;0;0;0;100;0;0;0;0;0;0;0;100;100;100;100;100;0;0;0;0;0;0;0;0;100;100;0;100;0;0;0;0;100;100;100;100;0;100;100;0;0;0;0;0;100;0;0;0;0;0;0;0;0;0;0;0;0;0;0;0;0;0;0;0;0;0;0;0;0;0;0;0;0;0;0;0;0;0;0;0;0;0;100;100;0;0;0;0;0;0;100;0;0;0;0;0;0;0;0;0;0;0;0;0;0;0;0;0;0;0;0;0;100;0;31.03448276;0;0;0;0;0;0;100;100;100;0;0;0;;;;;
3_2024;0.00;0;0;0;0;0;0;100;0;0;0;0;0;0;100;100;0;0;0;0;100;100;0;0;0;0;100;3.225806452;0;0;0;0;0;0;0;0;0;0;100;0;0;0;0;0;0;0;100;0;0;0;0;0;0;0;0;0;0;0;100;0;0;0;0;0;0;0;100;0;0;0;0;0;0;0;0;100;0;0;0;0;0;0;0;0;0;0;0;0;100;0;100;0;0;100;0;0;0;0;0;0;0;0;100;100;0;0;0;0;100;100;0;0;100;100;0;0;0;0;0;0;0;0;0;100;0;0;0;0;100;100;100;0;0;0;0;0;0;0;0;0;0;0;0;0;0;0;0;0;0;0;100;0;0;0;0;0;0;0;100;100;0;0;0;0;0;0;0;0;0;0;0;100;0;0;0;0;0;0;0;100;100;100;100;100;0;0;0;0;0;0;0;0;100;100;0;100;0;0;0;0;100;100;100;100;0;100;100;0;0;0;0;0;100;0;0;0;0;0;0;0;0;0;0;0;0;0;0;0;0;0;0;0;0;0;0;0;0;0;0;0;0;0;0;0;0;0;0;0;0;0;100;100;0;0;0;0;0;0;100;0;0;0;0;0;0;0;0;0;0;0;0;0;0;0;0;0;0;0;0;0;100;0;100;0;0;0;0;0;0;100;100;100;0;0;0;;;;;
4_2024;0.00;0;0;0;0;0;0;100;0;0;0;0;0;0;100;100;0;0;0;0;100;100;0;0;0;0;100;0;0;0;0;0;0;0;0;0;0;0;100;0;0;0;0;0;0;0;96.66666667;0;0;0;0;0;0;0;0;0;0;0;100;0;0;0;0;0;0;0;100;0;0;0;0;0;0;0;0;100;0;0;0;0;0;0;0;0;0;0;0;0;100;0;100;0;0;100;0;0;0;0;0;0;0;0;100;100;0;0;0;0;100;96.66666667;0;0;100;100;0;0;0;0;0;0;0;0;0;100;0;0;0;0;100;100;100;0;0;0;0;0;0;0;0;0;0;0;0;0;0;0;0;0;0;0;100;0;0;0;0;0;0;0;100;100;0;0;0;0;0;0;0;0;0;0;0;100;0;0;0;0;0;0;0;100;100;100;100;100;0;0;0;0;0;0;0;0;100;100;0;100;0;0;0;0;100;100;100;100;0;100;100;0;0;0;0;0;100;0;0;0;0;0;0;0;0;0;0;0;0;0;0;0;0;0;0;0;0;0;0;0;0;0;0;0;0;0;0;0;0;0;0;0;0;0;100;100;0;0;0;0;0;0;100;0;0;0;0;0;0;0;0;0;0;0;0;0;0;0;0;0;0;0;0;0;100;0;100;0;0;0;0;0;0;100;100;100;0;0;0;;;;;
5_2024;0.00;0;0;0;0;0;0;100;0;0;0;0;0;0;100;100;0;0;0;0;100;100;0;0;0;0;100;3.225806452;0;0;0;0;0;0;0;0;0;0;100;0;0;0;0;0;0;0;100;0;0;0;0;0;0;0;0;0;0;0;100;0;0;0;0;0;0;0;100;0;0;0;0;0;0;0;0;100;0;0;0;0;0;0;0;0;0;0;0;0;100;0;100;0;0;100;0;0;0;0;0;0;0;0;100;100;0;0;0;0;100;100;0;0;100;100;0;0;0;0;0;0;0;0;0;100;0;0;0;0;100;100;100;0;0;0;0;0;0;0;0;0;0;0;0;0;0;0;0;0;0;0;100;0;0;0;0;0;0;0;100;100;0;0;0;0;0;0;0;0;0;0;0;100;0;0;0;0;0;0;0;100;100;100;100;100;0;0;0;0;0;0;0;0;100;100;0;100;0;0;0;0;100;100;100;100;0;100;100;0;0;0;0;0;100;0;0;0;0;0;0;0;0;0;0;0;0;0;0;0;0;0;0;0;0;0;0;0;0;0;0;0;0;0;0;0;0;0;0;0;0;0;100;100;0;0;0;0;0;0;100;0;0;0;0;0;0;0;0;0;0;0;0;0;0;0;0;0;0;0;0;0;100;0;100;0;0;0;0;0;0;100;100;100;0;0;0;;;;;
6_2024;0.00;0;0;0;0;0;0;100;0;0;0;0;0;0;100;100;0;0;0;0;100;100;0;0;0;0;100;0;0;0;0;0;0;0;0;0;0;0;100;0;0;0;0;0;0;0;100;0;0;0;0;0;0;0;0;0;0;0;100;0;0;0;0;0;0;0;100;0;0;0;0;0;0;0;0;100;0;0;0;0;0;0;0;0;0;0;0;0;100;0;100;0;0;100;0;0;0;0;0;0;0;0;100;100;0;0;0;0;100;100;0;0;100;100;0;0;0;0;0;0;0;0;0;100;0;0;0;0;100;100;100;0;0;0;0;0;0;0;0;0;0;0;0;0;0;0;0;0;0;0;100;0;0;0;0;0;0;0;100;100;0;0;0;0;0;0;0;0;0;0;0;100;0;0;0;0;0;0;0;100;100;100;100;100;0;0;0;0;0;0;0;0;100;100;0;100;0;0;0;0;100;100;100;100;0;100;100;0;0;0;0;0;100;0;0;0;0;0;0;0;0;0;0;0;0;0;0;0;0;0;0;0;0;0;0;0;0;0;0;0;0;0;0;0;0;0;0;0;0;0;100;100;0;0;0;0;0;0;100;0;0;0;0;0;0;0;0;0;0;0;0;0;0;0;0;0;0;0;0;0;100;0;100;0;0;0;0;0;0;100;100;100;0;0;0;;;;;
7_2024;0.00;0;0;0;0;0;0;100;0;0;0;0;0;0;100;100;0;0;0;0;100;100;0;0;0;0;100;3.225806452;0;0;0;0;0;0;0;0;0;0;100;0;0;0;0;0;0;0;100;0;0;0;0;0;0;0;0;0;0;0;100;0;0;0;0;0;0;0;100;0;0;0;0;0;0;0;0;100;0;0;0;0;0;0;0;0;0;0;0;0;100;0;100;0;0;100;0;0;0;0;0;0;0;0;100;100;0;0;0;0;100;100;0;0;100;100;0;0;0;0;0;0;0;0;0;100;0;0;0;0;100;100;100;0;0;0;0;0;0;0;0;0;0;0;0;0;0;0;0;0;0;0;100;0;0;0;0;0;0;0;100;100;0;0;0;0;0;0;0;0;0;0;0;100;0;0;0;0;0;0;0;100;100;100;100;100;0;0;0;0;0;0;0;0;100;100;0;100;0;0;0;0;100;100;100;100;0;100;100;0;0;0;0;0;0;0;0;0;0;0;0;0;0;0;0;0;0;0;0;0;0;0;0;0;0;0;0;0;0;0;0;0;0;0;0;0;0;0;0;0;0;0;100;100;0;0;0;0;0;0;100;0;0;0;0;0;0;0;0;0;0;0;0;0;0;0;0;0;0;0;0;0;100;0;100;0;0;0;0;0;0;100;100;100;0;0;0;;;;;
8_2024;0.00;0;0;0;0;0;0;100;0;0;0;0;0;0;100;100;0;0;0;0;100;100;0;0;0;0;100;3.225806452;0;0;0;0;0;0;0;0;0;0;100;0;0;0;0;0;0;0;100;0;0;0;0;0;0;0;0;0;0;0;100;0;0;0;0;0;0;0;100;0;0;0;0;0;0;0;0;100;0;0;0;0;0;0;0;0;0;0;0;0;100;0;100;0;0;100;0;0;0;0;0;0;0;0;100;100;0;0;0;0;100;100;0;0;0;100;0;0;0;0;0;0;0;0;0;100;0;0;0;0;100;100;100;0;0;0;0;0;0;0;0;0;0;0;0;0;0;0;0;0;0;0;100;0;0;0;0;0;0;0;100;100;0;0;0;0;0;0;0;0;0;0;0;100;0;0;0;0;0;0;0;100;100;100;100;100;0;0;0;0;0;0;0;0;100;100;0;100;0;0;0;0;100;100;100;100;0;0;0;0;0;0;0;0;0;0;0;0;0;0;0;0;0;0;0;0;0;0;0;0;0;0;0;0;0;0;0;0;0;0;0;0;0;0;0;0;0;0;0;0;0;0;100;100;0;0;0;0;0;0;100;0;0;0;0;0;0;0;0;0;0;0;0;0;0;0;0;0;0;0;0;0;100;0;100;0;0;0;0;0;0;100;3.225806452;100;0;0;0;;;;;
9_2024;0.00;0;0;0;0;0;0;100;0;0;0;0;0;0;100;100;0;0;0;0;100;0;0;0;0;0;100;0;0;0;0;0;0;0;0;0;0;0;100;0;0;0;0;0;0;0;100;0;0;0;0;0;0;0;0;0;0;0;100;0;0;0;0;0;0;0;100;0;0;0;0;0;0;0;0;100;0;0;0;0;0;0;0;0;0;0;0;0;100;0;100;0;0;100;0;0;0;0;0;0;0;0;100;100;0;0;0;0;100;100;0;0;0;100;0;0;0;0;0;0;0;0;0;100;0;0;0;0;100;100;0;0;0;0;0;0;0;0;0;0;0;0;0;0;0;0;0;0;0;0;100;0;0;0;0;0;0;0;100;100;0;0;0;0;0;0;0;0;0;0;0;100;0;0;0;0;0;0;0;100;100;100;100;100;0;0;0;0;0;0;0;0;100;100;0;100;0;0;0;0;100;100;100;100;0;0;0;0;0;0;0;0;0;0;0;0;0;0;0;0;0;0;0;0;0;0;0;0;0;0;0;0;0;0;0;0;0;0;0;0;0;0;0;0;0;0;0;0;0;0;100;100;0;0;0;0;0;0;100;0;0;0;0;0;0;0;0;0;0;0;0;0;0;0;0;0;0;0;0;0;100;0;100;0;0;0;0;0;0;100;0;100;0;0;0;;;;;
10_2024;0.00;0;0;0;0;0;0;100;0;0;0;0;0;0;100;100;0;0;0;0;100;0;0;0;0;0;100;3.225806452;0;0;0;0;0;0;0;0;0;0;100;0;0;0;0;0;0;0;100;0;0;0;0;0;0;0;0;0;0;0;100;0;0;0;0;0;0;0;100;0;0;0;0;0;0;0;0;100;0;0;0;0;0;0;0;0;0;0;0;0;100;0;100;0;0;100;0;0;0;0;0;0;0;0;100;100;0;0;0;0;100;100;0;0;0;100;0;0;0;0;0;0;0;0;0;100;0;0;0;0;100;100;0;0;0;0;0;0;0;0;0;0;0;0;0;0;0;0;0;0;0;0;100;0;0;0;0;0;0;0;100;100;0;0;0;0;0;0;0;0;0;0;0;100;0;0;0;0;0;0;0;100;100;100;100;100;0;0;0;0;0;0;0;0;100;100;0;100;0;0;0;0;100;100;100;87.09677419;0;0;0;0;0;0;0;0;0;0;0;0;0;0;0;0;0;0;0;0;0;0;0;0;0;0;0;0;0;0;0;0;0;0;0;0;0;0;0;0;0;0;0;0;0;0;100;100;0;0;0;0;0;0;100;0;0;0;0;0;0;0;0;0;0;0;0;0;0;0;0;0;0;0;0;0;100;0;100;0;0;0;0;0;0;100;100;100;0;0;0;;;;;
11_2024;0.00;0;0;0;0;0;0;100;0;0;0;0;0;0;100;100;0;0;0;0;100;0;0;0;0;0;100;0;0;0;0;0;0;0;0;0;0;0;100;0;0;0;0;0;0;0;100;0;0;0;0;0;0;0;0;0;0;0;100;0;0;0;0;0;0;0;83.33333333;0;0;0;0;0;0;0;0;100;0;0;0;0;0;0;0;0;0;0;0;0;100;0;100;0;0;96.66666667;0;0;0;0;0;0;0;0;100;96.66666667;0;0;0;0;100;100;0;0;0;100;0;0;0;0;0;0;0;0;0;100;0;0;0;0;100;96.66666667;0;0;0;0;0;0;0;0;0;0;0;0;0;0;0;0;0;0;0;0;100;0;0;0;0;0;0;0;100;100;0;0;0;0;0;0;0;0;0;0;0;100;0;0;0;0;0;0;0;100;93.33333333;100;100;100;0;0;0;0;0;0;0;0;100;100;0;100;0;0;0;0;100;100;100;100;0;0;0;0;0;0;0;0;0;0;0;0;0;0;0;0;0;0;0;0;0;0;0;0;0;0;0;0;0;0;0;0;0;0;0;0;0;0;0;0;0;0;0;0;0;0;100;100;0;0;0;0;0;0;93.33333333;0;0;0;0;0;0;0;0;0;0;0;0;0;0;0;0;0;0;0;0;0;100;0;100;0;0;0;0;0;0;100;100;0;0;0;0;;;;;
12_2024;0.00;0;0;0;0;0;0;100;0;0;0;0;0;0;100;100;0;0;0;0;100;0;0;0;0;0;100;3.225806452;0;0;0;0;0;0;0;0;0;0;100;0;0;0;0;0;0;0;100;0;0;0;0;0;0;0;0;0;0;0;100;0;0;0;0;0;0;0;100;0;0;0;0;0;0;0;0;100;0;0;0;0;0;0;0;0;0;0;0;0;100;0;100;0;0;100;0;0;0;0;0;0;0;0;100;100;0;0;0;0;100;100;0;0;0;100;0;0;0;0;0;0;0;0;0;100;0;0;0;0;100;96.77419355;0;0;0;0;0;0;0;0;0;0;0;0;0;0;0;0;0;0;0;0;100;0;0;0;0;0;0;0;100;100;0;0;0;0;0;0;0;0;0;0;0;100;0;0;0;0;0;0;0;100;100;100;100;100;0;0;0;0;0;0;0;0;100;100;0;100;0;0;0;0;100;100;100;100;0;0;0;0;0;0;0;0;0;0;0;0;0;0;0;0;0;0;0;0;0;0;0;0;0;0;0;0;0;0;0;0;0;0;0;0;0;0;0;0;0;0;0;0;0;0;100;100;0;0;0;0;0;0;100;0;0;0;0;0;0;0;0;0;0;0;0;0;0;0;0;0;0;0;0;0;100;0;100;0;0;0;0;0;0;100;12.90322581;0;0;0;0;;;;;
1_2025;0.00;0;0;0;0;0;0;100;0;0;0;0;0;0;100;100;0;0;0;0;100;0;0;0;0;0;100;100;0;0;0;0;0;0;0;0;0;0;100;0;0;0;0;0;0;0;100;0;0;0;0;0;0;0;0;0;0;0;100;0;0;0;0;0;0;0;0;0;0;0;0;0;0;0;0;100;0;0;0;0;0;0;0;0;0;0;0;0;100;0;100;0;0;100;0;0;0;0;0;0;0;0;100;90.32258065;0;0;0;0;100;100;0;0;0;100;0;0;0;0;0;0;0;0;0;100;0;0;0;0;100;100;0;0;0;0;0;0;0;0;0;0;0;0;0;0;0;0;0;0;0;0;100;0;0;0;0;0;0;0;100;100;0;0;0;0;0;0;0;0;0;0;0;96.77419355;0;0;0;0;0;0;0;100;96.77419355;100;100;100;0;0;0;0;0;0;0;0;100;100;0;100;0;0;0;0;100;96.77419355;100;100;0;0;0;0;0;0;0;0;0;0;0;0;0;0;0;0;0;0;0;0;0;0;0;0;0;0;0;0;0;0;0;0;0;0;0;0;0;0;0;0;0;0;0;0;0;0;100;100;0;0;0;0;0;0;100;0;0;0;0;0;0;0;0;0;0;0;0;0;0;0;0;0;0;0;0;0;100;0;51.61290323;0;0;0;0;0;0;100;100;0;0;0;0;;;;;
2_2025;0.00;0;0;0;0;0;0;100;0;0;0;0;0;0;100;100;0;0;0;0;100;0;0;0;0;0;100;100;0;0;0;0;0;0;0;0;0;0;100;0;0;0;0;0;0;0;100;0;0;0;0;0;0;0;0;0;0;0;100;0;0;0;0;0;0;0;0;0;0;0;0;0;0;0;0;100;0;0;0;0;0;0;0;0;0;0;0;0;100;0;100;0;0;100;0;0;0;0;0;0;0;0;100;100;0;0;0;0;100;100;0;0;0;100;0;0;0;0;0;0;0;0;0;100;0;0;0;0;100;100;0;0;0;0;0;0;0;0;0;0;0;0;0;0;0;0;0;0;0;0;100;0;0;0;0;0;0;0;100;100;0;0;0;0;0;0;0;0;0;0;0;100;0;0;0;0;0;0;0;100;100;100;100;100;0;0;0;0;0;0;0;0;100;100;0;100;0;0;0;0;100;100;100;100;0;0;0;0;0;0;0;0;0;0;0;0;0;0;0;0;0;0;0;0;0;0;0;0;0;0;0;0;0;0;0;0;0;0;0;0;0;0;0;0;0;0;0;0;0;0;100;100;0;0;0;0;0;0;100;0;0;0;0;0;0;0;0;0;0;0;0;0;0;0;0;0;0;0;0;0;100;0;67.85714286;0;0;0;0;0;0;100;100;0;0;0;0;;;;;
3_2025;0.00;0;0;0;0;0;0;100;0;0;0;0;0;0;100;100;0;0;0;0;100;0;0;0;0;0;100;100;0;0;0;0;0;0;0;0;0;0;100;0;0;0;0;0;0;0;100;0;0;0;0;0;0;0;0;0;0;0;100;0;0;0;0;0;0;0;0;0;0;0;0;0;0;0;0;100;0;0;0;0;0;0;0;0;0;0;0;0;100;0;100;0;0;100;0;0;0;0;0;0;0;0;96.77419355;100;0;0;0;0;100;100;0;0;0;100;0;0;0;0;0;0;0;0;0;100;0;0;0;0;100;96.77419355;0;0;0;0;0;0;0;0;0;0;0;0;0;0;0;0;0;0;0;0;100;0;0;0;0;0;0;0;100;100;0;0;0;0;0;0;0;0;0;0;0;100;0;0;0;0;0;0;0;100;100;100;100;100;0;0;0;0;0;0;0;0;100;100;0;100;0;0;0;0;96.77419355;100;100;100;0;0;0;0;0;0;0;0;0;0;0;0;0;0;0;0;0;0;0;0;0;0;0;0;0;0;0;0;0;0;0;0;0;0;0;0;0;0;0;0;0;0;0;0;0;0;100;100;0;0;0;0;0;0;100;0;0;0;0;0;0;0;0;0;0;0;0;0;0;0;0;0;0;0;0;0;100;0;100;0;0;0;0;0;0;100;100;0;0;0;0;;;;;
4_2025;0.00;0;0;0;0;0;0;100;0;0;0;0;0;0;100;100;0;0;0;0;100;0;0;0;0;0;100;100;0;0;0;0;0;0;0;0;0;0;100;0;0;0;0;0;0;0;100;0;0;0;0;0;0;0;0;0;0;0;100;0;0;0;0;0;0;0;0;0;0;0;0;0;0;0;0;100;0;0;0;0;0;0;0;0;0;0;0;0;100;0;100;0;0;100;0;0;0;0;0;0;0;0;100;100;0;0;0;0;100;100;0;0;0;100;0;0;0;0;0;0;0;0;0;100;0;0;0;0;100;100;0;0;0;0;0;0;0;0;0;0;0;0;0;0;0;0;0;0;0;0;100;0;0;0;0;0;0;0;100;100;0;0;0;0;0;0;0;0;0;0;0;86.66666667;0;0;0;0;0;0;0;100;96.66666667;100;100;100;0;0;0;0;0;0;0;0;100;100;0;100;0;0;0;0;100;100;100;100;0;0;0;0;0;0;0;0;0;0;0;0;0;0;0;0;0;0;0;0;0;0;0;0;0;0;0;0;0;0;0;0;0;0;0;0;0;0;0;0;0;0;0;0;0;0;100;100;0;0;0;0;0;0;100;0;0;0;0;0;0;0;0;0;0;0;0;0;0;0;0;0;0;0;0;0;100;0;100;0;0;0;0;0;0;100;100;0;0;0;0;;;;;
5_2025;0.00;0;0;0;0;0;0;100;0;0;0;0;0;0;100;100;0;0;0;0;100;0;0;0;0;0;100;100;0;0;0;0;0;0;0;0;0;0;100;0;0;0;0;0;0;0;100;0;0;0;0;0;0;0;0;0;0;0;100;0;0;0;0;0;0;0;0;0;0;0;0;0;0;0;0;100;0;0;0;0;0;0;0;0;0;0;0;0;100;0;100;0;0;100;0;0;0;0;0;0;0;0;100;100;0;0;0;0;100;100;0;0;0;32.25806452;0;0;0;0;0;0;0;0;0;100;0;0;0;0;100;100;0;0;0;0;0;0;0;0;0;0;0;0;0;0;0;0;0;0;0;0;100;0;0;0;0;0;0;0;100;100;0;0;0;0;0;0;0;0;0;0;0;100;0;0;0;0;0;0;0;100;100;100;100;100;0;0;0;0;0;0;0;0;100;100;0;100;0;0;0;0;100;100;100;100;0;0;0;0;0;0;0;0;0;0;0;0;0;0;0;0;0;0;0;0;0;0;0;0;0;0;0;0;0;0;0;0;0;0;0;0;0;0;0;0;0;0;0;0;0;0;100;100;0;0;0;0;0;0;100;0;0;0;0;0;0;0;0;0;0;0;0;0;0;0;0;0;0;0;0;0;100;0;100;0;0;0;0;0;0;100;3.225806452;0;0;0;0;;;;;
6_2025;0.00;0;0;0;0;0;0;100;0;0;0;0;0;0;100;100;0;0;0;0;100;0;0;0;0;0;100;100;0;0;0;0;0;0;0;0;0;0;100;0;0;0;0;0;0;0;100;0;0;0;0;0;0;0;0;0;0;0;100;0;0;0;0;0;0;0;0;0;0;0;0;0;0;0;0;100;0;0;0;0;0;0;0;0;0;0;0;0;100;0;100;0;0;100;0;0;0;0;0;0;0;0;100;100;0;0;0;0;100;100;0;0;0;100;0;0;0;0;0;0;0;0;0;100;0;0;0;0;100;0;0;0;0;0;0;0;0;0;0;0;0;0;0;0;0;0;0;0;0;0;100;0;0;0;0;0;0;0;100;96.66666667;0;0;0;0;0;0;0;0;0;0;0;100;0;0;0;0;0;0;0;100;100;100;100;100;0;0;0;0;0;0;0;0;100;100;0;100;0;0;0;0;100;100;100;100;0;0;0;0;0;0;0;0;0;0;0;0;0;0;0;0;0;0;0;0;0;0;0;0;0;0;0;0;0;0;0;0;0;0;0;0;0;0;0;0;0;0;0;0;0;0;100;100;0;0;0;0;0;0;100;0;0;0;0;0;0;0;0;0;0;0;0;0;0;0;0;0;0;0;0;0;100;0;100;0;0;0;0;0;0;100;0;0;0;0;0;;;;;
7_2025;0.00;0;0;0;0;0;0;100;0;0;0;0;0;0;100;100;0;0;0;0;100;0;0;0;0;0;100;100;0;0;0;0;0;0;0;0;0;0;100;0;0;0;0;0;0;0;100;0;0;0;0;0;0;0;0;0;0;0;100;0;0;0;0;0;0;0;0;0;0;0;0;0;0;0;0;100;0;0;0;0;0;0;0;0;0;0;0;0;100;0;100;0;0;100;0;0;0;0;0;0;0;0;100;100;0;0;0;0;100;100;0;0;0;100;0;0;0;0;0;0;0;0;0;100;0;0;0;0;100;0;0;0;0;0;0;0;0;0;0;0;0;0;0;0;0;0;0;0;0;0;100;0;0;0;0;0;0;0;100;100;0;0;0;0;0;0;0;0;0;0;0;100;0;0;0;0;0;0;0;100;100;100;100;100;0;0;0;0;0;0;0;0;100;100;0;100;0;0;0;0;100;100;100;100;0;0;0;0;0;0;0;0;0;0;0;0;0;0;0;0;0;0;0;0;0;0;0;0;0;0;0;0;0;0;0;0;0;0;0;0;0;0;0;0;0;0;0;0;0;0;100;100;0;0;0;0;0;0;100;0;0;0;0;0;0;0;0;0;0;0;0;0;0;0;0;0;0;0;0;0;100;0;100;0;0;0;0;0;0;100;3.225806452;0;0;0;0;;;;;
8_2025;0.00;0;0;0;0;0;0;100;0;0;0;0;0;0;100;100;0;0;0;0;100;0;0;0;0;0;100;100;0;0;0;0;0;0;0;0;0;0;100;0;0;0;0;0;0;0;100;0;0;0;0;0;0;0;0;0;0;0;100;0;0;0;0;0;0;0;0;0;0;0;0;0;0;0;0;100;0;0;0;0;0;0;0;0;0;0;0;0;100;0;100;0;0;100;0;0;0;0;0;0;0;0;100;100;0;0;0;0;100;100;0;0;0;100;0;0;0;0;0;0;0;0;0;100;0;0;0;0;100;0;0;0;0;0;0;0;0;0;0;0;0;0;0;0;0;0;0;0;0;0;100;0;0;0;0;0;0;0;100;100;0;0;0;0;0;0;0;0;0;0;0;100;0;0;0;0;0;0;0;100;100;100;100;100;0;0;0;0;0;0;0;0;100;100;0;100;0;0;0;0;100;100;100;100;0;0;0;0;0;0;0;0;0;0;0;0;0;0;0;0;0;0;0;0;0;0;0;0;0;0;0;0;0;0;0;0;0;0;0;0;0;0;0;0;0;0;0;0;0;0;100;100;0;0;0;0;0;0;100;0;0;0;0;0;0;0;0;0;0;0;0;0;0;0;0;0;0;0;0;0;100;0;100;0;0;0;0;0;0;100;3.225806452;0;0;0;0;;;;;
9_2025;0.00;0;0;0;0;0;0;100;0;0;0;0;0;0;100;100;0;0;0;0;100;0;0;0;0;0;100;100;0;0;0;0;0;0;0;0;0;0;100;0;0;0;0;0;0;0;100;0;0;0;0;0;0;0;0;0;0;0;100;0;0;0;0;0;0;0;0;0;0;0;0;0;0;0;0;100;0;0;0;0;0;0;0;0;0;0;0;0;100;0;100;0;0;100;0;0;0;0;0;0;0;0;100;100;0;0;0;0;100;100;0;0;0;100;0;0;0;0;0;0;0;0;0;100;0;0;0;0;100;0;0;0;0;0;0;0;0;0;0;0;0;0;0;0;0;0;0;0;0;0;100;0;0;0;0;0;0;0;100;100;0;0;0;0;0;0;0;0;0;0;0;100;0;0;0;0;0;0;0;100;100;100;100;100;0;0;0;0;0;0;0;0;100;100;0;100;0;0;0;0;100;100;100;100;0;0;0;0;0;0;0;0;0;0;0;0;0;0;0;0;0;0;0;0;0;0;0;0;0;0;0;0;0;0;0;0;0;0;0;0;0;0;0;0;0;0;0;0;0;0;100;100;0;0;0;0;0;0;100;0;0;0;0;0;0;0;0;0;0;0;0;0;0;0;0;0;0;0;0;0;100;0;100;0;0;0;0;0;0;100;100;0;0;0;0;;;;;
10_2025;0.00;0;0;0;0;0;0;100;0;0;0;0;0;0;100;100;0;0;0;0;100;0;0;0;0;0;100;100;0;0;0;0;0;0;0;0;0;0;100;0;0;0;0;0;0;0;100;0;0;0;0;0;0;0;0;0;0;0;100;0;0;0;0;0;0;0;0;0;0;0;0;0;0;0;0;100;0;0;0;0;0;0;0;0;0;0;0;0;100;0;100;0;0;100;0;0;0;0;0;0;0;0;100;100;0;0;0;0;100;100;0;0;0;0;0;0;0;0;0;0;0;0;0;100;0;0;0;0;100;0;0;0;0;0;0;0;0;0;0;0;0;0;0;0;0;0;0;0;0;0;100;0;0;0;0;0;0;0;100;100;0;0;0;0;0;0;0;0;0;0;0;100;0;0;0;0;0;0;0;100;100;100;100;100;0;0;0;0;0;0;0;0;100;100;0;100;0;0;0;0;100;100;100;100;0;0;0;0;0;0;0;0;0;0;0;0;0;0;0;0;0;0;0;0;0;0;0;0;0;0;0;0;0;0;0;0;0;0;0;0;0;0;0;0;0;0;0;0;0;0;100;100;0;0;0;0;0;0;100;0;0;0;0;0;0;0;0;0;0;0;0;0;0;0;0;0;0;0;0;0;100;0;100;0;0;0;0;0;0;100;100;0;0;0;0;;;;;
11_2025;0.00;0;0;0;0;0;0;100;0;0;0;0;0;0;100;100;0;0;0;0;96.66666667;0;0;0;0;0;100;100;0;0;0;0;0;0;0;0;0;0;100;0;0;0;0;0;0;0;100;0;0;0;0;0;0;0;0;0;0;0;100;0;0;0;0;0;0;0;0;0;0;0;0;0;0;0;0;100;0;0;0;0;0;0;0;0;0;0;0;0;100;0;100;0;0;100;0;0;0;0;0;0;0;0;93.33333333;100;0;0;0;0;100;100;0;0;0;0;0;0;0;0;0;0;0;0;0;100;0;0;0;0;100;0;0;0;0;0;0;0;0;0;0;0;0;0;0;0;0;0;0;0;0;0;100;0;0;0;0;0;0;0;100;100;0;0;0;0;0;0;0;0;0;0;0;100;0;0;0;0;0;0;0;100;93.33333333;100;100;100;0;0;0;0;0;0;0;0;100;100;0;100;0;0;0;0;96.66666667;100;100;100;0;0;0;0;0;0;0;0;0;0;0;0;0;0;0;0;0;0;0;0;0;0;0;0;0;0;0;0;0;0;0;0;0;0;0;0;0;0;0;0;0;0;0;0;0;0;100;100;0;0;0;0;0;0;96.66666667;0;0;0;0;0;0;0;0;0;0;0;0;0;0;0;0;0;0;0;0;0;100;0;100;0;0;0;0;0;0;100;100;0;0;0;0;;;;;
12_2025;0.00;0;0;0;0;0;0;100;0;0;0;0;0;0;100;100;0;0;0;0;100;0;0;0;0;0;100;100;0;0;0;0;0;0;0;0;0;0;100;0;0;0;0;0;0;0;100;0;0;0;0;0;0;0;0;0;0;0;100;0;0;0;0;0;0;0;0;0;0;0;0;0;0;0;0;100;0;0;0;0;0;0;0;0;0;0;0;0;100;0;100;0;0;100;0;0;0;0;0;0;0;0;100;100;0;0;0;0;100;100;0;0;0;0;0;0;0;0;0;0;0;0;0;100;0;0;0;0;100;0;0;0;0;0;0;0;0;0;0;0;0;0;0;0;0;0;0;0;0;0;100;0;0;0;0;0;0;0;100;96.77419355;0;0;0;0;0;0;0;0;0;0;0;100;0;0;0;0;0;0;0;100;93.5483871;100;100;100;0;0;0;0;0;0;0;0;100;100;0;100;0;0;0;0;64.51612903;96.77419355;100;100;0;0;0;0;0;0;0;0;0;0;0;0;0;0;0;0;0;0;0;0;0;0;0;0;0;0;0;0;0;0;0;0;0;0;0;0;0;0;0;0;0;0;0;0;0;0;100;100;0;0;0;0;0;0;100;0;0;0;0;0;0;0;0;0;0;0;0;0;0;0;0;0;0;0;0;0;100;0;100;0;0;0;0;0;0;100;100;0;0;0;0;;;;;
1_2026;0.00;0;0;0;0;0;0;100;0;0;0;0;0;0;100;0;0;0;0;0;100;0;0;0;0;0;100;100;0;0;0;0;0;0;0;0;0;0;100;0;0;0;0;0;0;0;100;0;0;0;0;0;0;0;0;0;0;0;100;0;0;0;0;0;0;0;0;0;0;0;0;0;0;0;0;100;0;0;0;0;0;0;0;0;0;0;0;0;100;0;100;0;0;96.77419355;0;0;0;0;0;0;0;0;100;100;0;0;0;0;100;100;0;0;0;0;0;0;0;0;0;0;0;0;0;100;0;0;0;0;100;0;0;0;0;0;0;0;0;0;0;0;0;0;0;0;0;0;0;0;0;0;100;0;0;0;0;0;0;0;100;22.58064516;0;0;0;0;0;0;0;0;0;0;0;100;0;0;0;0;0;0;0;100;100;100;100;100;0;0;0;0;0;0;0;0;100;100;0;100;0;0;0;0;100;100;100;100;0;0;0;0;0;0;0;0;0;0;0;0;0;0;0;0;0;0;0;0;0;0;0;0;0;0;0;0;0;0;0;0;0;0;0;0;0;0;0;0;0;0;0;0;0;0;100;100;0;0;0;0;0;0;100;0;0;0;0;0;0;0;0;0;0;0;0;0;0;0;0;0;0;0;0;0;100;0;51.61290323;0;0;0;0;0;0;100;100;0;0;0;0;;;;;
2_2026;0.00;0;0;0;0;0;0;100;0;0;0;0;0;0;100;0;0;0;0;0;100;0;0;0;0;0;100;100;0;0;0;0;0;0;0;0;0;0;100;0;0;0;0;0;0;0;0;0;0;0;0;0;0;0;0;0;0;0;100;0;0;0;0;0;0;0;0;0;0;0;0;0;0;0;0;100;0;0;0;0;0;0;0;0;0;0;0;0;100;0;100;0;0;96.42857143;0;0;0;0;0;0;0;0;100;96.42857143;0;0;0;0;100;100;0;0;0;0;0;0;0;0;0;0;0;0;0;100;0;0;0;0;100;0;0;0;0;0;0;0;0;0;0;0;0;0;0;0;0;0;0;0;0;0;100;0;0;0;0;0;0;0;100;71.42857143;0;0;0;0;0;0;0;0;0;0;0;71.42857143;0;0;0;0;0;0;0;100;92.85714286;100;100;100;0;0;0;0;0;0;0;0;100;100;0;100;0;0;0;0;64.28571429;100;100;0;0;0;0;0;0;0;0;0;0;0;0;0;0;0;0;0;0;0;0;0;0;0;0;0;0;0;0;0;0;0;0;0;0;0;0;0;0;0;0;0;0;0;0;0;0;0;100;100;0;0;0;0;0;0;100;0;0;0;0;0;0;0;0;0;0;0;0;0;0;0;0;0;0;0;0;0;100;0;100;0;0;0;0;0;0;100;35.71428571;0;0;0;0;;;;;
3_2026;0.00;0;0;0;0;0;0;0;0;0;0;0;0;0;100;0;0;0;0;0;0;0;0;0;0;0;0;0;0;0;0;0;0;0;0;0;0;0;0;0;0;0;0;0;0;0;0;0;0;0;0;0;0;0;0;0;0;0;0;0;0;0;0;0;0;0;0;0;0;0;0;0;0;0;0;0;0;0;0;0;0;0;0;0;0;0;0;0;0;0;0;0;0;0;0;0;0;0;0;0;0;0;0;0;0;0;0;0;0;0;0;0;0;0;0;0;0;0;0;0;0;0;0;100;0;0;0;0;0;0;0;0;0;0;0;0;0;0;0;0;0;0;0;0;0;0;0;0;0;0;0;0;0;0;0;0;0;0;0;0;0;0;0;0;0;0;0;0;0;0;0;0;0;0;0;0;0;0;0;0;0;0;0;0;0;0;0;0;0;0;0;0;0;0;0;0;0;0;0;0;0;0;0;0;0;0;0;0;0;0;0;0;0;0;0;0;0;0;0;0;0;0;0;0;0;0;0;0;0;0;0;0;0;0;0;0;0;0;0;0;0;0;0;0;0;0;0;0;0;0;100;100;0;0;0;0;0;0;0;0;0;0;0;0;0;0;0;0;0;0;0;0;0;0;0;0;0;0;0;0;0;0;0;0;0;0;0;0;0;100;0;0;0;0;0;;;;;
4_2026;0.00;0;0;0;0;0;0;0;0;0;0;0;0;0;100;0;0;0;0;0;0;0;0;0;0;0;0;0;0;0;0;0;0;0;0;0;0;0;0;0;0;0;0;0;0;0;0;0;0;0;0;0;0;0;0;0;0;0;0;0;0;0;0;0;0;0;0;0;0;0;0;0;0;0;0;0;0;0;0;0;0;0;0;0;0;0;0;0;0;0;0;0;0;0;0;0;0;0;0;0;0;0;0;0;0;0;0;0;0;0;0;0;0;0;0;0;0;0;0;0;0;0;0;0;0;0;0;0;0;0;0;0;0;0;0;0;0;0;0;0;0;0;0;0;0;0;0;0;0;0;0;0;0;0;0;0;0;0;0;0;0;0;0;0;0;0;0;0;0;0;0;0;0;0;0;0;0;0;0;0;0;0;0;0;0;0;0;0;0;0;0;0;0;0;0;0;0;0;0;0;0;0;0;0;0;0;0;0;0;0;0;0;0;0;0;0;0;0;0;0;0;0;0;0;0;0;0;0;0;0;0;0;0;0;0;0;0;0;0;0;0;0;0;0;0;0;0;0;0;0;0;0;0;0;0;0;0;0;0;0;0;0;0;0;0;0;0;0;0;0;0;0;0;0;0;0;0;0;0;0;0;0;0;0;0;0;0;0;0;0;0;0;0;0;0;;;;;
5_2026;0.00;0;0;0;0;0;0;0;0;0;0;0;0;0;0;0;0;0;0;0;0;0;0;0;0;0;0;0;0;0;0;0;0;0;0;0;0;0;0;0;0;0;0;0;0;0;0;0;0;0;0;0;0;0;0;0;0;0;0;0;0;0;0;0;0;0;0;0;0;0;0;0;0;0;0;0;0;0;0;0;0;0;0;0;0;0;0;0;0;0;0;0;0;0;0;0;0;0;0;0;0;0;0;0;0;0;0;0;0;0;0;0;0;0;0;0;0;0;0;0;0;0;0;0;0;0;0;0;0;0;0;0;0;0;0;0;0;0;0;0;0;0;0;0;0;0;0;0;0;0;0;0;0;0;0;0;0;0;0;0;0;0;0;0;0;0;0;0;0;0;0;0;0;0;0;0;0;0;0;0;0;0;0;0;0;0;0;0;0;0;0;0;0;0;0;0;0;0;0;0;0;0;0;0;0;0;0;0;0;0;0;0;0;0;0;0;0;0;0;0;0;0;0;0;0;0;0;0;0;0;0;0;0;0;0;0;0;0;0;0;0;0;0;0;0;0;0;0;0;0;0;0;0;0;0;0;0;0;0;0;0;0;0;0;0;0;0;0;0;0;0;0;0;0;0;0;0;0;0;0;0;0;0;0;0;0;0;0;0;0;0;0;0;0;0;;;;;
6_2026;0.00;0;0;0;0;0;0;0;0;0;0;0;0;0;0;0;0;0;0;0;0;0;0;0;0;0;0;0;0;0;0;0;0;0;0;0;0;0;0;0;0;0;0;0;0;0;0;0;0;0;0;0;0;0;0;0;0;0;0;0;0;0;0;0;0;0;0;0;0;0;0;0;0;0;0;0;0;0;0;0;0;0;0;0;0;0;0;0;0;0;0;0;0;0;0;0;0;0;0;0;0;0;0;0;0;0;0;0;0;0;0;0;0;0;0;0;0;0;0;0;0;0;0;0;0;0;0;0;0;0;0;0;0;0;0;0;0;0;0;0;0;0;0;0;0;0;0;0;0;0;0;0;0;0;0;0;0;0;0;0;0;0;0;0;0;0;0;0;0;0;0;0;0;0;0;0;0;0;0;0;0;0;0;0;0;0;0;0;0;0;0;0;0;0;0;0;0;0;0;0;0;0;0;0;0;0;0;0;0;0;0;0;0;0;0;0;0;0;0;0;0;0;0;0;0;0;0;0;0;0;0;0;0;0;0;0;0;0;0;0;0;0;0;0;0;0;0;0;0;0;0;0;0;0;0;0;0;0;0;0;0;0;0;0;0;0;0;0;0;0;0;0;0;0;0;0;0;0;0;0;0;0;0;0;0;0;0;0;0;0;0;0;0;0;0;;;;;
7_2026;0.00;0;0;0;0;0;0;0;0;0;0;0;0;0;0;0;0;0;0;0;0;0;0;0;0;0;0;0;0;0;0;0;0;0;0;0;0;0;0;0;0;0;0;0;0;0;0;0;0;0;0;0;0;0;0;0;0;0;0;0;0;0;0;0;0;0;0;0;0;0;0;0;0;0;0;0;0;0;0;0;0;0;0;0;0;0;0;0;0;0;0;0;0;0;0;0;0;0;0;0;0;0;0;0;0;0;0;0;0;0;0;0;0;0;0;0;0;0;0;0;0;0;0;0;0;0;0;0;0;0;0;0;0;0;0;0;0;0;0;0;0;0;0;0;0;0;0;0;0;0;0;0;0;0;0;0;0;0;0;0;0;0;0;0;0;0;0;0;0;0;0;0;0;0;0;0;0;0;0;0;0;0;0;0;0;0;0;0;0;0;0;0;0;0;0;0;0;0;0;0;0;0;0;0;0;0;0;0;0;0;0;0;0;0;0;0;0;0;0;0;0;0;0;0;0;0;0;0;0;0;0;0;0;0;0;0;0;0;0;0;0;0;0;0;0;0;0;0;0;0;0;0;0;0;0;0;0;0;0;0;0;0;0;0;0;0;0;0;0;0;0;0;0;0;0;0;0;0;0;0;0;0;0;0;0;0;0;0;0;0;0;0;0;0;0;;;;;
8_2026;0.00;0;0;0;0;0;0;0;0;0;0;0;0;0;0;0;0;0;0;0;0;0;0;0;0;0;0;0;0;0;0;0;0;0;0;0;0;0;0;0;0;0;0;0;0;0;0;0;0;0;0;0;0;0;0;0;0;0;0;0;0;0;0;0;0;0;0;0;0;0;0;0;0;0;0;0;0;0;0;0;0;0;0;0;0;0;0;0;0;0;0;0;0;0;0;0;0;0;0;0;0;0;0;0;0;0;0;0;0;0;0;0;0;0;0;0;0;0;0;0;0;0;0;0;0;0;0;0;0;0;0;0;0;0;0;0;0;0;0;0;0;0;0;0;0;0;0;0;0;0;0;0;0;0;0;0;0;0;0;0;0;0;0;0;0;0;0;0;0;0;0;0;0;0;0;0;0;0;0;0;0;0;0;0;0;0;0;0;0;0;0;0;0;0;0;0;0;0;0;0;0;0;0;0;0;0;0;0;0;0;0;0;0;0;0;0;0;0;0;0;0;0;0;0;0;0;0;0;0;0;0;0;0;0;0;0;0;0;0;0;0;0;0;0;0;0;0;0;0;0;0;0;0;0;0;0;0;0;0;0;0;0;0;0;0;0;0;0;0;0;0;0;0;0;0;0;0;0;0;0;0;0;0;0;0;0;0;0;0;0;0;0;0;0;0;;;;;
9_2026;0.00;0;0;0;0;0;0;0;0;0;0;0;0;0;0;0;0;0;0;0;0;0;0;0;0;0;0;0;0;0;0;0;0;0;0;0;0;0;0;0;0;0;0;0;0;0;0;0;0;0;0;0;0;0;0;0;0;0;0;0;0;0;0;0;0;0;0;0;0;0;0;0;0;0;0;0;0;0;0;0;0;0;0;0;0;0;0;0;0;0;0;0;0;0;0;0;0;0;0;0;0;0;0;0;0;0;0;0;0;0;0;0;0;0;0;0;0;0;0;0;0;0;0;0;0;0;0;0;0;0;0;0;0;0;0;0;0;0;0;0;0;0;0;0;0;0;0;0;0;0;0;0;0;0;0;0;0;0;0;0;0;0;0;0;0;0;0;0;0;0;0;0;0;0;0;0;0;0;0;0;0;0;0;0;0;0;0;0;0;0;0;0;0;0;0;0;0;0;0;0;0;0;0;0;0;0;0;0;0;0;0;0;0;0;0;0;0;0;0;0;0;0;0;0;0;0;0;0;0;0;0;0;0;0;0;0;0;0;0;0;0;0;0;0;0;0;0;0;0;0;0;0;0;0;0;0;0;0;0;0;0;0;0;0;0;0;0;0;0;0;0;0;0;0;0;0;0;0;0;0;0;0;0;0;0;0;0;0;0;0;0;0;0;0;0;;;;;
